opcode,symbol,entry,function_count,functions
0x80:0x00,Sys80_00_Srand,sub_487D20,2,4450B0 487D20
0x80:0x01,Sys80_01_Rand,sub_487D40,2,4450D0 487D40
0x80:0x02,Sys80_02_RandMax,sub_487D60,3,4450B0 4450D0 487D60
0x80:0x04,Sys80_04_GetEngineTick,sub_487DB0,3,4450D0 487DB0 498720
0x80:0x05,Sys80_05_QueryPerformanceCounterNs,sub_487DD0,40,42D3B0 42D400 42D560 42D570 42D5B0 42D600 444C60 444C70 444FD0 444FF0 4450B0 4450D0 445190 45E850 45F640 45FFB0 464450 464480 4644C0 464500 464520 464570 4646F0 464980 4649F0 465E30 46B400 46BC80 46DA20 487DD0 48DDD0 48DF50 48ED40 498720 498770 4987C0 498810 498840 498880 4988C0
0x80:0x06,Sys80_06_SetPerformanceProfiling,sub_487E00,6,401600 4450B0 45E480 46F380 487E00 498840
0x80:0x07,Sys80_07_ReadPerformanceMetric,sub_487E20,39,401670 42D3B0 42D400 42D560 42D570 42D5B0 42D600 444C60 444C70 444FD0 444FF0 4450B0 445190 45E850 45F640 45FFB0 464450 464480 4644C0 464500 464520 464570 4646F0 464980 4649F0 465E30 46B400 46BC80 46DA20 487E20 48DDD0 48DF50 48ED40 498720 498770 4987C0 498810 498840 498860
0x80:0x08,Sys80_08_ReadCursorPoint,sub_487E50,14,4450D0 45E580 45E600 45E750 45E880 45E8D0 45F640 461090 4610A0 4610B0 4610C0 46B190 487E50 48E680
0x80:0x09,Sys80_09_QueryPresentationState,sub_487E90,3,4450D0 45FEF0 487E90
0x80:0x0A,Sys80_0A_CopyGraphicsCapabilities,sub_487EB0,36,42D3B0 42D400 42D560 42D570 42D5B0 42D600 444C60 444C70 444FD0 444FF0 4450B0 445190 45E850 45F640 45FFB0 464450 464480 4644C0 464500 464520 464570 4646F0 464980 4649F0 465E30 46B400 46BC80 46DA20 487EB0 48DDD0 48DF50 48ED40 498720 498770 4987C0 498810
0x80:0x0B,Sys80_0B_QueryGraphicsMemoryMetric,sub_487EE0,5,431130 443170 4450D0 461EB0 487EE0
0x80:0x0C,Sys80_0C_GetLocalTime,sub_487F00,36,42D3B0 42D400 42D560 42D570 42D5B0 42D600 444C60 444C70 444FD0 444FF0 4450B0 445190 45E850 45F640 45FFB0 464450 464480 4644C0 464500 464520 464570 4646F0 464980 4649F0 465E30 46B400 46BC80 46DA20 487F00 48DDD0 48DF50 48ED40 498720 498770 4987C0 498810
0x80:0x0D,Sys80_0D_GetPhysicalMemory,sub_487F20,2,4450D0 487F20
0x80:0x0E,Sys80_0E_QueryWindowMinimizeLatch,sub_487FB0,3,4450D0 487FB0 49A240
0x80:0x0F,Sys80_0F_QueryWindowActive,sub_487FD0,3,4450D0 487FD0 49A230
0x80:0x10,Sys80_10_ResetInputConfiguration,sub_487FF0,4,4450B0 46D970 46DA20 487FF0
0x80:0x11,Sys80_11_QueryKeyDown,sub_488010,8,4450B0 4450D0 46D550 46D560 488010 48EBC0 48EE70 49A230
0x80:0x12,Sys80_12_SumInputDescriptorState,sub_488040,38,42D3B0 42D400 42D560 42D570 42D5B0 42D600 444C60 444C70 444FD0 444FF0 4450B0 4450D0 445190 45E850 45F640 45FFB0 464450 464480 4644C0 464500 464520 464570 4646F0 464980 4649F0 465E30 46B400 46BC80 46DA20 46DC70 488040 48DDD0 48DF50 48ED40 498720 498770 4987C0 498810
0x80:0x13,Sys80_13_GetInputMessageSerial,sub_488080,3,4450D0 46E5C0 488080
0x80:0x14,Sys80_14_SetInputMasterGate,sub_4880A0,3,4450B0 46D980 4880A0
0x80:0x15,Sys80_15_SetInputLatchedState,sub_4880C0,3,4450B0 46D990 4880C0
0x80:0x16,Sys80_16_SampleConfiguredInput,sub_4880E0,25,45E850 45F640 45FFB0 464450 464480 4644C0 464500 464520 46BC80 46D550 46D560 46D9A0 46DA20 46DB00 46DB40 4880E0 48EBC0 48ED40 48EE70 497B40 498720 498770 4987C0 498810 49A230
0x80:0x17,Sys80_17_QueryConfiguredInputGate,sub_4880F0,26,4450D0 45E850 45F640 45FFB0 464450 464480 4644C0 464500 464520 46BC80 46D550 46D560 46DA20 46DB00 46DB40 46DE30 4880F0 48EBC0 48ED40 48EE70 497B40 498720 498770 4987C0 498810 49A230
0x80:0x18,Sys80_18_RegisterInputScope,sub_488110,44,4450B0 45E580 45E600 45E750 45E850 45E880 45E8D0 45F640 45FFB0 461090 4610A0 4610B0 4610C0 464450 464480 4644C0 464500 464520 46B190 46BC80 46D550 46D560 46D660 46D6C0 46D720 46D810 46D830 46DA20 46DB00 46DB40 46DC80 46DE30 46DF00 488110 48E680 48EBC0 48ED40 48EE70 497B40 498720 498770 4987C0 498810 49A230
0x80:0x19,Sys80_19_QueryAndUnregisterInputScope,sub_488150,43,4450B0 45E580 45E600 45E750 45E850 45E880 45E8D0 45F640 45FFB0 461090 4610A0 4610B0 4610C0 464450 464480 4644C0 464500 464520 46B190 46BC80 46D550 46D560 46D7A0 46D7B0 46D810 46D830 46DA20 46DB00 46DB40 46DC80 46DE30 46DF00 488150 48E680 48EBC0 48ED40 48EE70 497B40 498720 498770 4987C0 498810 49A230
0x80:0x1A,Sys80_1A_QueryInputEventBits,sub_488190,42,4450B0 4450D0 45E580 45E600 45E750 45E850 45E880 45E8D0 45F640 45FFB0 461090 4610A0 4610B0 4610C0 464450 464480 4644C0 464500 464520 46B190 46BC80 46D550 46D560 46D810 46D830 46DA20 46DB00 46DB40 46DC80 46DE30 46DF00 488190 48E680 48EBC0 48ED40 48EE70 497B40 498720 498770 4987C0 498810 49A230
0x80:0x1B,Sys80_1B_RegisterInputClassDescriptors,sub_4881C0,37,42D3B0 42D400 42D560 42D570 42D5B0 42D600 444C60 444C70 444FD0 444FF0 4450B0 445190 45E850 45F640 45FFB0 464450 464480 4644C0 464500 464520 464570 4646F0 464980 4649F0 465E30 46B400 46BC80 46DA20 46DFA0 4881C0 48DDD0 48DF50 48ED40 498720 498770 4987C0 498810
0x80:0x1C,Sys80_1C_QueryInputClassLevel,sub_488260,5,4450B0 4450D0 46DC70 46E070 488260
0x80:0x1D,Sys80_1D_QueryScopedInputEvent,sub_488290,39,4450B0 4450D0 45E580 45E600 45E750 45E850 45E880 45E8D0 45F640 45FFB0 461090 4610A0 4610B0 4610C0 464450 464480 4644C0 464500 464520 46B190 46BC80 46D550 46D560 46D810 46D830 46DA20 46DB00 46DB40 488290 48E680 48EBC0 48ED40 48EE70 497B40 498720 498770 4987C0 498810 49A230
0x80:0x1E,Sys80_1E_SetMouseButtonMappingMode,sub_4882F0,4,4450B0 4450D0 4882F0 48EE50
0x80:0x1F,Sys80_1F_ConfigureCursorMotion,sub_488320,16,4450B0 45E580 45E600 45E750 45E880 45E8D0 45F640 461090 4610A0 4610B0 4610C0 46B190 488320 48E680 48E780 498720
0x80:0x20,Sys80_20_Alloc,sub_488380,36,42D3B0 42D400 42D560 42D570 42D5B0 42D600 444C60 444FD0 444FF0 4450B0 4450D0 445190 45E850 45F640 45FFB0 464450 464480 4644C0 464500 464520 464570 4646F0 464980 4649F0 465E30 46B400 46BC80 46DA20 488380 48DC70 48ED40 4978F0 498720 498770 4987C0 498810
0x80:0x21,Sys80_21_Free,sub_4883D0,35,42D3B0 42D400 42D560 42D570 42D5B0 42D600 444C60 444FD0 444FF0 4450B0 4450D0 445190 45E850 45F640 45FFB0 464450 464480 4644C0 464500 464520 464570 4646F0 464980 4649F0 465E30 46B400 46BC80 46DA20 4883D0 48DD10 48ED40 498720 498770 4987C0 498810
0x80:0x24,Sys80_24_CountFiles,sub_488450,38,42D3B0 42D400 42D560 42D570 42D5B0 42D600 444C60 444C70 444FD0 444FF0 4450B0 4450D0 445190 45E850 45F640 45FFB0 464450 464480 4644C0 464500 464520 464570 4646F0 464980 4649F0 465E30 466BB0 46B400 46BC80 46DA20 488450 48DDD0 48DF50 48ED40 498720 498770 4987C0 498810
0x80:0x25,Sys80_25_EnumerateFiles,sub_488490,38,42D3B0 42D400 42D560 42D570 42D5B0 42D600 444C60 444C70 444FD0 444FF0 4450B0 4450D0 445190 45E850 45F640 45FFB0 464450 464480 4644C0 464500 464520 464570 4646F0 464980 4649F0 465E30 466BB0 46B400 46BC80 46DA20 488490 48DDD0 48DF50 48ED40 498720 498770 4987C0 498810
0x80:0x26,Sys80_26_EnumerateDirectories,sub_488510,38,42D3B0 42D400 42D560 42D570 42D5B0 42D600 444C60 444C70 444FD0 444FF0 4450B0 4450D0 445190 45E850 45F640 45FFB0 464450 464480 4644C0 464500 464520 464570 4646F0 464980 4649F0 465E30 466F00 46B400 46BC80 46DA20 488510 48DDD0 48DF50 48ED40 498720 498770 4987C0 498810
0x80:0x27,Sys80_27_MoveFile,sub_488560,37,42D3B0 42D400 42D560 42D570 42D5B0 42D600 444C60 444C70 444FD0 444FF0 4450B0 4450D0 445190 45E850 45F640 45FFB0 464450 464480 4644C0 464500 464520 464570 4646F0 464980 4649F0 465E30 46B400 46BC80 46DA20 488560 48DDD0 48DF50 48ED40 498720 498770 4987C0 498810
0x80:0x28,Sys80_28_CreateDirectory,sub_488590,37,42D3B0 42D400 42D560 42D570 42D5B0 42D600 444C60 444C70 444FD0 444FF0 4450B0 4450D0 445190 45E850 45F640 45FFB0 464450 464480 4644C0 464500 464520 464570 4646F0 464980 4649F0 465E30 46B400 46BC80 46DA20 488590 48DDD0 48DF50 48ED40 498720 498770 4987C0 498810
0x80:0x29,Sys80_29_RemoveDirectory,sub_4885C0,37,42D3B0 42D400 42D560 42D570 42D5B0 42D600 444C60 444C70 444FD0 444FF0 4450B0 4450D0 445190 45E850 45F640 45FFB0 464450 464480 4644C0 464500 464520 464570 4646F0 464980 4649F0 465E30 46B400 46BC80 46DA20 4885C0 48DDD0 48DF50 48ED40 498720 498770 4987C0 498810
0x80:0x2A,Sys80_2A_DirectoryExists,sub_4885F0,37,42D3B0 42D400 42D560 42D570 42D5B0 42D600 444C60 444C70 444FD0 444FF0 4450B0 4450D0 445190 45E850 45F640 45FFB0 464450 464480 4644C0 464500 464520 464570 4646F0 464980 4649F0 465E30 46B400 46BC80 46DA20 4885F0 48DDD0 48DF50 48ED40 498720 498770 4987C0 498810
0x80:0x2B,Sys80_2B_SplitPath,sub_488630,38,42D3B0 42D400 42D410 42D560 42D570 42D5B0 42D600 444C60 444C70 444FD0 444FF0 4450B0 4450D0 445190 45E850 45F640 45FFB0 464450 464480 4644C0 464500 464520 464570 4646F0 464980 4649F0 465E30 46B400 46BC80 46DA20 488630 48DDD0 48DF50 48ED40 498720 498770 4987C0 498810
0x80:0x2C,Sys80_2C_GetFileAttributes,sub_4886A0,37,42D3B0 42D400 42D560 42D570 42D5B0 42D600 444C60 444C70 444FD0 444FF0 4450B0 4450D0 445190 45E850 45F640 45FFB0 464450 464480 4644C0 464500 464520 464570 4646F0 464980 4649F0 465E30 46B400 46BC80 46DA20 4886A0 48DDD0 48DF50 48ED40 498720 498770 4987C0 498810
0x80:0x2D,Sys80_2D_SetFileAttributes,sub_4886D0,37,42D3B0 42D400 42D560 42D570 42D5B0 42D600 444C60 444C70 444FD0 444FF0 4450B0 4450D0 445190 45E850 45F640 45FFB0 464450 464480 4644C0 464500 464520 464570 4646F0 464980 4649F0 465E30 46B400 46BC80 46DA20 4886D0 48DDD0 48DF50 48ED40 498720 498770 4987C0 498810
0x80:0x2F,Sys80_2F_CopyFile,sub_488700,37,42D3B0 42D400 42D560 42D570 42D5B0 42D600 444C60 444C70 444FD0 444FF0 4450B0 4450D0 445190 45E850 45F640 45FFB0 464450 464480 4644C0 464500 464520 464570 4646F0 464980 4649F0 465E30 46B400 46BC80 46DA20 488700 48DDD0 48DF50 48ED40 498720 498770 4987C0 498810
0x80:0x30,Sys80_30_ReadFileBytes,sub_488750,87,402030 406720 406A50 406A70 406AF0 406CA0 406D30 406D40 42D3B0 42D400 42D520 42D560 42D570 42D5B0 42D5D0 42D600 42D650 42EA80 42FA80 444C60 444C70 444FD0 444FF0 4450B0 4450D0 445190 4461E0 446750 446780 4467B0 4467C0 4468A0 45E850 45F640 45FFB0 463B60 463D90 463EB0 464450 464480 4644C0 464500 464520 464570 4646F0 464980 4649F0 464B80 4652E0 465320 465580 4656C0 4658B0 4658D0 4659C0 465A20 465AB0 465E30 468FA0 4691A0 4692D0 469460 469710 4697E0 469AB0 469B80 469D50 469EE0 46B400 46BB70 46BB80 46BC80 46DA20 46F6F0 46F710 46F800 488750 48DDD0 48DF50 48ED40 490AE0 4922C0 4922D0 498720 498770 4987C0 498810
0x80:0x31,Sys80_31_ReadFileRange,sub_488790,82,402030 406720 406A50 406A70 406AF0 406CA0 406D30 406D40 42D3B0 42D400 42D520 42D560 42D570 42D5B0 42D5D0 42D600 42D650 42EA80 42FA80 444C60 444C70 444FD0 444FF0 4450B0 4450D0 445190 4461E0 446750 446780 4467B0 4467C0 4468A0 45E850 45F640 45FFB0 463B60 463D90 463EB0 464450 464480 4644C0 464500 464520 464570 4646F0 464980 4649F0 464B80 4652E0 465320 465580 4656C0 4658D0 465C30 465E30 468FA0 4691A0 4692D0 469460 469710 4697E0 469AB0 469B80 469D50 469EE0 46B400 46BB70 46BB80 46BC80 46DA20 46F800 488790 48DDD0 48DF50 48ED40 490AE0 4922C0 4922D0 498720 498770 4987C0 498810
0x80:0x32,Sys80_32_WriteFileBytes,sub_4887F0,37,42D3B0 42D400 42D560 42D570 42D5B0 42D600 444C60 444C70 444FD0 444FF0 4450B0 4450D0 445190 45E850 45F640 45FFB0 464450 464480 4644C0 464500 464520 464570 4646F0 464980 4649F0 465E30 46B400 46BC80 46DA20 4887F0 48DDD0 48DF50 48ED40 498720 498770 4987C0 498810
0x80:0x33,Sys80_33_DeleteFile,sub_488840,37,42D3B0 42D400 42D560 42D570 42D5B0 42D600 444C60 444C70 444FD0 444FF0 4450B0 4450D0 445190 45E850 45F640 45FFB0 464450 464480 4644C0 464500 464520 464570 4646F0 464980 4649F0 465E30 46B400 46BC80 46DA20 488840 48DDD0 48DF50 48ED40 498720 498770 4987C0 498810
0x80:0x34,Sys80_34_FileExists,sub_4888C0,51,406720 406970 406CA0 406D30 406D40 42D3B0 42D400 42D560 42D570 42D5B0 42D600 42EA80 42FA80 444C60 444C70 444FD0 444FF0 4450B0 4450D0 445190 45E850 45F640 45FFB0 464450 464480 4644C0 464500 464520 464570 4646F0 464980 4649F0 464B80 465E30 466400 466430 466440 466550 4665C0 46B400 46BC80 46DA20 46F800 4888C0 48DDD0 48DF50 48ED40 498720 498770 4987C0 498810
0x80:0x35,Sys80_35_FileSize,sub_488900,84,402030 406720 406A50 406A70 406AF0 406CA0 406D30 406D40 42D3B0 42D400 42D520 42D560 42D570 42D5B0 42D5D0 42D600 42D650 42EA80 42FA80 444C60 444C70 444FD0 444FF0 4450B0 4450D0 445190 4461E0 446750 446780 4467B0 4467C0 4468A0 45E850 45F640 45FFB0 463B60 463D90 463EB0 464450 464480 4644C0 464500 464520 464570 4646F0 464980 4649F0 464B80 4652E0 465320 465580 4656C0 4658B0 4658D0 4659C0 465E30 4662E0 468FA0 4691A0 4692D0 469460 469710 4697E0 469AB0 469B80 469D50 469EE0 46B400 46BB70 46BB80 46BC80 46DA20 46F800 488900 48DDD0 48DF50 48ED40 490AE0 4922C0 4922D0 498720 498770 4987C0 498810
0x80:0x36,Sys80_36_SetAdditionalResourceSearch,sub_488940,3,4450B0 465240 488940
0x80:0x37,Sys80_37_PrependResourceSearchPath,sub_488960,37,42D3B0 42D400 42D560 42D570 42D5B0 42D600 444C60 444C70 444FD0 444FF0 4450B0 445190 45E850 45F640 45FFB0 464450 464480 4644C0 464500 464520 464570 4646F0 464980 4649F0 465290 465E30 46B400 46BC80 46DA20 488960 48DDD0 48DF50 48ED40 498720 498770 4987C0 498810
0x80:0x38,Sys80_38_RegisterCompositeArchive,sub_488980,49,406720 406BC0 406C70 406D30 406D40 42D3B0 42D400 42D560 42D570 42D5B0 42D600 42EA80 42FA80 444C60 444C70 444FD0 444FF0 4450B0 4450D0 445190 4455A0 445830 445880 45E850 45F640 45FFB0 464450 464480 4644C0 464500 464520 464570 4646F0 464980 4649F0 465E30 466880 46B400 46BC80 46DA20 488980 48DDD0 48DF50 48DF70 48ED40 498720 498770 4987C0 498810
0x80:0x39,Sys80_39_SetValidatedFileRoot,sub_488A00,38,42D3B0 42D400 42D560 42D570 42D5B0 42D600 444C60 444C70 444FD0 444FF0 4450B0 4450D0 445190 45E850 45F640 45FFB0 464450 464480 4644C0 464500 464520 464570 4646F0 464980 4649F0 465E30 46B390 46B400 46BC80 46DA20 488A00 48DDD0 48DF50 48ED40 498720 498770 4987C0 498810
0x80:0x3A,Sys80_3A_GetSpecialFolder,sub_488A30,45,42D3B0 42D400 42D560 42D570 42D5B0 42D600 444C60 444C70 444FD0 444FF0 4450B0 4450D0 445190 45E850 45F640 45FFB0 464450 464480 4644C0 464500 464520 464570 4646F0 464980 4649F0 465E30 467080 4670E0 467180 4671B0 467260 467500 467570 46B400 46BC80 46DA20 46F800 488A30 48DDD0 48DF50 48ED40 498720 498770 4987C0 498810
0x80:0x3B,Sys80_3B_OpenFileDialog,sub_488A70,39,42D3B0 42D400 42D560 42D570 42D5B0 42D600 444C60 444C70 444FD0 444FF0 4450B0 4450D0 445190 45E850 45F640 45FFB0 464450 464480 4644C0 464500 464520 464570 4646F0 464980 4649F0 465E30 466920 466B10 46B400 46BC80 46DA20 488A70 48DDD0 48DF50 48ED40 498720 498770 4987C0 498810
0x80:0x3C,Sys80_3C_RequireResourceFile,sub_488AE0,44,42D3B0 42D400 42D560 42D570 42D5B0 42D600 42EA80 42FA80 444C60 444C70 444FD0 444FF0 4450B0 4450D0 445190 45E850 45F640 45FFB0 464450 464480 4644C0 464500 464520 464570 4646F0 464980 4649F0 464B80 465E30 4667A0 46B400 46BC80 46DA20 46F6F0 46F710 46F800 488AE0 48DDD0 48DF50 48ED40 498720 498770 4987C0 498810
0x80:0x3D,Sys80_3D_GetConfiguredRoot,sub_488B20,38,42D3B0 42D400 42D560 42D570 42D5B0 42D600 444C60 444C70 444FD0 444FF0 4450B0 4450D0 445190 45E850 45F640 45FFB0 464450 464480 4644C0 464500 464520 464570 4646F0 464980 4649A0 4649F0 465E30 46B400 46BC80 46DA20 488B20 48DDD0 48DF50 48ED40 498720 498770 4987C0 498810
0x80:0x3E,Sys80_3E_SetPrimaryRoot,sub_488B50,37,42D3B0 42D400 42D560 42D570 42D5B0 42D600 444C60 444C70 444FD0 444FF0 4450B0 4450D0 445190 45E850 45F640 45FFB0 464450 464480 4644C0 464500 464520 464570 4646F0 464980 4649F0 465E30 46B400 46BC80 46DA20 488B50 48DDD0 48DF50 48ED40 498720 498770 4987C0 498810
0x80:0x3F,Sys80_3F_ConfigureRemovableArchive,sub_488BB0,48,42D3B0 42D400 42D410 42D560 42D570 42D5B0 42D600 42EA80 42FA80 444C60 444C70 444FD0 444FF0 4450B0 4450D0 445190 45E850 45F640 45FFB0 464450 464480 4644C0 464500 464520 464570 4646F0 464980 4649F0 464B80 464D20 464D70 464F40 465E30 46B400 46BC80 46DA20 46F6F0 46F710 46F800 46FB10 488BB0 48DDD0 48DF50 48ED40 498720 498770 4987C0 498810
0x80:0x40,Sys80_40_LoadProgramModule,sub_488C00,89,402030 406720 406A50 406A70 406AF0 406CA0 406D30 406D40 42D3B0 42D400 42D520 42D560 42D570 42D5B0 42D5D0 42D600 42D650 42EA80 42FA80 444C30 444C60 444C70 444CE0 444FD0 444FF0 4450B0 4450D0 445190 4461E0 446750 446780 4467B0 4467C0 4468A0 45E850 45F640 45FFB0 463B60 463D90 463EB0 464450 464480 4644C0 464500 464520 464570 4646F0 464980 4649F0 464B80 4652E0 465320 465580 4656C0 4658B0 4658D0 4659C0 465A20 465AB0 465E30 468FA0 4691A0 4692D0 469460 469710 4697E0 469AB0 469B80 469D50 469EE0 46B400 46BB70 46BB80 46BC80 46DA20 46F6F0 46F710 46F800 488C00 48DDD0 48DF50 48ED40 490AE0 4922C0 4922D0 498720 498770 4987C0 498810
0x80:0x41,Sys80_41_FreeLastProgramModule,sub_488CD0,34,42D3B0 42D400 42D560 42D570 42D5B0 42D600 444C60 444D80 444FD0 444FF0 4450D0 445190 45E850 45F640 45FFB0 464450 464480 4644C0 464500 464520 464570 4646F0 464980 4649F0 465E30 46B400 46BC80 46DA20 488CD0 48ED40 498720 498770 4987C0 498810
0x80:0x44,Sys80_44_LoadProgramThread,sub_488D00,96,402030 406720 406A50 406A70 406AF0 406CA0 406D30 406D40 42D3B0 42D400 42D520 42D560 42D570 42D5B0 42D5D0 42D600 42D650 42EA80 42FA80 430260 4302C0 430310 4447C0 444A60 444A70 444C30 444C60 444C70 444CE0 444FD0 444FF0 4450B0 4450D0 445190 4461E0 446750 446780 4467B0 4467C0 4468A0 45E850 45F640 45FFB0 463B60 463D90 463EB0 464450 464480 4644C0 464500 464520 464570 4646F0 464980 4649F0 464B80 4652E0 465320 465580 4656C0 4658B0 4658D0 4659C0 465A20 465AB0 465E30 468FA0 4691A0 4692D0 469460 469710 4697E0 469AB0 469B80 469D50 469EE0 46B400 46BB70 46BB80 46BC80 46DA20 46F6F0 46F710 46F800 488D00 48D080 48DDD0 48DF50 48ED40 490AE0 4922C0 4922D0 498720 498770 4987C0 498810
0x80:0x45,Sys80_45_RtcNoop,sub_488D70,1,488D70
0x80:0x46,Sys80_46_CurrentThreadId,sub_488D80,3,42D560 4450D0 488D80
0x80:0x47,Sys80_47_ThreadExists,sub_488DA0,6,42D560 444A60 444B90 4450B0 4450D0 488DA0
0x80:0x48,Sys80_48_EnqueueMessage,sub_488DE0,36,42D3B0 42D400 42D560 42D570 42D5B0 42D600 444A60 444B90 444C60 444FD0 444FF0 4450B0 445190 4452C0 45E850 45F640 45FFB0 464450 464480 4644C0 464500 464520 464570 4646F0 464980 4649F0 465E30 46B400 46BC80 46DA20 488DE0 48ED40 498720 498770 4987C0 498810
0x80:0x49,Sys80_49_DequeueMessage,sub_488E30,38,42D3B0 42D400 42D560 42D570 42D5B0 42D600 444C60 444C70 444FD0 444FF0 4450B0 4450D0 445190 445300 45E850 45F640 45FFB0 464450 464480 4644C0 464500 464520 464570 4646F0 464980 4649F0 465E30 46B400 46BC80 46DA20 488E30 48DDD0 48DF50 48ED40 498720 498770 4987C0 498810
0x80:0x4A,Sys80_4A_EnqueueMessageArray,sub_488E60,39,42D3B0 42D400 42D560 42D570 42D5B0 42D600 444A60 444B90 444C60 444C70 444FD0 444FF0 4450B0 445190 4452C0 45E850 45F640 45FFB0 464450 464480 4644C0 464500 464520 464570 4646F0 464980 4649F0 465E30 46B400 46BC80 46DA20 488E60 48DDD0 48DF50 48ED40 498720 498770 4987C0 498810
0x80:0x4B,Sys80_4B_DequeueMessageArray,sub_488F10,38,42D3B0 42D400 42D560 42D570 42D5B0 42D600 444C60 444C70 444FD0 444FF0 4450B0 4450D0 445190 445300 45E850 45F640 45FFB0 464450 464480 4644C0 464500 464520 464570 4646F0 464980 4649F0 465E30 46B400 46BC80 46DA20 488F10 48DDD0 48DF50 48ED40 498720 498770 4987C0 498810
0x80:0x4C,Sys80_4C_InvokeThreadCallback,sub_488FC0,8,42D560 431B40 444A60 444B90 4450B0 4450D0 445230 488FC0
0x80:0x50,Sys80_50_SetSystemWaitState,sub_489030,3,4319B0 4450B0 489030
0x80:0x52,Sys80_52_SetMainLoopWaitOverride,sub_489050,3,4450B0 489050 48D1B0
0x80:0x53,Sys80_53_ArmNextBinaryAsync,sub_489070,2,489070 48D190
0x80:0x54,WaitWndMsg,sub_489080,7,4318F0 43D4D0 444FC0 4450B0 4451C0 489080 499F40
0x80:0x58,SetThreadTimer,sub_489100,4,4450B0 445290 489100 498720
0x80:0x59,Sys80_59_SetAndQueryThreadTimer,sub_489120,6,4450B0 4450D0 445260 4452B0 489120 498720
0x80:0x5A,WaitTiming,sub_489160,9,4318F0 431A10 43D1D0 444FC0 4450D0 4451C0 445260 489160 498720
0x80:0x5C,WaitTimingOrInput,sub_4891F0,49,4318F0 431A10 43D2E0 444FC0 4450B0 4451C0 45E580 45E600 45E750 45E850 45E880 45E8D0 45F640 45FFB0 461090 4610A0 4610B0 4610C0 464450 464480 4644C0 464500 464520 46B190 46BC80 46D550 46D560 46D660 46D6C0 46D720 46D810 46D830 46DA20 46DB00 46DB40 46DC80 46DE30 46DF00 4891F0 48E680 48EBC0 48ED40 48EE70 497B40 498720 498770 4987C0 498810 49A230
0x80:0x5D,Sys80_5D_SetExclusiveThread,sub_489290,3,4450B0 489290 48D170
0x80:0x5E,Sys80_5E_SwitchThread,sub_4892B0,2,4450B0 4892B0
0x80:0x5F,Sys80_5F_Yield,sub_4892D0,1,4892D0
0x80:0x60,Sys80_60_ConfigureDisplayMode,sub_4892E0,139,402030 407B00 407B10 407B20 407B30 409030 409080 409190 41ADF0 41C060 41C0A0 420730 420870 420D70 428370 42BDE0 42D3B0 42D400 42D560 42D570 42D5B0 42D600 430D10 431120 442D40 442E10 444C60 444FD0 444FF0 4450B0 445190 4461E0 446750 446780 4467B0 4467C0 4468A0 45E470 45E480 45E4D0 45E4F0 45E550 45E580 45E5F0 45E600 45E610 45E740 45E750 45E850 45E880 45EBB0 45ED40 45EE70 45F010 45F030 45F2B0 45F340 45F640 45F680 45F690 45FFB0 460030 4602C0 460320 460400 460420 460550 460590 461090 4610A0 4610B0 4610C0 4610E0 4610F0 461110 4615E0 461690 461D70 463B60 463D90 463EB0 464450 464480 4644C0 464500 464520 464570 4646F0 464980 4649F0 4652E0 465320 465E30 468FA0 4691A0 4692D0 469460 469710 4697E0 469AB0 469B80 469D50 469EE0 46B400 46BB70 46BB80 46BC80 46DA20 46E890 46E930 46E9A0 46E9B0 46EAF0 46EB20 46EBA0 46F2B0 46F310 46F380 46F3C0 46F5D0 4892E0 48ED40 48EE80 48EF30 490AE0 4922C0 4922D0 493750 493860 4938F0 493940 498720 498770 4987C0 498810 498840 498880 49A110 49A220
0x80:0x61,Sys80_61_QueryFullscreen,sub_489340,3,4450D0 45F640 489340
0x80:0x62,Sys80_62_ConfigureFullscreenHotkeys,sub_489360,37,42D3B0 42D400 42D560 42D570 42D5B0 42D600 444C60 444C70 444FD0 444FF0 4450B0 445190 45E850 45F640 45FFB0 461740 464450 464480 4644C0 464500 464520 464570 4646F0 464980 4649F0 465E30 46B400 46BC80 46DA20 489360 48DDD0 48DF50 48ED40 498720 498770 4987C0 498810
0x80:0x63,Sys80_63_SetAspectPreservingScaling,sub_4893A0,3,4450B0 45E860 4893A0
0x80:0x64,Sys80_64_SetWindowVisible,sub_4893C0,6,4450B0 45F640 4610D0 46DA20 4893C0 49A170
0x80:0x65,Sys80_65_MinimizeWindow,sub_4893E0,2,46DA20 4893E0
0x80:0x66,Sys80_66_SetWindowTitle,sub_489400,37,42D3B0 42D400 42D560 42D570 42D5B0 42D600 444C60 444C70 444FD0 444FF0 4450B0 445190 45E850 45F640 45FFB0 464450 464480 4644C0 464500 464520 464570 4646F0 464980 4649F0 465E30 46B400 46BBE0 46BC80 46DA20 489400 48DDD0 48DF50 48ED40 498720 498770 4987C0 498810
0x80:0x67,Sys80_67_SetCursorIndex,sub_489430,33,42D3B0 42D400 42D560 42D570 42D5B0 42D600 444C60 444FD0 444FF0 4450B0 445190 45E850 45F640 45FFB0 464450 464480 4644C0 464500 464520 464570 4646F0 464980 4649F0 465E30 46B400 46BC80 46DA20 489430 48ED40 498720 498770 4987C0 498810
0x80:0x68,Sys80_68_SetNativeCloseMode,sub_489490,3,4450B0 489490 49A0D0
0x80:0x69,Sys80_69_RequestWindowClose,sub_4894B0,1,4894B0
0x80:0x6A,Sys80_6A_TerminateInterpreter,sub_4894D0,1,4894D0
0x80:0x6B,Sys80_6B_SelectBootstrap,sub_4894E0,41,42D3B0 42D400 42D410 42D560 42D570 42D5B0 42D600 444C60 444C70 444FD0 444FF0 4450B0 445190 45E850 45F640 45FFB0 464450 464480 4644C0 464500 464520 464570 4646F0 464980 4649F0 464A10 465000 465090 4650F0 465E30 46B400 46BC80 46DA20 4894E0 48DDD0 48DF50 48ED40 498720 498770 4987C0 498810
0x80:0x6C,Sys80_6C_SetFileDropEnabled,sub_489510,3,4450B0 463A80 489510
0x80:0x6D,Sys80_6D_QueryDroppedFile,sub_489530,38,42D3B0 42D400 42D560 42D570 42D5B0 42D600 444C60 444C70 444FD0 444FF0 4450B0 4450D0 445190 45E850 45F640 45FFB0 463AE0 464450 464480 4644C0 464500 464520 464570 4646F0 464980 4649F0 465E30 46B400 46BC80 46DA20 489530 48DDD0 48DF50 48ED40 498720 498770 4987C0 498810
0x80:0x6E,Sys80_6E_SetRasterWaitEnabled,sub_489560,3,4450B0 45F6F0 489560
0x80:0x6F,Sys80_6F_QueryDisplayAspectMismatch,sub_489580,9,4450D0 45E580 45E600 461090 4610A0 4610B0 4610C0 461550 489580
0x80:0x70,Sys80_70_AllocateGlobalConfig,sub_4895A0,35,42D3B0 42D400 42D560 42D570 42D5B0 42D600 444C60 444FD0 444FF0 4450B0 4450D0 445190 45E850 45F640 45FFB0 464450 464480 4644C0 464500 464520 464570 4646F0 464980 4649F0 465E30 46B400 46BB90 46BC80 46DA20 4895A0 48ED40 498720 498770 4987C0 498810
0x80:0x71,Sys80_71_ClearGlobalConfig,sub_489610,1,489610
0x80:0x74,Sys80_74_SetSaveDataIntegrity,sub_489630,3,4450B0 46B420 489630
0x80:0x78,Sys80_78_SaveConfigSlot,sub_489650,43,42D3B0 42D400 42D560 42D570 42D5B0 42D600 444C60 444C70 444FD0 444FF0 4450B0 445190 45E850 45F640 45FFB0 464450 464480 4644C0 464500 464520 464570 4646F0 464980 4649F0 465E30 465F10 465F70 465F90 46B400 46BB70 46BB80 46BC80 46DA20 489650 48DDD0 48DF50 48ED40 4922C0 4922D0 498720 498770 4987C0 498810
0x80:0x79,Sys80_79_LoadConfigSlot,sub_4896D0,50,402030 42D3B0 42D400 42D520 42D5B0 42D5D0 42D650 42EA80 42FA80 4450B0 4450D0 4461E0 446750 446780 4467B0 4467C0 4468A0 463B60 463D90 463EB0 464980 464B80 4652E0 465320 465580 4658D0 4659C0 4659F0 465F70 466080 4660F0 4661A0 468FA0 4691A0 4692D0 469460 469710 4697E0 469AB0 469B80 469D50 469EE0 46B400 46BB70 46BB80 46F800 4896D0 490AE0 4922C0 4922D0
0x80:0x7A,Sys80_7A_ReadConfigSlotHeader,sub_489730,77,402030 42D3B0 42D400 42D520 42D560 42D570 42D5B0 42D5D0 42D600 42D650 42EA80 42FA80 444C60 444C70 444FD0 444FF0 4450B0 4450D0 445190 4461E0 446750 446780 4467B0 4467C0 4468A0 45E850 45F640 45FFB0 463B60 463D90 463EB0 464450 464480 4644C0 464500 464520 464570 4646F0 464980 4649F0 464B80 4652E0 465320 465580 4658D0 4659C0 4659F0 465E30 465F70 466240 468FA0 4691A0 4692D0 469460 469710 4697E0 469AB0 469B80 469D50 469EE0 46B400 46BB70 46BB80 46BC80 46DA20 46F800 489730 48DDD0 48DF50 48ED40 490AE0 4922C0 4922D0 498720 498770 4987C0 498810
0x80:0x7B,Sys80_7B_ValidateConfigSlot,sub_489770,50,402030 42D3B0 42D400 42D520 42D5B0 42D5D0 42D650 42EA80 42FA80 4450B0 4450D0 4461E0 446750 446780 4467B0 4467C0 4468A0 463B60 463D90 463EB0 464980 464B80 4652E0 465320 465580 4658D0 4659C0 4659F0 465F70 466080 4660F0 466200 468FA0 4691A0 4692D0 469460 469710 4697E0 469AB0 469B80 469D50 469EE0 46B400 46BB70 46BB80 46F800 489770 490AE0 4922C0 4922D0
0x80:0x80,Sys80_80_LoadGlobalUserData,sub_4897A0,97,402030 406720 406A50 406A70 406AF0 406CA0 406D30 406D40 42D3B0 42D400 42D520 42D5B0 42D5D0 42D650 42EA80 42FA80 4450D0 4461E0 446750 446780 4467B0 4467C0 4468A0 446B10 446B40 446B80 446C80 446F00 447040 452AE0 45E4D0 45E580 45E750 45E850 45F640 45FFB0 4610E0 4610F0 4615E0 463B60 463D90 463EB0 464450 464480 4644C0 464500 464520 464980 4649F0 464B80 4652E0 465320 465580 4656C0 4658B0 4658D0 4659C0 465A20 465AB0 4662E0 468FA0 4691A0 4692D0 469460 469710 4697E0 469AB0 469B80 469D50 469EE0 46B400 46B680 46BB70 46BB80 46BC80 46DA20 46F6F0 46F710 46F800 46F930 4897A0 48ED40 490AE0 4922C0 4922D0 493750 493860 4938F0 493940 4954E0 495550 495640 4956E0 498720 498770 4987C0 498810
0x80:0x81,Sys80_81_SaveGlobalUserData,sub_489810,38,42D3B0 42D400 42D570 42D5B0 42D600 4450D0 446B10 446E40 45E850 45F640 45FFB0 464500 464980 4649F0 465E30 46B400 46B4C0 46BB70 46BB80 46BC80 46DA20 489810 48ED40 4922C0 4922D0 4933A0 493750 4937E0 493860 4938F0 493940 493980 495640 4956C0 498720 498770 4987C0 498810
0x80:0x82,Sys80_82_WriteGlobalDataBlock,sub_489830,36,42D3B0 42D400 42D560 42D570 42D5B0 42D600 444C60 444C70 444FD0 444FF0 4450B0 445190 45E850 45F640 45FFB0 464450 464480 4644C0 464500 464520 464570 4646F0 464980 4649F0 465E30 46B400 46BC80 46DA20 489830 48DDD0 48DF50 48ED40 498720 498770 4987C0 498810
0x80:0x83,Sys80_83_ReadGlobalDataBlock,sub_4898F0,36,42D3B0 42D400 42D560 42D570 42D5B0 42D600 444C60 444C70 444FD0 444FF0 4450B0 445190 45E850 45F640 45FFB0 464450 464480 4644C0 464500 464520 464570 4646F0 464980 4649F0 465E30 46B400 46BC80 46DA20 4898F0 48DDD0 48DF50 48ED40 498720 498770 4987C0 498810
0x80:0x84,Sys80_84_InternResourceName,sub_4899B0,40,42D3B0 42D400 42D560 42D570 42D5B0 42D600 444C60 444C70 444FD0 444FF0 4450B0 4450D0 445190 452AE0 45E850 45F640 45FFB0 464450 464480 4644C0 464500 464520 464570 4646F0 464980 4649F0 465E30 46B400 46B430 46BC80 46DA20 4899B0 48DDD0 48DF50 48ED40 4956E0 498720 498770 4987C0 498810
0x80:0x85,Sys80_85_ResourceNameExists,sub_4899E0,40,42D3B0 42D400 42D560 42D570 42D5B0 42D600 444C60 444C70 444FD0 444FF0 4450B0 4450D0 445190 452AE0 45E850 45F640 45FFB0 464450 464480 4644C0 464500 464520 464570 4646F0 464980 4649F0 465E30 46B400 46B450 46BC80 46DA20 4899E0 48DDD0 48DF50 48ED40 4958C0 498720 498770 4987C0 498810
0x80:0x88,Sys80_88_CreateOrResizeReadFlagTable,sub_489A10,42,42D3B0 42D400 42D560 42D570 42D5B0 42D600 444C60 444C70 444FD0 444FF0 4450B0 4450D0 445190 446B10 446B80 447040 452AE0 45E850 45F640 45FFB0 464450 464480 4644C0 464500 464520 464570 4646F0 464980 4649F0 465E30 46B400 46B460 46BC80 46DA20 489A10 48DDD0 48DF50 48ED40 498720 498770 4987C0 498810
0x80:0x89,Sys80_89_SetReadFlagBit,sub_489A40,43,42D3B0 42D400 42D560 42D570 42D5B0 42D600 444C60 444C70 444FD0 444FF0 4450B0 4450D0 445190 446B20 446B30 446CD0 447040 452AE0 45E850 45F640 45FFB0 464450 464480 4644C0 464500 464520 464570 4646F0 464980 4649F0 465E30 46B400 46B480 46BC80 46DA20 489A40 48DDD0 48DF50 48ED40 498720 498770 4987C0 498810
0x80:0x8A,Sys80_8A_SetReadFlagRange,sub_489AC0,43,42D3B0 42D400 42D560 42D570 42D5B0 42D600 444C60 444C70 444FD0 444FF0 4450B0 4450D0 445190 446B20 446B30 446D40 447040 452AE0 45E850 45F640 45FFB0 464450 464480 4644C0 464500 464520 464570 4646F0 464980 4649F0 465E30 46B400 46B490 46BC80 46DA20 489AC0 48DDD0 48DF50 48ED40 498720 498770 4987C0 498810
0x80:0x8B,Sys80_8B_QueryReadFlagBit,sub_489B80,43,42D3B0 42D400 42D560 42D570 42D5B0 42D600 444C60 444C70 444FD0 444FF0 4450B0 4450D0 445190 446B20 446B30 446DE0 447040 452AE0 45E850 45F640 45FFB0 464450 464480 4644C0 464500 464520 464570 4646F0 464980 4649F0 465E30 46B400 46B4B0 46BC80 46DA20 489B80 48DDD0 48DF50 48ED40 498720 498770 4987C0 498810
0x80:0x90,Sys80_90_ResetStructuredHistory,sub_489C00,4,4450B0 46BCF0 46BD60 489C00
0x80:0x91,Sys80_91_StructuredHistoryCount,sub_489C20,3,4450D0 46C090 489C20
0x80:0x94,Sys80_94_AppendStructuredHistoryFields,sub_489C40,38,42D3B0 42D400 42D560 42D570 42D5B0 42D600 444C60 444C70 444FD0 444FF0 4450B0 445190 45E850 45F640 45FFB0 464450 464480 4644C0 464500 464520 464570 4646F0 464980 4649F0 465E30 46B400 46BC80 46BCF0 46BDB0 46DA20 489C40 48DDD0 48DF50 48ED40 498720 498770 4987C0 498810
0x80:0x95,Sys80_95_ReadStructuredHistory,sub_489DF0,38,42D3B0 42D400 42D560 42D570 42D5B0 42D600 444C60 444C70 444FD0 444FF0 4450B0 4450D0 445190 45E850 45F640 45FFB0 464450 464480 4644C0 464500 464520 464570 4646F0 464980 4649F0 465E30 46B400 46BC80 46C0A0 46DA20 489DF0 48DDD0 48DF50 48ED40 498720 498770 4987C0 498810
0x80:0x96,Sys80_96_AppendStructuredHistoryRecord,sub_489E70,39,42D3B0 42D400 42D560 42D570 42D5B0 42D600 444C60 444C70 444FD0 444FF0 4450B0 445190 45E850 45F640 45FFB0 464450 464480 4644C0 464500 464520 464570 4646F0 464980 4649F0 465E30 46B400 46BC80 46BCF0 46BDB0 46BFD0 46DA20 489E70 48DDD0 48DF50 48ED40 498720 498770 4987C0 498810
0x80:0x97,Sys80_97_ReadStructuredHistoryExtended,sub_489F60,38,42D3B0 42D400 42D560 42D570 42D5B0 42D600 444C60 444C70 444FD0 444FF0 4450B0 4450D0 445190 45E850 45F640 45FFB0 464450 464480 4644C0 464500 464520 464570 4646F0 464980 4649F0 465E30 46B400 46BC80 46C0A0 46DA20 489F60 48DDD0 48DF50 48ED40 498720 498770 4987C0 498810
0x80:0x98,Sys80_98_IndexedRecordOpen,sub_489FE0,38,42D3B0 42D400 42D560 42D570 42D5B0 42D600 444C60 444C70 444FD0 444FF0 4450B0 4450D0 445190 45E850 45F640 45FFB0 464450 464480 4644C0 464500 464520 464570 4646F0 464980 4649F0 465E30 46B400 46BC80 46C1D0 46DA20 489FE0 48DDD0 48DF50 48ED40 498720 498770 4987C0 498810
0x80:0x99,Sys80_99_IndexedRecordClose,sub_48A020,4,4450B0 4450D0 46C220 48A020
0x80:0x9A,Sys80_9A_IndexedRecordCount,sub_48A050,39,42D3B0 42D400 42D560 42D570 42D5B0 42D600 444C60 444C70 444FD0 444FF0 4450B0 4450D0 445190 45E850 45F640 45FFB0 464450 464480 4644C0 464500 464520 464570 4646F0 464980 4649F0 465E30 46B400 46BC80 46C280 46C2A0 46DA20 48A050 48DDD0 48DF50 48ED40 498720 498770 4987C0 498810
0x80:0x9C,Sys80_9C_IndexedRecordPush,sub_48A090,39,42D3B0 42D400 42D560 42D570 42D5B0 42D600 444C60 444C70 444FD0 444FF0 4450B0 4450D0 445190 45E850 45F640 45FFB0 464450 464480 4644C0 464500 464520 464570 4646F0 464980 4649F0 465E30 46B400 46BC80 46C280 46C2E0 46DA20 48A090 48DDD0 48DF50 48ED40 498720 498770 4987C0 498810
0x80:0x9D,Sys80_9D_IndexedRecordLoad,sub_48A0D0,39,42D3B0 42D400 42D560 42D570 42D5B0 42D600 444C60 444C70 444FD0 444FF0 4450B0 4450D0 445190 45E850 45F640 45FFB0 464450 464480 4644C0 464500 464520 464570 4646F0 464980 4649F0 465E30 46B400 46BC80 46C280 46C380 46DA20 48A0D0 48DDD0 48DF50 48ED40 498720 498770 4987C0 498810
0x80:0x9E,Sys80_9E_IndexedRecordRemove,sub_48A110,5,4450B0 4450D0 46C280 46C3E0 48A110
0x80:0xA0,Sys80_A0_PollQueuedEvent,sub_48A150,40,42D3B0 42D400 42D560 42D570 42D5B0 42D600 444C60 444C70 444FD0 444FF0 4450B0 4450D0 445190 45E850 45F640 45FFB0 464450 464480 4644C0 464500 464520 464570 4646F0 464980 4649F0 465E30 46B400 46BC80 46DA20 48A150 48DDD0 48DF50 48ED40 4964C0 4964E0 496580 498720 498770 4987C0 498810
0x80:0xA1,Sys80_A1_PostQueuedEvent,sub_48A180,5,4450B0 48A180 4964C0 4964E0 496540
0x80:0xA8,Sys80_A8_SetRegisteredObjectState,sub_48A1B0,5,41ADE0 4450B0 4450D0 46C4D0 48A1B0
0x80:0xA9,Sys80_A9_GetRegisteredObjectState,sub_48A200,39,42D3B0 42D400 42D560 42D570 42D5B0 42D600 444C60 444C70 444FD0 444FF0 4450B0 4450D0 445190 4477B0 45E850 45F640 45FFB0 464450 464480 4644C0 464500 464520 464570 4646F0 464980 4649F0 465E30 46B400 46BC80 46C4D0 46DA20 48A200 48DDD0 48DF50 48ED40 498720 498770 4987C0 498810
0x80:0xAC,Sys80_AC_QueueRegisteredObjectMessage,sub_48A250,39,42D3B0 42D400 42D560 42D570 42D5B0 42D600 444C60 444C70 444FD0 444FF0 4450B0 4450D0 445190 4477E0 45E850 45F640 45FFB0 464450 464480 4644C0 464500 464520 464570 4646F0 464980 4649F0 465E30 46B400 46BC80 46C4D0 46DA20 48A250 48DDD0 48DF50 48ED40 498720 498770 4987C0 498810
0x80:0xAF,Sys80_AF_SetSystemModeFlag,sub_48A2B0,4,4450B0 4450D0 46C470 48A2B0
0x80:0xB0,Sys80_B0_CreateExclusionSection,sub_48A2E0,39,42CDD0 42D100 42D3B0 42D400 42D560 42D570 42D5B0 42D600 444C60 444C70 444FD0 444FF0 4450B0 4450D0 445190 45E850 45F640 45FFB0 464450 464480 4644C0 464500 464520 464570 4646F0 464980 4649F0 465E30 46B400 46BC80 46DA20 48A2E0 48DDD0 48DF50 48ED40 498720 498770 4987C0 498810
0x80:0xB1,Sys80_B1_DeleteExclusionSection,sub_48A310,38,42D1E0 42D3B0 42D400 42D560 42D570 42D5B0 42D600 444C60 444C70 444FD0 444FF0 4450B0 4450D0 445190 45E850 45F640 45FFB0 464450 464480 4644C0 464500 464520 464570 4646F0 464980 4649F0 465E30 46B400 46BC80 46DA20 48A310 48DDD0 48DF50 48ED40 498720 498770 4987C0 498810
0x80:0xB4,Sys80_B4_WaitExclusionSection,sub_48A340,43,42CEC0 42D0B0 42D2C0 42D3B0 42D400 42D560 42D570 42D5B0 42D600 4318F0 439510 444C60 444C70 444FC0 444FD0 444FF0 4450B0 445190 4451C0 45E850 45F640 45FFB0 464450 464480 4644C0 464500 464520 464570 4646F0 464980 4649F0 465E30 46B400 46BC80 46DA20 48A340 48DDD0 48DF50 48ED40 498720 498770 4987C0 498810
0x80:0xB5,Sys80_B5_LeaveExclusionSection,sub_48A3D0,40,42CF70 42D0B0 42D330 42D3B0 42D400 42D560 42D570 42D5B0 42D600 444C60 444C70 444FD0 444FF0 4450B0 4450D0 445190 45E850 45F640 45FFB0 464450 464480 4644C0 464500 464520 464570 4646F0 464980 4649F0 465E30 46B400 46BC80 46DA20 48A3D0 48DDD0 48DF50 48ED40 498720 498770 4987C0 498810
0x80:0xB6,Sys80_B6_QueryExclusionSection,sub_48A400,40,42CFB0 42D0B0 42D370 42D3B0 42D400 42D560 42D570 42D5B0 42D600 444C60 444C70 444FD0 444FF0 4450B0 4450D0 445190 45E850 45F640 45FFB0 464450 464480 4644C0 464500 464520 464570 4646F0 464980 4649F0 465E30 46B400 46BC80 46DA20 48A400 48DDD0 48DF50 48ED40 498720 498770 4987C0 498810
0x80:0xC0,Sys80_C0_EncodeData,sub_48A430,55,42D3B0 42D400 42D560 42D570 42D5B0 42D600 4318F0 439280 43D0D0 43D1A0 444C60 444C70 444FC0 444FD0 444FF0 4450B0 445190 4451C0 45E850 45F640 45FFB0 464450 464480 4644C0 464500 464520 464570 4646F0 464980 4649F0 465E30 46B400 46BB70 46BB80 46BC80 46DA20 48A430 48DDD0 48DF50 48ED40 4922C0 4922D0 4933A0 493750 4937E0 493860 4938F0 493940 493980 4984B0 498550 498720 498770 4987C0 498810
0x80:0xC1,Sys80_C1_DecodeSdcBuffer,sub_48A4D0,45,42D3B0 42D400 42D560 42D570 42D5B0 42D600 444C60 444C70 444FD0 444FF0 4450B0 4450D0 445190 45E850 45F640 45FFB0 464450 464480 4644C0 464500 464520 464570 4646F0 464980 4649F0 465E30 46B400 46BB70 46BB80 46BC80 46DA20 48A4D0 48DDD0 48DF50 48ED40 4922C0 4922D0 493750 493860 4938F0 493940 498720 498770 4987C0 498810
0x80:0xC4,Sys80_C4_EncodeStructArray,sub_48A510,59,42D3B0 42D400 42D560 42D570 42D5B0 42D600 4318F0 4393B0 43D0D0 43D1A0 444C60 444C70 444FC0 444FD0 444FF0 4450B0 445190 4451C0 4470E0 447100 447140 447330 45E850 45F640 45FFB0 464450 464480 4644C0 464500 464520 464570 4646F0 464980 4649F0 465E30 46B400 46BB70 46BB80 46BC80 46DA20 48A510 48DDD0 48DF50 48ED40 4922C0 4922D0 4933A0 493750 4937E0 493860 4938F0 493940 493980 495EE0 496000 498720 498770 4987C0 498810
0x80:0xC5,Sys80_C5_DecodeStructArray,sub_48A5C0,47,42D3B0 42D400 42D560 42D570 42D5B0 42D600 444C60 444C70 444FD0 444FF0 4450B0 4450D0 445190 447100 447330 45E850 45F640 45FFB0 464450 464480 4644C0 464500 464520 464570 4646F0 464980 4649F0 465E30 46B400 46BB70 46BB80 46BC80 46DA20 48A5C0 48DDD0 48DF50 48ED40 4922C0 4922D0 493750 493860 4938F0 493940 498720 498770 4987C0 498810
0x80:0xCF,Sys80_CF_DecodeData,sub_48A640,75,402030 42D3B0 42D400 42D560 42D570 42D5B0 42D600 4318F0 43D0D0 43D1A0 444C60 444C70 444FC0 444FD0 444FF0 4450B0 445190 4451C0 4461E0 446750 446780 4467B0 4467C0 4468A0 450910 45E850 45F640 45FFB0 463B60 463D90 463EB0 464450 464480 4644C0 464500 464520 464570 4646F0 464980 4649F0 4652E0 465320 465E30 468FA0 4691A0 4692D0 469460 469710 4697E0 469AB0 469B80 469D50 469EE0 46B400 46BB70 46BB80 46BC80 46DA20 48A640 48DDD0 48DF50 48ED40 490AE0 4922C0 4922D0 493750 493860 4938F0 493940 4985B0 498670 498720 498770 4987C0 498810
0x80:0xD0,Sys80_D0_RecordTableOpen,sub_48A6E0,39,42D3B0 42D400 42D560 42D570 42D5B0 42D600 444C60 444C70 444FD0 444FF0 4450B0 4450D0 445190 452830 45E850 45F640 45FFB0 464450 464480 4644C0 464500 464520 464570 4646F0 464980 4649F0 465E30 46B400 46BC80 46DA20 48A6E0 48DDD0 48DF50 48ED40 4960A0 498720 498770 4987C0 498810
0x80:0xD1,Sys80_D1_RecordTableClose,sub_48A720,7,4450B0 4450D0 452850 452960 452AE0 48A720 496150
0x80:0xD2,Sys80_D2_RecordTableInsert,sub_48A750,41,42D3B0 42D400 42D560 42D570 42D5B0 42D600 444C60 444C70 444FD0 444FF0 4450B0 4450D0 445190 452880 452AE0 45E850 45F640 45FFB0 464450 464480 4644C0 464500 464520 464570 4646F0 464980 4649F0 465E30 46B400 46BC80 46DA20 48A750 48DDD0 48DF50 48ED40 4961A0 4961C0 498720 498770 4987C0 498810
0x80:0xD3,Sys80_D3_RecordTableRemove,sub_48A790,41,42D3B0 42D400 42D560 42D570 42D5B0 42D600 444C60 444C70 444FD0 444FF0 4450B0 4450D0 445190 452960 452AE0 45E850 45F640 45FFB0 464450 464480 4644C0 464500 464520 464570 4646F0 464980 4649F0 465E30 46B400 46BC80 46DA20 48A790 48DDD0 48DF50 48ED40 4961A0 4961F0 498720 498770 4987C0 498810
0x80:0xD4,Sys80_D4_RecordTableFetch,sub_48A7C0,42,42D3B0 42D400 42D560 42D570 42D5B0 42D600 444C60 444C70 444FD0 444FF0 4450B0 4450D0 445190 452A00 452AA0 452AE0 45E850 45F640 45FFB0 464450 464480 4644C0 464500 464520 464570 4646F0 464980 4649F0 465E30 46B400 46BC80 46DA20 48A7C0 48DDD0 48DF50 48ED40 4961A0 496220 498720 498770 4987C0 498810
0x80:0xD8,Sys80_D8_ClearStringNamespaces,sub_48A810,3,48A810 4954A0 4954E0
0x80:0xD9,Sys80_D9_StringNamespaceCount,sub_48A820,4,4450B0 4450D0 48A820 4956C0
0x80:0xDA,Sys80_DA_ReplaceStringNamespace,sub_48A850,40,42D3B0 42D400 42D560 42D570 42D5B0 42D600 444C60 444C70 444FD0 444FF0 4450B0 4450D0 445190 452AE0 45E850 45F640 45FFB0 464450 464480 4644C0 464500 464520 464570 4646F0 464980 4649F0 465E30 46B400 46BC80 46DA20 48A850 48DDD0 48DF50 48ED40 4954E0 495550 498720 498770 4987C0 498810
0x80:0xDB,Sys80_DB_SerializeStringNamespace,sub_48A890,38,42D3B0 42D400 42D560 42D570 42D5B0 42D600 444C60 444C70 444FD0 444FF0 4450B0 4450D0 445190 45E850 45F640 45FFB0 464450 464480 4644C0 464500 464520 464570 4646F0 464980 4649F0 465E30 46B400 46BC80 46DA20 48A890 48DDD0 48DF50 48ED40 495640 498720 498770 4987C0 498810
0x80:0xDC,Sys80_DC_InternStringNamespace,sub_48A8D0,39,42D3B0 42D400 42D560 42D570 42D5B0 42D600 444C60 444C70 444FD0 444FF0 4450B0 4450D0 445190 452AE0 45E850 45F640 45FFB0 464450 464480 4644C0 464500 464520 464570 4646F0 464980 4649F0 465E30 46B400 46BC80 46DA20 48A8D0 48DDD0 48DF50 48ED40 4956E0 498720 498770 4987C0 498810
0x80:0xDD,Sys80_DD_CopyIndexedNamespaceEntry,sub_48A900,38,42D3B0 42D400 42D560 42D570 42D5B0 42D600 444C60 444C70 444FD0 444FF0 4450B0 4450D0 445190 45E850 45F640 45FFB0 464450 464480 4644C0 464500 464520 464570 4646F0 464980 4649F0 465E30 46B400 46BC80 46DA20 48A900 48DDD0 48DF50 48ED40 495850 498720 498770 4987C0 498810
0x80:0xDE,Sys80_DE_StringNamespaceEntryLength,sub_48A940,38,42D3B0 42D400 42D560 42D570 42D5B0 42D600 444C60 444C70 444FD0 444FF0 4450B0 4450D0 445190 45E850 45F640 45FFB0 464450 464480 4644C0 464500 464520 464570 4646F0 464980 4649F0 465E30 46B400 46BC80 46DA20 48A940 48DDD0 48DF50 48ED40 495850 498720 498770 4987C0 498810
0x80:0xE0,Sys80_E0_LaunchProcessWait,sub_48A980,50,42D3B0 42D400 42D560 42D570 42D5B0 42D600 42EA80 42FA80 444C60 444C70 444FD0 444FF0 4450B0 4450D0 445190 45E850 45F640 45FFB0 4610D0 464450 464480 4644C0 464500 464520 464570 4646F0 464980 4649F0 464B80 465E30 467080 4670E0 46B400 46BC80 46DA20 46F6F0 46F710 46F800 4724B0 48A980 48DDD0 48DF50 48ED40 498720 498770 4987C0 498810 49A060 49A170 49A220
0x80:0xE1,Sys80_E1_RestartWithCommand,sub_48A9E0,36,42D3B0 42D400 42D560 42D570 42D5B0 42D600 444C60 444C70 444FD0 444FF0 4450B0 445190 45E850 45F640 45FFB0 464450 464480 4644C0 464500 464520 464570 4646F0 464980 4649F0 465E30 46B400 46BC80 46DA20 48A9E0 48DDD0 48DF50 48ED40 498720 498770 4987C0 498810
0x80:0xE2,Sys80_E2_LaunchProcessWaitUninstaller,sub_48AAE0,50,42D3B0 42D400 42D560 42D570 42D5B0 42D600 42EA80 42FA80 444C60 444C70 444FD0 444FF0 4450B0 4450D0 445190 45E850 45F640 45FFB0 4610D0 464450 464480 4644C0 464500 464520 464570 4646F0 464980 4649F0 464B80 465E30 467080 4670E0 46B400 46BC80 46DA20 46F6F0 46F710 46F800 4724B0 48AAE0 48DDD0 48DF50 48ED40 498720 498770 4987C0 498810 49A060 49A170 49A220
0x80:0xE3,Sys80_E3_ShellOpen,sub_48AB30,38,42D3B0 42D400 42D560 42D570 42D5B0 42D600 444C60 444C70 444FD0 444FF0 4450B0 4450D0 445190 45E850 45F640 45FFB0 464450 464480 4644C0 464500 464520 464570 4646F0 464980 4649F0 465E30 46B400 46BC80 46DA20 472880 48AB30 48DDD0 48DF50 48ED40 498720 498770 4987C0 498810
0x80:0xE8,Sys80_E8_WriteGameId,sub_48AB60,36,42D3B0 42D400 42D560 42D570 42D5B0 42D600 444C60 444C70 444FD0 444FF0 4450B0 445190 45E850 45F640 45FFB0 464450 464480 4644C0 464500 464520 464570 4646F0 464980 4649F0 465E30 46B400 46BC80 46DA20 48AB60 48DDD0 48DF50 48ED40 498720 498770 4987C0 498810
0x80:0xE9,Sys80_E9_HashFile,sub_48AB90,42,401900 401980 42D3B0 42D400 42D520 42D560 42D570 42D5B0 42D5D0 42D600 42D650 444C60 444C70 444FD0 444FF0 4450B0 4450D0 445190 45E850 45F640 45FFB0 464450 464480 4644C0 464500 464520 464570 4646F0 464980 4649F0 465E30 46B400 46BC80 46DA20 48AB90 48DDD0 48DF50 48ED40 498720 498770 4987C0 498810
0x80:0xEA,Sys80_EA_SetUninstallerProduct,sub_48AC30,37,42D3B0 42D400 42D560 42D570 42D5B0 42D600 444C60 444C70 444FD0 444FF0 4450B0 445190 45E850 45F640 45FFB0 464450 464480 4644C0 464500 464520 464570 4646F0 464980 4649F0 465E30 46B400 46BC80 46DA20 472490 48AC30 48DDD0 48DF50 48ED40 498720 498770 4987C0 498810
0x80:0xF0,Sys80_F0_ShowInputDialog,sub_48AC50,52,42D3B0 42D400 42D560 42D570 42D5B0 42D600 42EA80 42FA80 444C60 444C70 444FD0 444FF0 4450B0 4450D0 445190 45E850 45F640 45FFB0 464450 464480 4644C0 464500 464520 464570 4646F0 464980 4649F0 465E30 46B400 46BC80 46DA20 46F6F0 46F710 46F9C0 46FA50 46FB10 46FB90 46FD80 46FDF0 471FB0 472B90 472C00 472C40 472CC0 48AC50 48DDD0 48DF50 48ED40 498720 498770 4987C0 498810
0x80:0xF1,Sys80_F1_ShowInstallerDialog,sub_48ACE0,40,42D3B0 42D400 42D560 42D570 42D5B0 42D600 444C60 444C70 444FD0 444FF0 4450B0 4450D0 445190 45E850 45F640 45FFB0 464450 464480 4644C0 464500 464520 464570 4646F0 464980 4649F0 465E30 46B400 46BC80 46DA20 472050 472B90 473060 48ACE0 48DDD0 48DF50 48ED40 498720 498770 4987C0 498810
0x80:0xF2,Sys80_F2_RunInstallerWorkflow,sub_48AD50,67,401A50 42D3B0 42D400 42D520 42D560 42D570 42D5B0 42D5D0 42D600 42D650 42EA80 42FA80 444C60 444C70 444FD0 444FF0 4450B0 4450D0 445190 45E850 45F640 45FFB0 464450 464480 4644C0 464500 464520 464570 4646F0 464980 4649F0 464B80 465E30 465F70 46B400 46BC80 46DA20 46F6F0 46F710 46F800 46FB10 46FB90 46FD10 46FD80 46FDF0 46FE40 46FE60 4708F0 470B50 470B70 470BB0 470F70 4720B0 472150 472B90 473210 473510 473520 48AD50 48DDD0 48DF50 48DF70 48ED40 498720 498770 4987C0 498810
0x80:0xF3,Sys80_F3_RunShortcutInstallerWorkflow,sub_48AF30,54,42D3B0 42D400 42D560 42D570 42D5B0 42D600 42FA80 444C60 444C70 444FD0 444FF0 4450B0 4450D0 445190 45E850 45F640 45FFB0 464450 464480 4644C0 464500 464520 464570 4646F0 464980 4649F0 465E30 467080 4670E0 467180 4671B0 467260 467500 467570 46B400 46BC80 46DA20 46F800 46FB10 46FB90 46FD80 46FDF0 470B50 470B70 4712C0 471530 48AF30 48DDD0 48DF50 48ED40 498720 498770 4987C0 498810
0x80:0xF4,Sys80_F4_RemoveUninstallListedFiles,sub_48AFC0,42,42D3B0 42D400 42D520 42D560 42D570 42D5B0 42D5D0 42D600 42D650 444C60 444C70 444FD0 444FF0 4450B0 4450D0 445190 45E850 45F640 45FFB0 464450 464480 4644C0 464500 464520 464570 4646F0 464980 4649F0 465E30 46B400 46BC80 46DA20 471C10 48AFC0 48DDD0 48DF50 48DF70 48ED40 498720 498770 4987C0 498810
0x80:0xF5,Sys80_F5_AppendUninstallListEntries,sub_48B040,42,42D3B0 42D400 42D520 42D560 42D570 42D5B0 42D5D0 42D600 42D650 444C60 444C70 444FD0 444FF0 4450B0 4450D0 445190 45E850 45F640 45FFB0 464450 464480 4644C0 464500 464520 464570 4646F0 464980 4649F0 465E30 46B400 46BC80 46DA20 471E10 48B040 48DDD0 48DF50 48DF70 48ED40 498720 498770 4987C0 498810
0x80:0xF6,Sys80_F6_RemoveInstallerShortcuts,sub_48B0C0,45,42D3B0 42D400 42D560 42D570 42D5B0 42D600 444C60 444C70 444FD0 444FF0 4450B0 445190 45E850 45F640 45FFB0 464450 464480 4644C0 464500 464520 464570 4646F0 464980 4649F0 465E30 467080 4670E0 467180 4671B0 467260 467500 467570 46B400 46BC80 46DA20 46F800 4718D0 48B0C0 48DDD0 48DF50 48ED40 498720 498770 4987C0 498810
0x80:0xF7,Sys80_F7_CreateShortcut,sub_48B110,52,42D3B0 42D400 42D560 42D570 42D5B0 42D600 42FA80 444C60 444C70 444FD0 444FF0 4450B0 4450D0 445190 45E850 45F640 45FFB0 464450 464480 4644C0 464500 464520 464570 4646F0 464980 4649F0 465E30 467080 4670E0 467180 4671B0 467260 467500 467570 46B400 46BC80 46DA20 46F800 46FB10 46FB90 46FD80 46FDF0 4712C0 4713F0 48B110 48DDD0 48DF50 48ED40 498720 498770 4987C0 498810
0x80:0xF8,Sys80_F8_ReadInstalledFolder,sub_48B170,38,42D3B0 42D400 42D560 42D570 42D5B0 42D600 444C60 444C70 444FD0 444FF0 4450B0 4450D0 445190 45E850 45F640 45FFB0 464450 464480 4644C0 464500 464520 464570 4646F0 464980 4649F0 465E30 46B400 46BC80 46DA20 4719D0 48B170 48DDD0 48DF50 48ED40 498720 498770 4987C0 498810
0x80:0xF9,Sys80_F9_DeleteInstalledRegistryKey,sub_48B1B0,38,42D3B0 42D400 42D560 42D570 42D5B0 42D600 444C60 444C70 444FD0 444FF0 4450B0 4450D0 445190 45E850 45F640 45FFB0 464450 464480 4644C0 464500 464520 464570 4646F0 464980 4649F0 465E30 46B400 46BC80 46DA20 471BA0 48B1B0 48DDD0 48DF50 48ED40 498720 498770 4987C0 498810
0x80:0xFA,Sys80_FA_ReadWindowsPathFile,sub_48B1E0,49,42D3B0 42D400 42D520 42D560 42D570 42D5B0 42D5D0 42D600 42D650 444C60 444C70 444FD0 444FF0 4450B0 4450D0 445190 45E850 45F640 45FFB0 464450 464480 4644C0 464500 464520 464570 4646F0 464980 4649F0 465E30 467080 4670E0 467180 4671B0 467260 467500 467570 46B400 46BC80 46DA20 46F800 471AA0 48B1E0 48DDD0 48DF50 48ED40 498720 498770 4987C0 498810
0x80:0xFB,Sys80_FB_WriteWindowsDirectory,sub_48B220,44,42D3B0 42D400 42D560 42D570 42D5B0 42D600 444C60 444C70 444FD0 444FF0 4450B0 445190 45E850 45F640 45FFB0 464450 464480 4644C0 464500 464520 464570 4646F0 464980 4649F0 465E30 467080 4670E0 467180 4671B0 467260 467500 467570 46B400 46BC80 46DA20 46F800 48B220 48DDD0 48DF50 48ED40 498720 498770 4987C0 498810
0x80:0xFC,Sys80_FC_RegisterFileAssociation,sub_48B240,38,42D3B0 42D400 42D560 42D570 42D5B0 42D600 444C60 444C70 444FD0 444FF0 4450B0 4450D0 445190 45E850 45F640 45FFB0 464450 464480 4644C0 464500 464520 464570 4646F0 464980 4649F0 465E30 46B400 46BC80 46DA20 4728B0 48B240 48DDD0 48DF50 48ED40 498720 498770 4987C0 498810
0x80:0xFD,Sys80_FD_QueryLauncherMode,sub_48B2A0,3,4450D0 4728A0 48B2A0
0x80:0xFE,Sys80_FE_InstallerFeatureAvailable,sub_48B150,3,4450D0 4892D0 48B150
0x81:0x04,Sys81_04_SetClockJumpThreshold,sub_48B330,4,4450B0 4450D0 48B330 498820
0x81:0x07,Sys81_07_CopyCoordinateSlot,sub_48B360,38,42D3B0 42D400 42D560 42D570 42D5B0 42D600 444C60 444C70 444FD0 444FF0 4450B0 4450D0 445190 45E850 45F640 45FFB0 464450 464480 4644C0 464500 464520 464570 4646F0 464980 4649F0 465E30 46B400 46BC80 46DA20 48B360 48DDD0 48DF50 48E590 48ED40 498720 498770 4987C0 498810
0x81:0x08,Sys81_08_GetUserName,sub_48B390,36,42D3B0 42D400 42D560 42D570 42D5B0 42D600 444C60 444C70 444FD0 444FF0 4450B0 445190 45E850 45F640 45FFB0 464450 464480 4644C0 464500 464520 464570 4646F0 464980 4649F0 465E30 46B400 46BC80 46DA20 48B390 48DDD0 48DF50 48ED40 498720 498770 4987C0 498810
0x81:0x09,Sys81_09_GetComputerName,sub_48B3C0,36,42D3B0 42D400 42D560 42D570 42D5B0 42D600 444C60 444C70 444FD0 444FF0 4450B0 445190 45E850 45F640 45FFB0 464450 464480 4644C0 464500 464520 464570 4646F0 464980 4649F0 465E30 46B400 46BC80 46DA20 48B3C0 48DDD0 48DF50 48ED40 498720 498770 4987C0 498810
0x81:0x0A,Sys81_0A_GetCpuBrand,sub_48B3F0,40,42D3B0 42D400 42D560 42D570 42D5B0 42D600 444C60 444C70 444FD0 444FF0 4450B0 4450D0 445190 45E850 45F640 45FFB0 464450 464480 4644C0 464500 464520 464570 4646F0 464980 4649F0 465E30 46B400 46BC80 46DA20 46E890 46F720 48B3F0 48DDD0 48DF50 48ED40 495B30 498720 498770 4987C0 498810
0x81:0x0B,Sys81_0B_GetCpuDisplayInfo,sub_48B420,38,42D3B0 42D400 42D560 42D570 42D5B0 42D600 444C60 444C70 444FD0 444FF0 4450B0 445190 45E490 45E850 45F640 45FFB0 464450 464480 4644C0 464500 464520 464570 4646F0 464980 4649F0 465E30 46B400 46BC80 46DA20 48B420 48DDD0 48DF50 48ED40 495B30 498720 498770 4987C0 498810
0x81:0x0C,Sys81_0C_GetOsVersion,sub_48B450,37,42D3B0 42D400 42D560 42D570 42D5B0 42D600 444C60 444C70 444FD0 444FF0 4450B0 445190 45E850 45F640 45FFB0 464450 464480 4644C0 464500 464520 464570 4646F0 464980 4649F0 465E30 46B400 46BC80 46DA20 46F800 48B450 48DDD0 48DF50 48ED40 498720 498770 4987C0 498810
0x81:0x0D,Sys81_0D_GetPhysicalMemoryMb,sub_48B4E0,36,42D3B0 42D400 42D560 42D570 42D5B0 42D600 444C60 444C70 444FD0 444FF0 4450B0 445190 45E850 45F640 45FFB0 464450 464480 4644C0 464500 464520 464570 4646F0 464980 4649F0 465E30 46B400 46BC80 46DA20 48B4E0 48DDD0 48DF50 48ED40 498720 498770 4987C0 498810
0x81:0x0E,Sys81_0E_GetAdjustedDesktopDimensions,sub_48B570,37,42D3B0 42D400 42D560 42D570 42D5B0 42D600 444C60 444C70 444FD0 444FF0 4450B0 445190 45E580 45E850 45F640 45FFB0 464450 464480 4644C0 464500 464520 464570 4646F0 464980 4649F0 465E30 46B400 46BC80 46DA20 48B570 48DDD0 48DF50 48ED40 498720 498770 4987C0 498810
0x81:0x0F,Sys81_0F_IsMainWindowMinimized,sub_48B590,2,4450D0 48B590
0x81:0x10,Sys81_10_SwapInputBinding,sub_48B5B0,20,4450B0 4450D0 45E850 45F640 45FFB0 464450 464480 4644C0 464500 464520 46BC80 46DA20 46DA40 48B5B0 48ED40 497B40 498720 498770 4987C0 498810
0x81:0x11,Sys81_11_CopyKeyboardState,sub_48B5F0,36,42D3B0 42D400 42D560 42D570 42D5B0 42D600 444C60 444C70 444FD0 444FF0 4450B0 445190 45E850 45F640 45FFB0 464450 464480 4644C0 464500 464520 464570 4646F0 464980 4649F0 465E30 46B400 46BC80 46DA20 48B5F0 48DDD0 48DF50 48ED40 498720 498770 4987C0 498810
0x81:0x14,Sys81_14_SetKeyboardPollingOverride,sub_48B610,3,4450B0 46D540 48B610
0x81:0x16,Sys81_16_ConfigurePointerHistory,sub_48B630,4,4450B0 4450D0 46B1C0 48B630
0x81:0x17,Sys81_17_CopyPointerHistory,sub_48B670,39,401000 42D3B0 42D400 42D560 42D570 42D5B0 42D600 444C60 444C70 444FD0 444FF0 4450B0 4450D0 445190 45E850 45F640 45FFB0 464450 464480 4644C0 464500 464520 464570 4646F0 464980 4649F0 465E30 46B300 46B400 46BC80 46DA20 48B670 48DDD0 48DF50 48ED40 498720 498770 4987C0 498810
0x81:0x18,Sys81_18_RegisterTouchInput,sub_48B6C0,4,4450B0 4450D0 46B100 48B6C0
0x81:0x19,Sys81_19_CopyTouchRecords,sub_48B6F0,38,42D3B0 42D400 42D560 42D570 42D5B0 42D600 444C60 444C70 444FD0 444FF0 4450B0 4450D0 445190 45E850 45F640 45FFB0 464450 464480 4644C0 464500 464520 464570 4646F0 464980 4649F0 465E30 46B140 46B400 46BC80 46DA20 48B6F0 48DDD0 48DF50 48ED40 498720 498770 4987C0 498810
0x81:0x1B,Sys81_1B_SetControllerWakeEntry,sub_48B720,4,4450B0 4450D0 460E40 48B720
0x81:0x1D,Sys81_1D_QueryControllerState,sub_48B760,38,42D3B0 42D400 42D560 42D570 42D5B0 42D600 444C60 444C70 444FD0 444FF0 4450B0 4450D0 445190 45E850 45F640 45FFB0 460E60 464450 464480 4644C0 464500 464520 464570 4646F0 464980 4649F0 465E30 46B400 46BC80 46DA20 48B760 48DDD0 48DF50 48ED40 498720 498770 4987C0 498810
0x81:0x1E,Sys81_1E_InjectMouseClick,sub_48B7A0,4,4450B0 4450D0 46E5D0 48B7A0
0x81:0x1F,Sys81_1F_SetMessageAuxiliaryInputMask,sub_48B7D0,4,4319F0 4450B0 46E5A0 48B7D0
0x81:0x28,Sys81_28_OpenResourceStream,sub_48B7F0,43,401130 401140 4011B0 42D3B0 42D400 42D520 42D560 42D570 42D5B0 42D600 42EA80 42FA80 444C60 444C70 444FD0 444FF0 4450B0 4450D0 445190 45E850 45F640 45FFB0 464450 464480 4644C0 464500 464520 464570 4646F0 464980 4649F0 465E30 46B400 46BC80 46DA20 48B7F0 48DDD0 48DF50 48ED40 498720 498770 4987C0 498810
0x81:0x29,Sys81_29_QueueResourceClose,sub_48B890,42,401130 401140 401390 401400 401490 42D3B0 42D400 42D560 42D570 42D5B0 42D600 444C60 444C70 444FD0 444FF0 4450B0 4450D0 445190 45E850 45F640 45FFB0 464450 464480 4644C0 464500 464520 464570 4646F0 464980 4649F0 465E30 46B400 46BC80 46DA20 48B890 48DDD0 48DF50 48ED40 498720 498770 4987C0 498810
0x81:0x2A,Sys81_2A_QueueResourceRead,sub_48B8F0,42,401130 401140 401390 401400 4014A0 42D3B0 42D400 42D560 42D570 42D5B0 42D600 444C60 444C70 444FD0 444FF0 4450B0 4450D0 445190 45E850 45F640 45FFB0 464450 464480 4644C0 464500 464520 464570 4646F0 464980 4649F0 465E30 46B400 46BC80 46DA20 48B8F0 48DDD0 48DF50 48ED40 498720 498770 4987C0 498810
0x81:0x2B,Sys81_2B_QueueResourceSeek,sub_48B970,42,401130 401140 401390 401400 4014C0 42D3B0 42D400 42D560 42D570 42D5B0 42D600 444C60 444C70 444FD0 444FF0 4450B0 4450D0 445190 45E850 45F640 45FFB0 464450 464480 4644C0 464500 464520 464570 4646F0 464980 4649F0 465E30 46B400 46BC80 46DA20 48B970 48DDD0 48DF50 48ED40 498720 498770 4987C0 498810
0x81:0x2C,Sys81_2C_GetFileTimes,sub_48B9E0,40,42D3B0 42D400 42D520 42D560 42D570 42D5B0 42D600 42D660 444C60 444C70 444FD0 444FF0 4450B0 4450D0 445190 45E850 45F640 45FFB0 464450 464480 4644C0 464500 464520 464570 4646F0 464980 4649F0 465E30 4687A0 46B400 46BC80 46DA20 48B9E0 48DDD0 48DF50 48ED40 498720 498770 4987C0 498810
0x81:0x2D,Sys81_2D_SetFileTimes,sub_48BA30,39,42D3B0 42D400 42D560 42D570 42D5B0 42D600 42D680 444C60 444C70 444FD0 444FF0 4450B0 4450D0 445190 45E850 45F640 45FFB0 464450 464480 4644C0 464500 464520 464570 4646F0 464980 4649F0 465E30 468850 46B400 46BC80 46DA20 48BA30 48DDD0 48DF50 48ED40 498720 498770 4987C0 498810
0x81:0x2F,Sys81_2F_TestPathWritable,sub_48BA80,48,42D3B0 42D400 42D520 42D560 42D570 42D5B0 42D600 42FA80 444C60 444C70 444FD0 444FF0 4450B0 4450D0 445190 45E850 45F640 45FFB0 464450 464480 4644C0 464500 464520 464570 4646F0 464980 4649F0 465E30 467080 4670E0 467180 4677E0 46B400 46BC80 46DA20 46F800 46FB10 46FB90 46FD80 46FDF0 48BA80 48DDD0 48DF50 48ED40 498720 498770 4987C0 498810
0x81:0x30,Sys81_30_ReadResourceBinary,sub_48BAB0,75,406720 406970 406A70 406AF0 406CA0 406D30 406D40 42D3B0 42D400 42D520 42D560 42D570 42D5B0 42D5D0 42D600 42D630 42D650 42EA80 42FA80 4318F0 439730 439AE0 43D0D0 43D1A0 444C60 444C70 444FC0 444FD0 444FF0 4450B0 4450D0 445190 4451C0 446060 446190 4523F0 45E850 45F640 45FFB0 464450 464480 4644C0 464500 464520 464570 4646F0 464980 4649F0 464B80 465E30 466400 466430 466440 466550 4665C0 467CC0 467DD0 467EC0 467F50 468310 46B400 46BC80 46DA20 46F800 48BAB0 48D190 48D1A0 48DDD0 48DF50 48ED40 497EA0 498720 498770 4987C0 498810
0x81:0x31,Sys81_31_InternetRead,sub_48BBA0,38,42D3B0 42D400 42D560 42D570 42D5B0 42D600 444C60 444C70 444FD0 444FF0 4450B0 4450D0 445190 45E850 45F640 45FFB0 464450 464480 4644C0 464500 464520 464570 4646F0 464980 4649F0 465E30 468420 46B400 46BC80 46DA20 48BBA0 48DDD0 48DF50 48ED40 498720 498770 4987C0 498810
0x81:0x32,Sys81_32_DirectFileRead,sub_48BBF0,40,42D3B0 42D400 42D560 42D570 42D5B0 42D600 42EA80 42FA80 444C60 444C70 444FD0 444FF0 4450B0 4450D0 445190 45E850 45F640 45FFB0 464450 464480 4644C0 464500 464520 464570 4646F0 464980 4649F0 465E30 468140 46B400 46BC80 46DA20 48BBF0 48DDD0 48DF50 48ED40 498720 498770 4987C0 498810
0x81:0x35,Sys81_35_ResourceSize,sub_48BC40,55,406720 406A70 406AF0 406CA0 406D30 406D40 42D3B0 42D400 42D520 42D560 42D570 42D5B0 42D5D0 42D600 42D630 42D650 42EA80 42FA80 444C60 444C70 444FD0 444FF0 4450B0 4450D0 445190 45E850 45F640 45FFB0 464450 464480 4644C0 464500 464520 464570 4646F0 464980 4649F0 464B80 465E30 467CC0 467DD0 467EC0 468310 46B400 46BC80 46DA20 46F800 48BC40 48DDD0 48DF50 48ED40 498720 498770 4987C0 498810
0x81:0x36,Sys81_36_EnumerateDriveTypes,sub_48BC80,39,42D3B0 42D400 42D560 42D570 42D5B0 42D600 444C60 444C70 444FD0 444FF0 4450B0 4450D0 445190 45E850 45F640 45FFB0 464450 464480 4644C0 464500 464520 464570 4646F0 464980 4649F0 464A80 464B00 465E30 46B400 46BC80 46DA20 48BC80 48DDD0 48DF50 48ED40 498720 498770 4987C0 498810
0x81:0x37,Sys81_37_GetDiskFreeMb,sub_48BCB0,42,42D3B0 42D400 42D560 42D570 42D5B0 42D600 42EA80 42FA80 444C60 444C70 444FD0 444FF0 4450B0 4450D0 445190 45E850 45F640 45FFB0 464450 464480 4644C0 464500 464520 464570 4646F0 464980 4649F0 464B80 465E30 4686D0 46B400 46BC80 46DA20 46F800 48BCB0 48DDD0 48DF50 48ED40 498720 498770 4987C0 498810
0x81:0x38,Sys81_38_ShowResourceFileDialog,sub_48BCF0,39,42D3B0 42D400 42D560 42D570 42D5B0 42D600 444C60 444C70 444FD0 444FF0 4450B0 4450D0 445190 45E850 45F640 45FFB0 464450 464480 4644C0 464500 464520 464570 4646F0 464980 4649F0 465E30 466920 46B400 46BC80 46DA20 48BCF0 48DDD0 48DF50 48DF70 48ED40 498720 498770 4987C0 498810
0x81:0x39,Sys81_39_EnumerateResources,sub_48BDD0,43,406720 406810 406CA0 406D30 406D40 42D3B0 42D400 42D560 42D570 42D5B0 42D600 444C60 444C70 444FD0 444FF0 4450B0 4450D0 445190 45E850 45F640 45FFB0 464450 464480 4644C0 464500 464520 464570 4646F0 464980 4649F0 465E30 467A60 46B400 46BC80 46DA20 48BDD0 48DDD0 48DF50 48ED40 498720 498770 4987C0 498810
0x81:0x3A,Sys81_3A_BrowseFolder,sub_48BE10,42,42D3B0 42D400 42D560 42D570 42D5B0 42D600 444C60 444C70 444FD0 444FF0 4450B0 4450D0 445190 45E850 45F640 45FFB0 464450 464480 4644C0 464500 464520 464570 4646F0 464980 4649F0 465E30 46B400 46BC80 46DA20 46F6F0 46F710 46F9C0 472B90 472C00 48BE10 48DDD0 48DF50 48ED40 498720 498770 4987C0 498810
0x81:0x3B,Sys81_3B_ShowResourceList,sub_48BE60,48,406720 406810 406CA0 406D30 406D40 42D3B0 42D400 42D560 42D570 42D5B0 42D600 444C60 444C70 444FD0 444FF0 4450B0 4450D0 445190 45C870 45DB40 45DD50 45E850 45F640 45FFB0 464450 464480 4644C0 464500 464520 464570 4646F0 464980 4649F0 465E30 467920 46B400 46BC80 46DA20 472B90 48BE60 48DDD0 48DF50 48ED40 498720 498770 4987C0 498810 49A220
0x81:0x3C,Sys81_3C_ResourceExists,sub_48BEB0,42,42D3B0 42D400 42D560 42D570 42D5B0 42D600 42EA80 42FA80 444C60 444C70 444FD0 444FF0 4450B0 4450D0 445190 45E850 45F640 45FFB0 464450 464480 4644C0 464500 464520 464570 4646F0 464980 4649F0 464B80 465E30 4685D0 46B400 46BC80 46DA20 46F800 48BEB0 48DDD0 48DF50 48ED40 498720 498770 4987C0 498810
0x81:0x3D,Sys81_3D_GetVolumeLabel,sub_48BEE0,38,42D3B0 42D400 42D560 42D570 42D5B0 42D600 444C60 444C70 444FD0 444FF0 4450B0 4450D0 445190 45E850 45F640 45FFB0 464450 464480 4644C0 464500 464520 464570 4646F0 464980 4649F0 465E30 468670 46B400 46BC80 46DA20 48BEE0 48DDD0 48DF50 48ED40 498720 498770 4987C0 498810
0x81:0x3E,Sys81_3E_QueryDevicePowerState,sub_48BF20,39,42D3B0 42D400 42D560 42D570 42D5B0 42D600 444C60 444C70 444FD0 444FF0 4450B0 4450D0 445190 45E850 45F640 45FFB0 464450 464480 4644C0 464500 464520 464570 4646F0 4648F0 464980 4649F0 465E30 46B400 46BC80 46DA20 46F800 48BF20 48DDD0 48DF50 48ED40 498720 498770 4987C0 498810
0x81:0x44,Sys81_44_CreateChildThread,sub_48BF60,46,42D3B0 42D400 42D560 42D570 42D5B0 42D600 430260 4302C0 430310 4447C0 444A60 444BD0 444C30 444C60 444C70 444FD0 444FE0 444FF0 445000 4450B0 4450D0 445190 452B10 452C20 45E850 45F640 45FFB0 464450 464480 4644C0 464500 464520 464570 4646F0 464980 4649F0 465E30 46B400 46BC80 46DA20 48BF60 48ED40 498720 498770 4987C0 498810
0x81:0x60,Sys81_60_ConfigureScreenMode,sub_48C0D0,4,4450B0 4450D0 461040 48C0D0
0x81:0x61,Sys81_61_QueryEffectiveDisplayMode,sub_48C110,9,4450D0 45E580 45E600 45E880 461090 4610A0 4610B0 4610C0 48C110
0x81:0x62,Sys81_62_SetMonitorAdapterMode,sub_48C130,4,4450B0 4450D0 45E830 48C130
0x81:0x63,Sys81_63_SetConfigInputMode,sub_48C160,4,4450B0 4450D0 45E860 48C160
0x81:0x64,Sys81_64_ConfigureLogicalScreenSize,sub_48C190,121,402030 407B00 407B10 407B20 407B30 409030 409080 409190 41ADF0 41C060 41C0A0 420730 420870 420D70 428370 42BDE0 430D10 431120 442D40 442E10 4450B0 4461E0 446750 446780 4467B0 4467C0 4468A0 45E470 45E480 45E4D0 45E4F0 45E550 45E580 45E5F0 45E600 45E610 45E740 45E750 45E770 45E850 45E880 45EBB0 45ED40 45EE70 45F010 45F030 45F2B0 45F340 45F640 45F680 45F690 45FFB0 460030 4602C0 460320 460400 460420 460550 460590 461080 461090 4610A0 4610B0 4610C0 4610E0 4610F0 461110 4615E0 461690 461D70 463B60 463D90 463EB0 464500 4652E0 465320 468FA0 4691A0 4692D0 469460 469710 4697E0 469AB0 469B80 469D50 469EE0 46BB70 46BB80 46BC80 46DA20 46E890 46E930 46E9A0 46E9B0 46EAF0 46EB20 46EBA0 46F2B0 46F310 46F380 46F3C0 46F5D0 48C190 48ED40 48EE80 48EF30 490AE0 4922C0 4922D0 493750 493860 4938F0 493940 498720 498770 4987C0 498810 498840 498880 49A110 49A220
0x81:0x65,Sys81_65_SetWindowPositionOverride,sub_48C1C0,3,4450B0 48C1C0 49A250
0x81:0x68,Sys81_68_SwapPauseOnDeactivate,sub_48C1E0,4,4450B0 4450D0 48C1E0 498800
0x81:0x69,Sys81_69_SetPrintScreenHotkeyCapture,sub_48C210,3,4450B0 48C210 49A2D0
0x81:0x6A,Sys81_6A_SetErrorCaptureMode,sub_48C230,3,4450B0 464440 48C230
0x81:0x6B,Sys81_6B_CopyCapturedError,sub_48C250,37,42D3B0 42D400 42D560 42D570 42D5B0 42D600 444C60 444C70 444FD0 444FF0 4450B0 4450D0 445190 45E850 45F640 45FFB0 464450 464480 4644C0 464500 464520 464570 4646F0 464980 4649F0 465E30 46B400 46BC80 46DA20 48C250 48DDD0 48DF50 48ED40 498720 498770 4987C0 498810
0x81:0x6D,Sys81_6D_QueryPixelShaderVersion,sub_48C280,3,4450D0 460590 48C280
0x81:0x6E,Sys81_6E_UncaughtExceptionActive,sub_48C2A0,2,4450D0 48C2A0
0x81:0x6F,Sys81_6F_SetBicubicShader,sub_48C2C0,38,402030 4450B0 4450D0 4461E0 446750 446780 4467B0 4467C0 4468A0 460400 460420 460550 460590 463B60 463D90 463EB0 4652E0 465320 468FA0 4691A0 4692D0 469460 469710 4697E0 469AB0 469B80 469D50 469EE0 46BB70 46BB80 48C2C0 490AE0 4922C0 4922D0 493750 493860 4938F0 493940
0x81:0xB0,Sys81_B0_WideStringDistance,sub_48C2F0,38,42D3B0 42D400 42D560 42D570 42D5B0 42D600 444C60 444C70 444FD0 444FF0 4450B0 4450D0 445190 45E850 45F640 45FFB0 464450 464480 4644C0 464500 464520 464570 4646F0 464980 4649F0 465E30 46B400 46BC80 46DA20 48C2F0 48DDD0 48DF50 48ED40 495C50 498720 498770 4987C0 498810
0x81:0xB7,Sys81_B7_ShiftJisToUtf16,sub_48C320,38,42D3B0 42D400 42D560 42D570 42D5B0 42D600 444C60 444C70 444FD0 444FF0 4450B0 4450D0 445190 45E850 45F640 45FFB0 464450 464480 4644C0 464500 464520 464570 4646F0 464980 4649F0 465E30 46B400 46BC80 46DA20 48C320 48DDD0 48DF50 48ED40 495BE0 498720 498770 4987C0 498810
0x81:0xD0,Sys81_D0_BlobTableOpen,sub_48C350,39,42D3B0 42D400 42D560 42D570 42D5B0 42D600 444C60 444C70 444FD0 444FF0 4450B0 4450D0 445190 447450 45E850 45F640 45FFB0 464450 464480 4644C0 464500 464520 464570 4646F0 464980 4649F0 465E30 46A8B0 46B400 46BC80 46DA20 48C350 48DDD0 48DF50 48ED40 498720 498770 4987C0 498810
0x81:0xD1,Sys81_D1_BlobTableClose,sub_48C390,6,4450B0 4450D0 447490 4475D0 46A960 48C390
0x81:0xD2,Sys81_D2_BlobTableStore,sub_48C3C0,42,42D3B0 42D400 42D560 42D570 42D5B0 42D600 444C60 444C70 444FD0 444FF0 4450B0 4450D0 445190 4474C0 447510 4475D0 45E850 45F640 45FFB0 464450 464480 4644C0 464500 464520 464570 4646F0 464980 4649F0 465E30 46A9B0 46A9D0 46B400 46BC80 46DA20 48C3C0 48DDD0 48DF50 48ED40 498720 498770 4987C0 498810
0x81:0xD3,Sys81_D3_BlobTableRemove,sub_48C420,6,4450B0 4450D0 4475D0 46A9B0 46AA30 48C420
0x81:0xD4,Sys81_D4_BlobTableFetch,sub_48C460,40,42D3B0 42D400 42D560 42D570 42D5B0 42D600 444C60 444C70 444FD0 444FF0 4450B0 4450D0 445190 447610 45E850 45F640 45FFB0 464450 464480 4644C0 464500 464520 464570 4646F0 464980 4649F0 465E30 46A9B0 46AA60 46B400 46BC80 46DA20 48C460 48DDD0 48DF50 48ED40 498720 498770 4987C0 498810
0x81:0xD5,Sys81_D5_BlobTableEnumerate,sub_48C4B0,40,42D3B0 42D400 42D560 42D570 42D5B0 42D600 444C60 444C70 444FD0 444FF0 4450B0 4450D0 445190 447650 45E850 45F640 45FFB0 464450 464480 4644C0 464500 464520 464570 4646F0 464980 4649F0 465E30 46A9B0 46AAA0 46B400 46BC80 46DA20 48C4B0 48DDD0 48DF50 48ED40 498720 498770 4987C0 498810
0x81:0xE0,Sys81_E0_LaunchProcessWait,sub_48C4F0,50,42D3B0 42D400 42D560 42D570 42D5B0 42D600 42EA80 42FA80 444C60 444C70 444FD0 444FF0 4450B0 4450D0 445190 45E850 45F640 45FFB0 4610D0 464450 464480 4644C0 464500 464520 464570 4646F0 464980 4649F0 464B80 465E30 467080 4670E0 46B400 46BC80 46DA20 46F6F0 46F710 46F800 4724B0 48C4F0 48DDD0 48DF50 48ED40 498720 498770 4987C0 498810 49A060 49A170 49A220
0x81:0xE9,Sys81_E9_UpdateRollingHash,sub_48C570,37,401900 42D3B0 42D400 42D560 42D570 42D5B0 42D600 444C60 444C70 444FD0 444FF0 4450B0 445190 45E850 45F640 45FFB0 464450 464480 4644C0 464500 464520 464570 4646F0 464980 4649F0 465E30 46B400 46BC80 46DA20 48C570 48DDD0 48DF50 48ED40 498720 498770 4987C0 498810
0x81:0xEA,Sys81_EA_Md5,sub_48C5B0,36,42D3B0 42D400 42D560 42D570 42D5B0 42D600 444C60 444C70 444FD0 444FF0 4450B0 445190 45E850 45F640 45FFB0 464450 464480 4644C0 464500 464520 464570 4646F0 464980 4649F0 465E30 46B400 46BC80 46DA20 48C5B0 48DDD0 48DF50 48ED40 498720 498770 4987C0 498810
0x81:0xEC,Sys81_EC_CreateNamedMutex,sub_48C5F0,38,42D3B0 42D400 42D560 42D570 42D5B0 42D600 444C60 444C70 444FD0 444FF0 4450B0 4450D0 445190 45E850 45F640 45FFB0 464450 464480 4644C0 464500 464520 464570 4646F0 464980 4649F0 465E30 46B400 46BC80 46DA20 48C5F0 48DDD0 48DF50 48ED40 48F970 498720 498770 4987C0 498810
0x81:0xED,Sys81_ED_ReleaseNamedMutex,sub_48C620,4,4450B0 4450D0 48C620 48FA00
0x81:0xF2,Sys81_F2_RunInstallationProcedure,sub_48C650,57,401A50 42D3B0 42D400 42D520 42D560 42D570 42D5B0 42D5D0 42D600 42FA80 4318F0 43D0D0 43D1A0 444C60 444C70 444FC0 444FD0 444FF0 4450B0 4450D0 445190 4451C0 451480 451660 451680 451AA0 451CF0 45E850 45F640 45FFB0 464450 464480 4644C0 464500 464520 464570 4646F0 464980 4649F0 465E30 46B400 46BC80 46DA20 46FB10 46FB90 46FD10 46FD80 46FDF0 48C650 48DDD0 48DF50 48DF70 48ED40 498720 498770 4987C0 498810
0x81:0xF7,Sys81_F7_CreateSpecialFolderShortcut,sub_48C8D0,52,42D3B0 42D400 42D560 42D570 42D5B0 42D600 42FA80 444C60 444C70 444FD0 444FF0 4450B0 4450D0 445190 45E850 45F640 45FFB0 464450 464480 4644C0 464500 464520 464570 4646F0 464980 4649F0 465E30 467080 4670E0 467180 4671B0 467260 467500 467570 46B400 46BC80 46DA20 46F800 46FB10 46FB90 46FD80 46FDF0 4712C0 4713F0 48C8D0 48DDD0 48DF50 48ED40 498720 498770 4987C0 498810
0x90:0x00,Graph90_00_RequestRedraw,sub_4793A0,4,4450B0 461D70 461D80 4793A0
0x90:0x01,Graph90_01_SetSchedulerGate,sub_4793D0,3,4450B0 461D00 4793D0
0x90:0x02,Graph90_02_SetFrameRate,sub_4793F0,34,42D3B0 42D400 42D560 42D570 42D5B0 42D600 444C60 444FD0 444FF0 4450B0 445190 45E850 45F640 45FFB0 461D20 464450 464480 4644C0 464500 464520 464570 4646F0 464980 4649F0 465E30 46B400 46BC80 46DA20 4793F0 48ED40 498720 498770 4987C0 498810
0x90:0x03,Graph90_03_InitializeBitmapMemoryManager,sub_479460,36,42D3B0 42D400 42D560 42D570 42D5B0 42D600 4398C0 439970 444C60 444FD0 444FF0 4450B0 445190 445EB0 45E850 45F640 45FFB0 464450 464480 4644C0 464500 464520 464570 4646F0 464980 4649F0 465E30 46B400 46BC80 46DA20 479460 48ED40 498720 498770 4987C0 498810
0x90:0x04,Graph90_04_CreateWorkBitmap,sub_4794C0,62,407B30 407C40 407C90 407CF0 407DA0 407F20 408300 408870 408880 408A10 408DC0 408E30 408E50 409110 409190 4091B0 40A620 40ADF0 42D3B0 42D400 42D560 42D570 42D5B0 42D600 430260 4302C0 442E10 442EE0 442FF0 443080 444C60 444FD0 444FF0 4450B0 445190 45E850 45F640 45FFB0 461E60 464450 464480 4644C0 464500 464520 464570 4646F0 464980 4649F0 465E30 46B400 46BC80 46DA20 4794C0 48ED40 4931C0 4931E0 493350 497B60 498720 498770 4987C0 498810
0x90:0x05,Graph90_05_CreatePrioritizedWorkBitmap,sub_4794F0,65,407B30 407C40 407C90 407CF0 407DA0 407F20 408300 408870 408880 408A10 408DC0 408E30 408E50 4090B0 409110 409170 409190 4091B0 41AFD0 41C190 42D3B0 42D400 42D560 42D570 42D5B0 42D600 430260 4302C0 430D30 431450 442E10 442F80 444C60 444FD0 444FF0 4450B0 445190 45E850 45F640 45FFB0 461E70 464450 464480 4644C0 464500 464520 464570 4646F0 464980 4649F0 465E30 46B400 46BC80 46DA20 4794F0 48ED40 4931C0 4931E0 493350 497B60 497BB0 498720 498770 4987C0 498810
0x90:0x06,Graph90_06_SetCenter,sub_479530,5,430D10 442E70 4450B0 461E30 479530
0x90:0x07,Graph90_07_SetDefaultProcedureDuration,sub_479560,3,402070 4450B0 479560
0x90:0x08,Graph90_08_SetDisplayEnabled,sub_479580,6,41A670 430D10 443130 4450B0 461E80 479580
0x90:0x09,Graph90_09_SetDefaultPriority,sub_4795A0,37,42D3B0 42D400 42D560 42D570 42D5B0 42D600 430D10 430D20 444C60 444FD0 444FF0 4450B0 445190 45E850 45F640 45FFB0 461EA0 464450 464480 4644C0 464500 464520 464570 4646F0 464980 4649F0 465E30 46B400 46BC80 46DA20 4795A0 48ED40 497BB0 498720 498770 4987C0 498810
0x90:0x0A,Graph90_0A_SetObjectUpdateRedrawPolicy,sub_4795D0,3,4319E0 4450B0 4795D0
0x90:0x0B,Graph90_0B_SetCurrentBitmap,sub_479600,4,401B70 407BB0 4450B0 479600
0x90:0x0C,Graph90_0C_SetDisplayOptions,sub_479620,38,42B0D0 42B0E0 42D3B0 42D400 42D560 42D570 42D5B0 42D600 440570 444C60 444FD0 444FF0 4450B0 445190 45E850 45F640 45FFB0 462920 464450 464480 4644C0 464500 464520 464570 4646F0 464980 4649F0 465E30 46B400 46BC80 46DA20 479620 48ED40 497DB0 498720 498770 4987C0 498810
0x90:0x0D,Graph90_0D_SetRasterFormatMode,sub_479660,53,4092D0 42D3B0 42D400 42D560 42D570 42D5B0 42D600 42D6A0 42D980 42DA00 42DA70 42DB60 42DBA0 42DC80 42DD70 42DDF0 42DF40 42E9E0 42EAB0 42EB30 42EBD0 42ECA0 42EEC0 42F070 42F310 444C60 444FD0 444FF0 4450B0 445190 45E850 45F640 45FFB0 461E10 464450 464480 4644C0 464500 464520 464570 4646F0 464980 4649F0 465E30 46B400 46BC80 46DA20 479660 48ED40 498720 498770 4987C0 498810
0x90:0x0E,Graph90_0E_RegisterFont,sub_4796C0,37,407C20 42D3B0 42D400 42D560 42D570 42D5B0 42D600 42EF60 444C60 444FD0 444FF0 4450B0 445190 45E850 45F640 45FFB0 461DE0 464450 464480 4644C0 464500 464520 464570 4646F0 464980 4649F0 465E30 468BB0 46B400 46BC80 46DA20 4796C0 48ED40 498720 498770 4987C0 498810
0x90:0x0F,Graph90_0F_SetBitmapUnblendColor,sub_4797C0,4,407B50 4450B0 461E20 4797C0
0x90:0x10,Graph90_10_LoadBitmap,sub_4797E0,158,401C10 401CE0 401E00 402030 402080 402110 402330 402420 4058D0 405920 406720 406970 406A50 406A70 406AF0 406CA0 406D30 406D40 407B30 407B60 407C40 407C90 407CF0 407DA0 407F00 407F20 4080B0 408300 408870 408880 408A10 408DC0 408E30 408E50 408E90 40ADF0 42D3B0 42D400 42D520 42D560 42D570 42D5B0 42D5D0 42D600 42D650 42EA80 42FA80 430260 4302C0 4318F0 4397E0 439930 439950 439AE0 439C70 43D0D0 43D1A0 444C60 444C70 444FC0 444FD0 444FF0 4450B0 445190 4451C0 445F40 446060 446100 446130 446190 4461E0 446750 446780 4467B0 4467C0 4468A0 450480 450510 450680 450A80 451070 4512E0 451300 45E850 45F640 45FFB0 463B60 463D90 463EB0 464450 464480 4644C0 464500 464520 464570 4646F0 464760 464980 4649F0 464B80 4652E0 465320 465580 4656C0 4658B0 4658D0 4659C0 465A20 465AB0 465E30 466400 466430 466440 466550 4665C0 468FA0 4691A0 4692D0 469460 469710 4697E0 469AB0 469B80 469D50 469EE0 46B400 46BB70 46BB80 46BC80 46D550 46D560 46DA20 46DB00 46DB40 46DE30 46F6F0 46F710 46F800 4797E0 48DDD0 48DF50 48EBC0 48ED40 48EE70 490AE0 4922C0 4922D0 4931C0 4931E0 493350 497B40 497B60 497EA0 498720 498770 4987C0 498810 49A230
0x90:0x11,Graph90_11_CreateBitmap,sub_4799B0,47,4026C0 407B30 407C40 407C90 407CF0 407DA0 408300 408870 408880 408A10 408DC0 42D3B0 42D400 42D560 42D570 42D5B0 42D600 430260 4302C0 444C60 444FD0 444FF0 4450B0 445190 45E850 45F640 45FFB0 464450 464480 4644C0 464500 464520 464570 4646F0 464980 4649F0 465E30 46B400 46BC80 46DA20 4799B0 48ED40 497B60 498720 498770 4987C0 498810
0x90:0x12,Graph90_12_ReleaseBitmap,sub_479A50,11,4026F0 407C40 407C90 407CF0 408870 408880 408A10 408DC0 4450B0 4450D0 479A50
0x90:0x13,Graph90_13_FillBitmap,sub_479A80,51,4026E0 407F20 408040 408E30 408E50 409110 409190 4091B0 40A620 40A710 40A7C0 40A840 40A910 42D3B0 42D400 42D560 42D570 42D5B0 42D600 444C60 444FD0 444FF0 4450B0 445190 45E850 45F640 45FFB0 464450 464480 4644C0 464500 464520 464570 4646F0 464980 4649F0 465E30 46B400 46BC80 46DA20 479A80 48ED40 4931C0 4931E0 493350 497B60 497C00 498720 498770 4987C0 498810
0x90:0x14,Graph90_14_CreateBitmapFromPixels,sub_479AC0,61,402420 407B30 407B60 407C40 407C90 407CF0 407DA0 407F00 407F20 4080B0 408300 408870 408880 408A10 408DC0 408E30 408E50 408E90 40ADF0 42D3B0 42D400 42D560 42D570 42D5B0 42D600 430260 4302C0 444C60 444C70 444FD0 444FF0 4450B0 445190 45E850 45F640 45FFB0 464450 464480 4644C0 464500 464520 464570 4646F0 464980 4649F0 465E30 46B400 46BC80 46DA20 479AC0 48DDD0 48DF50 48ED40 4931C0 4931E0 493350 497B60 498720 498770 4987C0 498810
0x90:0x15,Graph90_15_CopyBitmapPixels,sub_479B30,45,4026A0 407F20 408200 408E30 408E50 42D3B0 42D400 42D560 42D570 42D5B0 42D600 444C60 444C70 444FD0 444FF0 4450B0 445190 45E850 45F640 45FFB0 464450 464480 4644C0 464500 464520 464570 4646F0 464980 4649F0 465E30 46B400 46BC80 46DA20 479B30 48DDD0 48DF50 48ED40 4931C0 4931E0 493350 497B60 498720 498770 4987C0 498810
0x90:0x16,Graph90_16_QueryBitmapInfo,sub_479C00,44,402710 407F20 408E30 408E50 42D3B0 42D400 42D560 42D570 42D5B0 42D600 444C60 444C70 444FD0 444FF0 4450B0 4450D0 445190 45E850 45F640 45FFB0 464450 464480 4644C0 464500 464520 464570 4646F0 464980 4649F0 465E30 46B400 46BC80 46DA20 479C00 48DDD0 48DF50 48ED40 4931C0 4931E0 493350 498720 498770 4987C0 498810
0x90:0x17,Graph90_17_ValidateBitmapFormat,sub_479C40,7,402660 407B30 408020 4081B0 4450B0 4450D0 479C40
0x90:0x18,Graph90_18_BlitBitmap,sub_479C70,129,402720 407AE0 407F20 408E30 408E50 409110 409170 409190 4091B0 40A530 40A620 40A9A0 40A9E0 40ADF0 40AF50 40B080 40B0D0 40B130 40B200 40B320 40B3B0 40B4B0 40B5D0 40B6F0 40B9B0 40BC10 40BC60 40CA70 40CAE0 40CBF0 40CCD0 40CDD0 40CFF0 40D200 40D220 40D440 40D4A0 40D670 40D820 40DA40 40DAD0 40DB60 40DCE0 40DE60 40DF80 40DFF0 40E050 40E0D0 40E150 40E190 40E1F0 40E2E0 40E3E0 413900 413930 414C20 414C60 414D10 414F00 414F50 415000 4150E0 415250 4152A0 415350 415430 4158C0 415900 415A30 415AB0 419B10 419BA0 419C50 419CC0 419D00 419D60 419DE0 419FD0 41A040 42D3B0 42D400 42D560 42D570 42D5B0 42D600 444B50 444C60 444FD0 444FF0 4450B0 445190 4464C0 4464E0 4465D0 4465F0 446750 446780 4467C0 446810 446960 45E850 45F640 45FFB0 464450 464480 4644C0 464500 464520 464570 4646F0 464980 4649F0 465E30 46B400 46BC80 46DA20 479C70 48ED40 490AE0 4931C0 4931E0 493350 497B60 497C40 497DB0 498720 498770 4987C0 498810
0x90:0x19,Graph90_19_SynthesizeBitmap,sub_479DA0,76,4027E0 407F20 408E30 408E50 409110 409170 409190 4091B0 40C0F0 40C1B0 40C430 411990 411B80 411BD0 411D10 411EA0 411F10 412070 419B10 419BA0 419C50 419CC0 419D00 419D60 419DE0 419FD0 41A080 42D3B0 42D400 42D560 42D570 42D5B0 42D600 444B50 444C60 444FD0 444FF0 4450B0 445190 4464C0 4464E0 4465D0 4465F0 446750 446780 4467C0 446810 446960 45E850 45F640 45FFB0 464450 464480 4644C0 464500 464520 464570 4646F0 464980 4649F0 465E30 46B400 46BC80 46DA20 479DA0 48ED40 490AE0 4931C0 4931E0 493350 497B60 497DB0 498720 498770 4987C0 498810
0x90:0x1A,Graph90_1A_CompositeBitmaps,sub_479F20,73,402970 407AE0 407F20 408E30 408E50 409170 409190 40ADF0 412220 4124D0 4126F0 4128D0 412AE0 412CE0 412F20 413040 413280 419B10 419BA0 419C50 419CC0 419D00 419D60 419DE0 419FD0 41A0C0 42D3B0 42D400 42D560 42D570 42D5B0 42D600 444B50 444C60 444FD0 444FF0 4450B0 445190 4464C0 4464E0 4465D0 4465F0 446750 446780 4467C0 446810 446960 45E850 45F640 45FFB0 464450 464480 4644C0 464500 464520 464570 4646F0 464980 4649F0 465E30 46B400 46BC80 46DA20 479F20 48ED40 490AE0 4931C0 4931E0 493350 498720 498770 4987C0 498810
0x90:0x1B,Graph90_1B_CopyBitmap,sub_47A0C0,67,402AC0 407F20 408E30 408E50 409170 40ADF0 40AF50 413500 413540 413610 413780 419B10 419BA0 419C50 419CC0 419D00 419D60 419DE0 419FD0 41A170 42D3B0 42D400 42D560 42D570 42D5B0 42D600 444B50 444C60 444FD0 444FF0 4450B0 445190 4464C0 4464E0 4465D0 4465F0 446750 446780 4467C0 446810 446960 45E850 45F640 45FFB0 464450 464480 4644C0 464500 464520 464570 4646F0 464980 4649F0 465E30 46B400 46BC80 46DA20 47A0C0 48ED40 490AE0 4931C0 4931E0 493350 498720 498770 4987C0 498810
0x90:0x1C,Graph90_1C_ScaleBitmapRegion,sub_47A1E0,46,402C90 407F20 408E30 408E50 409110 409190 4091B0 414560 4145A0 414610 42D3B0 42D400 42D560 42D570 42D5B0 42D600 444C60 444FD0 444FF0 4450B0 445190 45E850 45F640 45FFB0 464450 464480 4644C0 464500 464520 464570 4646F0 464980 4649F0 465E30 46B400 46BC80 46DA20 47A1E0 48ED40 4931C0 4931E0 493350 498720 498770 4987C0 498810
0x90:0x1D,Graph90_1D_TransformBitmap,sub_47A390,43,402EA0 407F20 408E30 408E50 414260 414290 4142E0 42D3B0 42D400 42D560 42D570 42D5B0 42D600 444C60 444FD0 444FF0 4450B0 445190 45E850 45F640 45FFB0 464450 464480 4644C0 464500 464520 464570 4646F0 464980 4649F0 465E30 46B400 46BC80 46DA20 47A390 48ED40 4931C0 4931E0 493350 498720 498770 4987C0 498810
0x90:0x1E,Graph90_1E_BlitBitmapRegion,sub_47A490,126,4032C0 407AE0 407F20 408E30 408E50 409110 409170 409190 4091B0 40A530 40A620 40A9A0 40A9E0 40ADF0 40AF50 40B080 40B0D0 40B130 40B200 40B320 40B3B0 40B4B0 40B5D0 40B6F0 40B9B0 40BC10 40BC60 40CA70 40CAE0 40CBF0 40CCD0 40CDD0 40CFF0 40D200 40D220 40D440 40D4A0 40D670 40D820 40DA40 40DAD0 40DB60 40DCE0 40DE60 40DF80 40DFF0 40E050 40E0D0 40E150 40E190 40E1F0 40E2E0 40E3E0 413900 413930 414C20 414C60 414D10 414F00 414F50 415000 4150E0 415250 4152A0 415350 415430 4158C0 415900 415A30 415AB0 419B10 419BA0 419C50 419CC0 419D00 419D60 419DE0 419FD0 41A040 42D3B0 42D400 42D560 42D570 42D5B0 42D600 444B50 444C60 444FD0 444FF0 4450B0 445190 4464C0 4464E0 4465D0 4465F0 446750 446780 4467C0 446810 446960 45E850 45F640 45FFB0 464450 464480 4644C0 464500 464520 464570 4646F0 464980 4649F0 465E30 46B400 46BC80 46DA20 47A490 48ED40 490AE0 4931C0 4931E0 493350 498720 498770 4987C0 498810
0x90:0x1F,Graph90_1F_CreateBitmapRegion,sub_47A590,138,4033A0 407AE0 407B30 407C40 407C90 407CF0 407DA0 407F20 408300 408870 408880 408A10 408DC0 408E30 408E50 409110 409170 409190 4091B0 40A530 40A620 40A9A0 40A9E0 40ADF0 40AF50 40B080 40B0D0 40B130 40B200 40B320 40B3B0 40B4B0 40B5D0 40B6F0 40B9B0 40BC10 40BC60 40CA70 40CAE0 40CBF0 40CCD0 40CDD0 40CFF0 40D200 40D220 40D440 40D4A0 40D670 40D820 40DA40 40DAD0 40DB60 40DCE0 40DE60 40DF80 40DFF0 40E050 40E0D0 40E150 40E190 40E1F0 40E2E0 40E3E0 413900 413930 414C20 414C60 414D10 414F00 414F50 415000 4150E0 415250 4152A0 415350 415430 4158C0 415900 415A30 415AB0 419B10 419BA0 419C50 419CC0 419D00 419D60 419DE0 419FD0 41A040 42D3B0 42D400 42D560 42D570 42D5B0 42D600 430260 4302C0 444B50 444C60 444FD0 444FF0 4450B0 445190 4464C0 4464E0 4465D0 4465F0 446750 446780 4467C0 446810 446960 45E850 45F640 45FFB0 464450 464480 4644C0 464500 464520 464570 4646F0 464980 4649F0 465E30 46B400 46BC80 46DA20 47A590 48ED40 490AE0 4931C0 4931E0 493350 498720 498770 4987C0 498810
0x90:0x20,Graph90_20_StartObjectControl,sub_47A6A0,65,41B740 41B750 42D3B0 42D400 42D560 42D570 42D5B0 42D600 4318F0 431BD0 431D10 431D50 431D90 431E80 43E5D0 43F050 43F350 43F8B0 43FD30 4406C0 441240 4419C0 442220 442610 443260 443270 444C60 444FC0 444FD0 444FF0 4450B0 445190 4451C0 45E850 45F640 45FFB0 464450 464480 4644C0 464500 464520 464570 4646F0 464980 4649F0 465E30 46B400 46BC80 46D660 46D6C0 46D720 46D7A0 46D7B0 46DA20 46DC70 46E070 47A6A0 48ED40 491B40 497BB0 497DB0 498720 498770 4987C0 498810
0x90:0x21,Graph90_21_StartObjectControlEx,sub_47A890,65,41B740 41B750 42D3B0 42D400 42D560 42D570 42D5B0 42D600 4318F0 431BD0 431D10 431D50 431D90 431E80 43E5D0 43F050 43F350 43F8B0 43FD30 4406C0 441240 4419C0 442220 442610 443260 443270 444C60 444FC0 444FD0 444FF0 4450B0 445190 4451C0 45E850 45F640 45FFB0 464450 464480 4644C0 464500 464520 464570 4646F0 464980 4649F0 465E30 46B400 46BC80 46D660 46D6C0 46D720 46D7A0 46D7B0 46DA20 46DC70 46E070 47A890 48ED40 491B40 497BB0 497DB0 498720 498770 4987C0 498810
0x90:0x22,Graph90_22_StartNodeControl,sub_47A790,65,41B740 41B750 42D3B0 42D400 42D560 42D570 42D5B0 42D600 4318F0 431BD0 431D10 431D50 431D90 431E80 43E5D0 43F050 43F350 43F8B0 43FD30 4406C0 441240 4419C0 442220 442610 443260 443270 444C60 444FC0 444FD0 444FF0 4450B0 445190 4451C0 45E850 45F640 45FFB0 464450 464480 4644C0 464500 464520 464570 4646F0 464980 4649F0 465E30 46B400 46BC80 46D660 46D6C0 46D720 46D7A0 46D7B0 46DA20 46DC70 46E070 47A790 48ED40 491B40 497BB0 497DB0 498720 498770 4987C0 498810
0x90:0x23,Graph90_23_StartNodeControlEx,sub_47A9B0,65,41B740 41B750 42D3B0 42D400 42D560 42D570 42D5B0 42D600 4318F0 431BD0 431D10 431D50 431D90 431E80 43E5D0 43F050 43F350 43F8B0 43FD30 4406C0 441240 4419C0 442220 442610 443260 443270 444C60 444FC0 444FD0 444FF0 4450B0 445190 4451C0 45E850 45F640 45FFB0 464450 464480 4644C0 464500 464520 464570 4646F0 464980 4649F0 465E30 46B400 46BC80 46D660 46D6C0 46D720 46D7A0 46D7B0 46DA20 46DC70 46E070 47A9B0 48ED40 491B40 497BB0 497DB0 498720 498770 4987C0 498810
0x90:0x24,Graph90_24_StartSpecialObjectControl,sub_47AAF0,65,42D3B0 42D400 42D560 42D570 42D5B0 42D600 4318F0 431BD0 431E80 432870 432970 43E5D0 43F050 43F350 43F8B0 43FD30 4406C0 441240 4419C0 442220 442610 443260 443270 444C60 444FC0 444FD0 444FF0 4450B0 445190 4451C0 45E850 45F640 45FFB0 464450 464480 4644C0 464500 464520 464570 4646F0 464980 4649F0 465E30 46B400 46BC80 46D660 46D6C0 46D720 46D7A0 46D7B0 46DA20 46DC70 46E070 47AAF0 48ED40 491C40 494530 494560 494730 497BB0 497DB0 498720 498770 4987C0 498810
0x90:0x28,Graph90_28_StartObjectMotionControl,sub_47AC80,64,41B740 41B750 42D3B0 42D400 42D560 42D570 42D5B0 42D600 4318F0 431BD0 431D90 431E80 43E5D0 43F050 43F350 43F8B0 43FD30 4406C0 441240 4419C0 442220 442610 443260 443270 444C60 444FC0 444FD0 444FF0 4450B0 445190 4451C0 45E850 45F640 45FFB0 464450 464480 4644C0 464500 464520 464570 4646F0 464980 4649F0 465E30 46B400 46BC80 46D660 46D6C0 46D720 46D7A0 46D7B0 46DA20 46DC70 46E070 47AC80 48ED40 491D60 497BB0 497D50 497DB0 498720 498770 4987C0 498810
0x90:0x29,Graph90_29_StartBezierObjectControl,sub_47ADF0,78,41B740 41B750 42D3B0 42D400 42D560 42D570 42D5B0 42D600 4318F0 431BD0 431D90 431E80 432360 432490 43E5D0 43F050 43F350 43F8B0 43FD30 4406C0 441240 4419C0 442220 442610 443260 443270 444070 4441D0 444270 4442C0 4444F0 444550 4445A0 444680 444710 444C60 444C70 444FC0 444FD0 444FF0 4450B0 445190 4451C0 45E850 45F640 45FFB0 464450 464480 4644C0 464500 464520 464570 4646F0 464980 4649F0 465E30 46B400 46BC80 46D660 46D6C0 46D720 46D7A0 46D7B0 46DA20 46DC70 46E070 47ADF0 48DDD0 48DF50 48ED40 491E60 497BB0 497D50 497DB0 498720 498770 4987C0 498810
0x90:0x2C,Graph90_2C_StartSplineObjectControl,sub_47AF80,60,42D3B0 42D400 42D560 42D570 42D5B0 42D600 4318F0 431BD0 431E80 43C7A0 43C8A0 43E5D0 43F050 43F350 43F8B0 43FD30 4406C0 441240 4419C0 442220 442610 443260 443270 444C60 444FC0 444FD0 444FF0 4450B0 445190 4451C0 45E850 45F640 45FFB0 464450 464480 4644C0 464500 464520 464570 4646F0 464980 4649F0 465E30 46B400 46BC80 46D660 46D6C0 46D720 46D7A0 46D7B0 46DA20 46DC70 46E070 47AF80 48ED40 491F90 498720 498770 4987C0 498810
0x90:0x30,Graph90_30_SetObjectDrawEnabled,sub_47B0E0,47,42D3B0 42D400 42D560 42D570 42D5B0 42D600 43E5D0 43F050 43F350 43F8B0 43FD30 4406C0 441240 4419C0 442220 442610 443260 443270 443310 444C60 444FD0 444FF0 4450B0 445190 45E850 45F640 45FFB0 461F10 464450 464480 4644C0 464500 464520 464570 4646F0 464980 4649F0 465E30 46B400 46BC80 46DA20 47B0E0 48ED40 498720 498770 4987C0 498810
0x90:0x31,Graph90_31_SetObjectEnabled,sub_47B120,48,41AD60 42D3B0 42D400 42D560 42D570 42D5B0 42D600 43E5D0 43F050 43F350 43F8B0 43FD30 4406C0 441240 4419C0 442220 442610 443260 443270 443380 444C60 444FD0 444FF0 4450B0 445190 45E850 45F640 45FFB0 461F20 464450 464480 4644C0 464500 464520 464570 4646F0 464980 4649F0 465E30 46B400 46BC80 46DA20 47B120 48ED40 498720 498770 4987C0 498810
0x90:0x32,Graph90_32_SetObjectAlpha,sub_47B160,48,42D3B0 42D400 42D560 42D570 42D5B0 42D600 43E5D0 43F050 43F350 43F8B0 43FD30 4406C0 441240 4419C0 442220 442610 443260 443270 443460 444C60 444FD0 444FF0 4450B0 445190 45E850 45F640 45FFB0 461F40 464450 464480 4644C0 464500 464520 464570 4646F0 464980 4649F0 465E30 46B400 46BC80 46DA20 47B160 48ED40 497DB0 498720 498770 4987C0 498810
0x90:0x33,Graph90_33_SetObjectPosition,sub_47B1B0,47,42D3B0 42D400 42D560 42D570 42D5B0 42D600 43E5D0 43F050 43F350 43F8B0 43FD30 4406C0 441240 4419C0 442220 442610 443260 443270 4434C0 444C60 444FD0 444FF0 4450B0 445190 45E850 45F640 45FFB0 461F50 464450 464480 4644C0 464500 464520 464570 4646F0 464980 4649F0 465E30 46B400 46BC80 46DA20 47B1B0 48ED40 498720 498770 4987C0 498810
0x90:0x34,Graph90_34_SetObjectMaskAlpha,sub_47B200,49,41B660 42D3B0 42D400 42D560 42D570 42D5B0 42D600 43E5D0 43F050 43F350 43F8B0 43FD30 4406C0 441240 4419C0 442220 442610 443260 443270 4435B0 444C60 444FD0 444FF0 4450B0 445190 45E850 45F640 45FFB0 461F80 464450 464480 4644C0 464500 464520 464570 4646F0 464980 4649F0 465E30 46B400 46BC80 46DA20 47B200 48ED40 497DB0 498720 498770 4987C0 498810
0x90:0x35,Graph90_35_SetObjectFixedParameter,sub_47B250,49,41B6E0 42D3B0 42D400 42D560 42D570 42D5B0 42D600 43E5D0 43F050 43F350 43F8B0 43FD30 4406C0 441240 4419C0 442220 442610 443260 443270 443670 444C60 444FD0 444FF0 4450B0 445190 45E850 45F640 45FFB0 461FA0 464450 464480 4644C0 464500 464520 464570 4646F0 464980 4649F0 465E30 46B400 46BC80 46DA20 47B250 48ED40 497DB0 498720 498770 4987C0 498810
0x90:0x36,Graph90_36_SetObjectSecondaryOffset,sub_47B2A0,48,41B320 42D3B0 42D400 42D560 42D570 42D5B0 42D600 43E5D0 43F050 43F350 43F8B0 43FD30 4406C0 441240 4419C0 442220 442610 443260 443270 443730 444C60 444FD0 444FF0 4450B0 445190 45E850 45F640 45FFB0 461FC0 464450 464480 4644C0 464500 464520 464570 4646F0 464980 4649F0 465E30 46B400 46BC80 46DA20 47B2A0 48ED40 498720 498770 4987C0 498810
0x90:0x37,Graph90_37_SetObjectPrimaryOffset,sub_47B2F0,47,42D3B0 42D400 42D560 42D570 42D5B0 42D600 43E5D0 43F050 43F350 43F8B0 43FD30 4406C0 441240 4419C0 442220 442610 443260 443270 4436D0 444C60 444FD0 444FF0 4450B0 445190 45E850 45F640 45FFB0 461FB0 464450 464480 4644C0 464500 464520 464570 4646F0 464980 4649F0 465E30 46B400 46BC80 46DA20 47B2F0 48ED40 498720 498770 4987C0 498810
0x90:0x38,Graph90_38_SetObjectProperty,sub_47B340,55,41AF60 42D3B0 42D400 42D560 42D570 42D5B0 42D600 4306F0 430770 4307D0 4312B0 4312E0 431320 43E5D0 43F050 43F350 43F8B0 43FD30 4406C0 441240 4419C0 442220 442610 443260 443270 443300 4438B0 444C60 444FD0 444FF0 4450B0 445190 45E850 45F640 45FFB0 462010 464450 464480 4644C0 464500 464520 464570 4646F0 464980 4649F0 465E30 46B400 46BC80 46DA20 47B340 48ED40 498720 498770 4987C0 498810
0x90:0x39,Graph90_39_SetObjectAlphaMultiplier,sub_47B410,49,41B6A0 42D3B0 42D400 42D560 42D570 42D5B0 42D600 43E5D0 43F050 43F350 43F8B0 43FD30 4406C0 441240 4419C0 442220 442610 443260 443270 443610 444C60 444FD0 444FF0 4450B0 445190 45E850 45F640 45FFB0 461F90 464450 464480 4644C0 464500 464520 464570 4646F0 464980 4649F0 465E30 46B400 46BC80 46DA20 47B410 48ED40 497DB0 498720 498770 4987C0 498810
0x90:0x3A,Graph90_3A_SetObjectPriority,sub_47B460,56,41AF60 42D3B0 42D400 42D560 42D570 42D5B0 42D600 4306F0 430770 4307D0 4312B0 4312E0 431320 43E5D0 43F050 43F350 43F8B0 43FD30 4406C0 441240 4419C0 442220 442610 443260 443270 443300 4439B0 444C60 444FD0 444FF0 4450B0 445190 45E850 45F640 45FFB0 462040 464450 464480 4644C0 464500 464520 464570 4646F0 464980 4649F0 465E30 46B400 46BC80 46DA20 47B460 48ED40 497BB0 498720 498770 4987C0 498810
0x90:0x3C,Graph90_3C_SetObjectHitMaskBitmap,sub_47B4B0,63,407B10 407B30 407F20 408E30 408E50 409030 409080 409110 409190 4091B0 40A620 41B0B0 41BC70 42D3B0 42D400 42D560 42D570 42D5B0 42D600 43E5D0 43F050 43F350 43F8B0 43FD30 4406C0 441240 4419C0 442220 442610 443260 443270 443A40 444C60 444FD0 444FF0 4450B0 445190 45E850 45F640 45FFB0 462050 464450 464480 4644C0 464500 464520 464570 4646F0 464980 4649F0 465E30 46B400 46BC80 46DA20 47B4B0 48ED40 4931C0 4931E0 493350 498720 498770 4987C0 498810
0x90:0x3D,Graph90_3D_HitTestObjectAtPointer,sub_47B540,59,42D3B0 42D400 42D560 42D570 42D5B0 42D600 43E5D0 43F050 43F350 43F8B0 43FD30 4406C0 441240 4419C0 442220 442610 443260 443270 443B90 444C60 444FD0 444FF0 4450B0 4450D0 445190 45E580 45E600 45E750 45E850 45E880 45E8D0 45F640 45FFB0 461090 4610A0 4610B0 4610C0 462070 464450 464480 4644C0 464500 464520 464570 4646F0 464980 4649F0 465E30 46B190 46B400 46BC80 46DA20 47B540 48E680 48ED40 498720 498770 4987C0 498810
0x90:0x3F,Graph90_3F_InvokeUnsupportedObjectExtension,sub_47B580,47,42D3B0 42D400 42D560 42D570 42D5B0 42D600 43E5D0 43F050 43F350 43F8B0 43FD30 4406C0 441240 4419C0 442220 442610 443260 443270 443C00 444C60 444FD0 444FF0 4450B0 445190 45E850 45F640 45FFB0 4620E0 464450 464480 4644C0 464500 464520 464570 4646F0 464980 4649F0 465E30 46B400 46BC80 46DA20 47B580 48ED40 498720 498770 4987C0 498810
0x90:0x40,Graph90_40_SetCurrentObjectBitmap,sub_47B5D0,105,407F20 408300 408E30 408E50 41A400 41ACD0 41AD40 41AD60 41ADA0 41ADE0 41ADF0 41AE00 41AF60 41B2D0 41B320 41B370 41B520 41B580 41B600 41B620 41B660 41B6A0 41B6E0 41B8B0 41BEA0 41BEB0 41BED0 41BEF0 41BF10 41C060 41C0A0 41C0B0 41C1C0 41C220 41C390 41C420 41C460 41C780 41CE30 41D210 41D510 41D910 41DB20 41E560 41E720 41E740 41E890 41E970 41EA30 41EB40 41EE00 41F040 41F380 41F590 41F830 4207A0 42D3B0 42D400 42D560 42D570 42D5B0 42D600 430260 4306F0 430770 430D10 431140 4312B0 4312E0 431320 43D680 43E190 442E10 444C60 444FD0 444FF0 4450B0 445190 45E850 45F640 45FFB0 462130 464450 464480 4644C0 464500 464520 464570 4646F0 464980 4649F0 465E30 46B400 46BC80 46DA20 47B5D0 48ED40 493130 4931C0 4931E0 493350 498720 498770 4987C0 498810
0x90:0x41,Graph90_41_ConfigureCurrentObjectDualBitmap,sub_47B630,106,407F20 408300 408E30 408E50 41A400 41ACD0 41AD40 41AD60 41ADA0 41ADE0 41ADF0 41AE00 41AF60 41B2D0 41B320 41B370 41B520 41B580 41B600 41B620 41B660 41B6A0 41B6E0 41B8B0 41BEA0 41BEB0 41BED0 41BEF0 41BF10 41C060 41C0A0 41C0B0 41C1C0 41C220 41C390 41C420 41C460 41C550 41C780 41CE30 41D210 41D510 41D910 41DB20 41E560 41E720 41E740 41E890 41EA30 41EB40 41EE00 41F040 41F380 41F590 41F830 4207A0 42D3B0 42D400 42D560 42D570 42D5B0 42D600 430260 4306F0 430770 430D10 431140 4312B0 4312E0 431320 43D6B0 43E190 442E10 444C60 444FD0 444FF0 4450B0 445190 45E850 45F640 45FFB0 462140 464450 464480 4644C0 464500 464520 464570 4646F0 464980 4649F0 465E30 46B400 46BC80 46DA20 47B630 48ED40 493130 4931C0 4931E0 493350 497DB0 498720 498770 4987C0 498810
0x90:0x42,Graph90_42_ConfigureCurrentObjectQuadBitmap,sub_47B6C0,106,407F20 408300 408E30 408E50 41A400 41ACD0 41AD40 41AD60 41ADA0 41ADE0 41ADF0 41AE00 41AF60 41B2D0 41B320 41B370 41B520 41B580 41B600 41B620 41B660 41B6A0 41B6E0 41B8B0 41BEA0 41BEB0 41BED0 41BEF0 41BF10 41C060 41C0A0 41C0B0 41C1C0 41C220 41C390 41C420 41C460 41C780 41CE30 41D210 41D510 41D910 41DB20 41E560 41E720 41E740 41E890 41EA30 41EB40 41EE00 41F040 41F380 41F4A0 41F540 41F590 41F830 4207A0 42D3B0 42D400 42D560 42D570 42D5B0 42D600 430260 4306F0 430770 430D10 431140 4312B0 4312E0 431320 43D6F0 43E190 442E10 444C60 444FD0 444FF0 4450B0 445190 45E850 45F640 45FFB0 462150 464450 464480 4644C0 464500 464520 464570 4646F0 464980 4649F0 465E30 46B400 46BC80 46DA20 47B6C0 48ED40 493130 4931C0 4931E0 493350 498720 498770 4987C0 498810
0x90:0x43,Graph90_43_ConfigureCurrentObjectSpriteMask,sub_47B7C0,106,407F20 408300 408E30 408E50 41A400 41ACD0 41AD40 41AD60 41ADA0 41ADE0 41ADF0 41AE00 41AF60 41B2D0 41B320 41B370 41B520 41B580 41B600 41B620 41B660 41B6A0 41B6E0 41B8B0 41BEA0 41BEB0 41BED0 41BEF0 41BF10 41C060 41C0A0 41C0B0 41C1C0 41C220 41C390 41C460 41C780 41CE30 41D210 41D350 41D440 41D510 41D910 41DB20 41E560 41E720 41E740 41E890 41EA30 41EB40 41EE00 41F040 41F380 41F590 41F830 4207A0 42D3B0 42D400 42D560 42D570 42D5B0 42D600 430260 4306F0 430770 430D10 431140 4312B0 4312E0 431320 43D750 43E190 442E10 444C60 444FD0 444FF0 4450B0 445190 45E850 45F640 45FFB0 462170 464450 464480 4644C0 464500 464520 464570 4646F0 464980 4649F0 465E30 46B400 46BC80 46DA20 47B7C0 48ED40 493130 4931C0 4931E0 493350 497DB0 498720 498770 4987C0 498810
0x90:0x44,Graph90_44_ConfigureCurrentObjectFrameTable,sub_47B930,111,407F20 408300 408E30 408E50 41A400 41ACD0 41AD40 41AD60 41ADA0 41ADE0 41ADF0 41AE00 41AF60 41B2D0 41B320 41B370 41B520 41B580 41B600 41B620 41B660 41B6A0 41B6E0 41B8B0 41BEA0 41BEB0 41BED0 41BEF0 41BF10 41C060 41C0A0 41C0B0 41C1C0 41C220 41C390 41C420 41C460 41C780 41C970 41CAC0 41CAF0 41CD10 41CE30 41D210 41D510 41D910 41DB20 41E560 41E720 41E740 41E890 41EA30 41EB40 41EE00 41F040 41F380 41F590 41F830 4207A0 42D3B0 42D400 42D560 42D570 42D5B0 42D600 430260 4306F0 430770 430D10 431140 4312B0 4312E0 431320 43D840 43E190 442E10 444C60 444C70 444FD0 444FF0 4450B0 445190 45E850 45F640 45FFB0 4621A0 464450 464480 4644C0 464500 464520 464570 4646F0 464980 4649F0 465E30 46B400 46BC80 46DA20 47B930 48DDD0 48DF50 48ED40 493130 4931C0 4931E0 493350 498720 498770 4987C0 498810
0x90:0x45,Graph90_45_ConfigureCurrentObjectResourceTriplet,sub_47BA80,107,407F20 408300 408E30 408E50 41A400 41ACD0 41AD40 41AD60 41ADA0 41ADE0 41ADF0 41AE00 41AF60 41B2D0 41B320 41B370 41B520 41B580 41B600 41B620 41B660 41B6A0 41B6E0 41B8B0 41BEA0 41BEB0 41BED0 41BEF0 41BF10 41C060 41C0A0 41C0B0 41C1C0 41C220 41C390 41C460 41C780 41CE30 41CF20 41D050 41D060 41D210 41D510 41D910 41DB20 41E560 41E720 41E740 41E890 41EA30 41EB40 41EE00 41F040 41F380 41F590 41F830 4207A0 42D3B0 42D400 42D560 42D570 42D5B0 42D600 430260 4306F0 430770 430D10 431140 4312B0 4312E0 431320 43D8B0 43E190 442E10 444C60 444FD0 444FF0 4450B0 445190 45E850 45F640 45FFB0 4621B0 464450 464480 4644C0 464500 464520 464570 4646F0 464980 4649F0 465E30 46B400 46BC80 46DA20 47BA80 48ED40 493130 4931C0 4931E0 493350 497DB0 498720 498770 4987C0 498810
0x90:0x46,Graph90_46_ConfigureCurrentObjectBitmapMode,sub_47BBE0,106,407F20 408300 408E30 408E50 41A400 41ACD0 41AD40 41AD60 41ADA0 41ADE0 41ADF0 41AE00 41AF60 41B2D0 41B320 41B370 41B520 41B580 41B600 41B620 41B660 41B6A0 41B6E0 41B8B0 41BEA0 41BEB0 41BED0 41BEF0 41BF10 41C060 41C0A0 41C0B0 41C1C0 41C220 41C390 41C460 41C780 41CE30 41D210 41D510 41D910 41D9F0 41DA70 41DB20 41E560 41E720 41E740 41E890 41EA30 41EB40 41EE00 41F040 41F380 41F590 41F830 4207A0 42D3B0 42D400 42D560 42D570 42D5B0 42D600 430260 4306F0 430770 430D10 431140 4312B0 4312E0 431320 43D980 43E190 442E10 444C60 444FD0 444FF0 4450B0 445190 45E850 45F640 45FFB0 4621D0 464450 464480 4644C0 464500 464520 464570 4646F0 464980 4649F0 465E30 46B400 46BC80 46DA20 47BBE0 48ED40 493130 4931C0 4931E0 493350 497DB0 498720 498770 4987C0 498810
0x90:0x47,Graph90_47_ConfigureCurrentObjectVmEffect,sub_47BCC0,108,407F20 408300 408E30 408E50 409FF0 41A400 41ACD0 41AD40 41AD60 41ADA0 41ADE0 41ADF0 41AE00 41AF60 41B2D0 41B320 41B370 41B520 41B580 41B600 41B620 41B660 41B6A0 41B6E0 41B8B0 41BEA0 41BEB0 41BED0 41BEF0 41BF10 41C060 41C0A0 41C0B0 41C1C0 41C220 41C390 41C460 41C780 41CE30 41D210 41D510 41D910 41DB20 41E560 41E720 41E740 41E890 41EA30 41EB40 41EB90 41EC00 41EE00 41EEB0 41F040 41F380 41F590 41F830 4207A0 42D3B0 42D400 42D560 42D570 42D5B0 42D600 430260 4306F0 430770 430D10 431140 4312B0 4312E0 431320 43DA10 43E190 442E10 444C60 444FD0 444FF0 4450B0 445190 45E850 45F640 45FFB0 4621E0 464450 464480 4644C0 464500 464520 464570 4646F0 464980 4649F0 465E30 46B400 46BC80 46DA20 47BCC0 48ED40 493130 4931C0 4931E0 493350 497DB0 498720 498770 4987C0 498810
0x90:0x48,Graph90_48_ConfigureCurrentObjectBitmapSizePosition,sub_47BE20,105,407F20 408300 408E30 408E50 41A400 41ACD0 41AD40 41AD60 41ADA0 41ADE0 41ADF0 41AE00 41AF60 41B2D0 41B320 41B370 41B520 41B580 41B600 41B620 41B660 41B6A0 41B6E0 41B8B0 41BEA0 41BEB0 41BED0 41BEF0 41BF10 41C060 41C0A0 41C0B0 41C1C0 41C220 41C390 41C460 41C780 41CE30 41D210 41D510 41D910 41DB20 41E560 41E720 41E740 41E890 41EA30 41EB40 41EE00 41F040 41F380 41F590 41F830 41F910 41F9A0 4207A0 42D3B0 42D400 42D560 42D570 42D5B0 42D600 430260 4306F0 430770 430D10 431140 4312B0 4312E0 431320 43DB00 43E190 442E10 444C60 444FD0 444FF0 4450B0 445190 45E850 45F640 45FFB0 462200 464450 464480 4644C0 464500 464520 464570 4646F0 464980 4649F0 465E30 46B400 46BC80 46DA20 47BE20 48ED40 493130 4931C0 4931E0 493350 498720 498770 4987C0 498810
0x90:0x49,Graph90_49_ConfigureCurrentObjectBitmapSize,sub_47BEF0,105,407F20 408300 408E30 408E50 41A400 41ACD0 41AD40 41AD60 41ADA0 41ADE0 41ADF0 41AE00 41AF60 41B2D0 41B320 41B370 41B520 41B580 41B600 41B620 41B660 41B6A0 41B6E0 41B8B0 41BEA0 41BEB0 41BED0 41BEF0 41BF10 41C060 41C0A0 41C0B0 41C1C0 41C220 41C390 41C460 41C780 41CE30 41D210 41D510 41D910 41DB20 41E560 41E720 41E740 41E890 41EA30 41EB40 41EE00 41F040 41F120 41F380 41F590 41F830 41F910 4207A0 42D3B0 42D400 42D560 42D570 42D5B0 42D600 430260 4306F0 430770 430D10 431140 4312B0 4312E0 431320 43DB90 43E190 442E10 444C60 444FD0 444FF0 4450B0 445190 45E850 45F640 45FFB0 462220 464450 464480 4644C0 464500 464520 464570 4646F0 464980 4649F0 465E30 46B400 46BC80 46DA20 47BEF0 48ED40 493130 4931C0 4931E0 493350 498720 498770 4987C0 498810
0x90:0x4A,Graph90_4A_ConfigureCurrentObjectBlitSources,sub_47BF90,105,407F20 408300 408E30 408E50 41A400 41ACD0 41AD40 41AD60 41ADA0 41ADE0 41ADF0 41AE00 41AF60 41B2D0 41B320 41B370 41B520 41B580 41B600 41B620 41B660 41B6A0 41B6E0 41B8B0 41BEA0 41BEB0 41BED0 41BEF0 41BF10 41C060 41C0A0 41C0B0 41C1C0 41C220 41C390 41C420 41C460 41C780 41CE30 41D210 41D510 41D910 41DB20 41E560 41E660 41E720 41E740 41E890 41EA30 41EB40 41EE00 41F040 41F380 41F590 41F830 4207A0 42D3B0 42D400 42D560 42D570 42D5B0 42D600 430260 4306F0 430770 430D10 431140 4312B0 4312E0 431320 43DC00 43E190 442E10 444C60 444FD0 444FF0 4450B0 445190 45E850 45F640 45FFB0 462230 464450 464480 4644C0 464500 464520 464570 4646F0 464980 4649F0 465E30 46B400 46BC80 46DA20 47BF90 48ED40 493130 4931C0 4931E0 493350 498720 498770 4987C0 498810
0x90:0x4C,Graph90_4C_SetCurrentObjectRenderControls,sub_47C090,5,430D10 43E490 4450B0 462330 47C090
0x90:0x4D,Graph90_4D_GetCurrentObjectMode,sub_47C0C0,5,4207A0 43E4C0 4450D0 462340 47C0C0
0x90:0x50,Graph90_50_CreateSpriteObject,sub_47C0E0,69,41A400 41ACD0 41AD40 41AD60 41ADA0 41ADE0 41ADF0 41AE00 41AF60 41B2D0 41B320 41B370 41B520 41B580 41B600 41B620 41B660 41B6A0 41B6E0 41B8B0 41BEA0 41BEB0 41BED0 41BEF0 41BF10 41C0B0 41C1C0 4256C0 42AB50 42D3B0 42D400 42D560 42D570 42D5B0 42D600 430260 4306F0 4312B0 431320 43E510 444C60 444FD0 444FF0 4450D0 445190 45E850 45F640 45FFB0 462350 464450 464480 4644C0 464500 464520 464570 4646F0 464980 4649F0 465E30 46B400 46BC80 46DA20 47C0E0 48ED40 493130 498720 498770 4987C0 498810
0x90:0x51,Graph90_51_ReleaseSpriteObject,sub_47C110,59,41ACE0 41AD50 41AF60 42D3B0 42D400 42D560 42D570 42D5B0 42D600 430770 4312E0 431320 43E5D0 43E610 43F050 43F350 43F8B0 43FD30 4406C0 441240 4419C0 442220 442610 443260 443270 443BD0 444C60 444FD0 444FF0 4450B0 445190 45E850 45F640 45FFB0 462060 462360 464450 464480 4644C0 464500 464520 464570 4646F0 464980 4649F0 465E30 46B400 46BC80 46C5E0 46D7C0 46D800 46DA20 47C110 48ED40 496300 498720 498770 4987C0 498810
0x90:0x53,Graph90_53_RefreshSpriteObject,sub_47C170,75,407B30 407F20 408E30 408E50 409030 4090B0 4090E0 409110 409190 4091B0 418FA0 41A690 41AAA0 41B240 41B260 41B310 41B360 41B490 41B4C0 41B560 41B5E0 41B750 41BF00 41C0E0 428C00 429220 4296C0 42A2C0 42A330 42A650 42A770 42A9C0 42D3B0 42D400 42D560 42D570 42D5B0 42D600 430830 430D10 43E5D0 43EEE0 443240 443260 444C60 444FD0 444FF0 4450B0 445190 45E850 45F640 45FFB0 462550 464450 464480 4644C0 464500 464520 464570 4646F0 464980 4649F0 465E30 46B400 46BC80 46DA20 47C170 48ED40 4931C0 4931E0 493350 498720 498770 4987C0 498810
0x90:0x54,Graph90_54_SetSpriteEnabled,sub_47C1F0,37,42D3B0 42D400 42D560 42D570 42D5B0 42D600 43E5D0 43EE70 443260 444C60 444FD0 444FF0 4450B0 445190 45E850 45F640 45FFB0 462540 464450 464480 4644C0 464500 464520 464570 4646F0 464980 4649F0 465E30 46B400 46BC80 46DA20 47C1F0 48ED40 498720 498770 4987C0 498810
0x90:0x55,Graph90_55_SetSpriteAuxBitmap,sub_47C230,49,407F20 408300 408E30 408E50 41C100 427F80 428CD0 428D50 428D90 42D3B0 42D400 42D560 42D570 42D5B0 42D600 43E5D0 43ED20 443260 444C60 444FD0 444FF0 4450B0 445190 45E850 45F640 45FFB0 462520 464450 464480 4644C0 464500 464520 464570 4646F0 464980 4649F0 465E30 46B400 46BC80 46DA20 47C230 48ED40 4931C0 4931E0 493350 498720 498770 4987C0 498810
0x90:0x56,Graph90_56_ConfigureSpriteSingleBitmap,sub_47C2D0,63,407F20 408300 408E30 408E50 41AF60 41B600 426F50 427410 428FB0 4290F0 429140 429160 4291B0 42D3B0 42D400 42D560 42D570 42D5B0 42D600 4306F0 430770 4307D0 4312B0 4312E0 431320 43E5D0 43E690 443260 444C60 444FD0 444FF0 4450B0 445190 45E850 45F640 45FFB0 462370 464450 464480 4644C0 464500 464520 464570 4646F0 464980 4649F0 465E30 46B400 46BC80 46DA20 47C2D0 48ED40 4931C0 4931E0 493350 497B60 497BB0 497C40 497DB0 498720 498770 4987C0 498810
0x90:0x57,Graph90_57_ReplaceSpriteBitmap,sub_47C3E0,115,4010B0 407B30 407F20 408300 408E30 408E50 409030 409170 40C0F0 40C1B0 40C430 40EA10 40EA30 40EA40 40F630 418470 4184A0 418FA0 419B10 419BA0 419C50 419CC0 419D00 419D60 419DE0 419FD0 41A080 41A690 41AAA0 41B490 41B4C0 41B560 41B5E0 41B750 41C0A0 41C0C0 41C0D0 4272F0 427410 4275B0 427AA0 427D90 428E70 428FB0 429000 4290F0 429140 429160 4291B0 4291E0 429220 4296C0 429AF0 429BF0 429E20 429ED0 42A100 42A650 42A9C0 42AA20 42AAA0 42D3B0 42D400 42D560 42D570 42D5B0 42D600 43E5D0 43ECA0 442E10 442E90 443260 444B50 444C60 444FD0 444FF0 4450B0 445190 4464C0 4464E0 4465D0 4465F0 446750 446780 4467C0 446810 446960 45E850 45F640 45FFB0 462510 464450 464480 4644C0 464500 464520 464570 4646F0 464980 4649F0 465E30 46B400 46BC80 46DA20 47C3E0 48ED40 490AE0 4931C0 4931E0 493350 497B60 498720 498770 4987C0 498810
0x90:0x58,Graph90_58_ConfigureSpriteDualBitmap,sub_47C470,64,407F20 408300 408E30 408E50 41AF60 41B600 41B620 426FA0 4274A0 428FB0 4290F0 429140 429160 4291B0 42D3B0 42D400 42D560 42D570 42D5B0 42D600 4306F0 430770 4307D0 4312B0 4312E0 431320 43E5D0 43E730 443260 444C60 444FD0 444FF0 4450B0 445190 45E850 45F640 45FFB0 462390 464450 464480 4644C0 464500 464520 464570 4646F0 464980 4649F0 465E30 46B400 46BC80 46DA20 47C470 48ED40 4931C0 4931E0 493350 497B60 497BB0 497E00 497E50 498720 498770 4987C0 498810
0x90:0x59,Graph90_59_ConfigureSpriteScaledBitmap,sub_47C5D0,67,407F20 408300 408E30 408E50 41A690 41AF60 41B600 41B750 427000 4275B0 428FB0 4290F0 429140 429160 4291B0 4291E0 429220 4296C0 42D3B0 42D400 42D560 42D570 42D5B0 42D600 4306F0 430770 4307D0 4312B0 4312E0 431320 43E5D0 43E7F0 443260 444C60 444FD0 444FF0 4450B0 445190 45E850 45F640 45FFB0 4623C0 464450 464480 4644C0 464500 464520 464570 4646F0 464980 4649F0 465E30 46B400 46BC80 46DA20 47C5D0 48ED40 4931C0 4931E0 493350 497BB0 497C40 497DB0 498720 498770 4987C0 498810
0x90:0x5A,Graph90_5A_ConfigureSpriteMaskedBitmap,sub_47C770,151,407AE0 407B30 407F20 408300 408E30 408E50 409030 409110 409170 409190 4091B0 40A530 40A620 40A9A0 40A9E0 40ADF0 40AF50 40B080 40B0D0 40B130 40B200 40B320 40B3B0 40B4B0 40B5D0 40B6F0 40B9B0 40BC10 40BC60 40CA70 40CAE0 40CBF0 40CCD0 40CDD0 40CFF0 40D200 40D220 40D440 40D4A0 40D670 40D820 40DA40 40DAD0 40DB60 40DCE0 40DE60 40DF80 40DFF0 40E050 40E0D0 40E150 40E190 40E1F0 40E2E0 40E3E0 413900 413930 414C20 414C60 414D10 414F00 414F50 415000 4150E0 415250 4152A0 415350 415430 4158C0 415900 415A30 415AB0 419B10 419BA0 419C50 419CC0 419D00 419D60 419DE0 419FD0 41A040 41AF60 41B600 41B6E0 4270A0 427790 428FB0 4290F0 429140 429160 4291B0 42D3B0 42D400 42D560 42D570 42D5B0 42D600 4306F0 430770 4307D0 4312B0 4312E0 431320 43E5D0 43E8C0 443260 444B50 444C60 444FD0 444FF0 4450B0 445190 4464C0 4464E0 4465D0 4465F0 446750 446780 4467C0 446810 446960 45E850 45F640 45FFB0 462400 464450 464480 4644C0 464500 464520 464570 4646F0 464980 4649F0 465E30 46B400 46BC80 46DA20 47C770 48ED40 490AE0 4931C0 4931E0 493350 497BB0 497C40 497DB0 498720 498770 4987C0 498810
0x90:0x5B,Graph90_5B_ConfigureSpriteVmEffect,sub_47C8F0,64,407F20 408300 408E30 408E50 409FF0 41AF60 41B600 41B660 427110 4278B0 428FB0 4290F0 429140 429160 4291B0 42D3B0 42D400 42D560 42D570 42D5B0 42D600 4306F0 430770 4307D0 4312B0 4312E0 431320 43E5D0 43E990 443260 444C60 444FD0 444FF0 4450B0 445190 45E850 45F640 45FFB0 462430 464450 464480 4644C0 464500 464520 464570 4646F0 464980 4649F0 465E30 46B400 46BC80 46DA20 47C8F0 48ED40 4931C0 4931E0 493350 497B60 497BB0 497E50 498720 498770 4987C0 498810
0x90:0x5C,Graph90_5C_ConfigureSpriteTransformMode5,sub_47CC10,115,407B30 407F20 408300 408E30 408E50 409030 409170 40C0F0 40C1B0 40C430 418470 4184A0 418FA0 419B10 419BA0 419C50 419CC0 419D00 419D60 419DE0 419FD0 41A080 41A690 41AAA0 41AF60 41B490 41B4C0 41B560 41B5E0 41B600 41B750 41BEA0 41C0A0 41C0C0 41C0D0 427170 427AA0 428E70 428FB0 429000 4290F0 429140 429160 4291B0 429220 4296C0 429AF0 42A650 42A9C0 42AA20 42AAA0 42D3B0 42D400 42D560 42D570 42D5B0 42D600 4306F0 430770 4307D0 4312B0 4312E0 431320 43E5D0 43EAB0 442E10 442E90 443260 444B50 444C60 444FD0 444FF0 4450B0 445190 4464C0 4464E0 4465D0 4465F0 446750 446780 4467C0 446810 446960 45E850 45F640 45FFB0 462460 464450 464480 4644C0 464500 464520 464570 4646F0 464980 4649F0 465E30 46B400 46BC80 46DA20 47CC10 48ED40 490AE0 4931C0 4931E0 493350 497B60 497BB0 497C40 497DB0 497E00 498720 498770 4987C0 498810
0x90:0x5D,Graph90_5D_ConfigureSpriteTransformMode6,sub_47CF60,121,4010B0 407B30 407F20 408300 408E30 408E50 409030 409170 40C0F0 40C1B0 40C430 40EA10 40EA30 40EA40 40F630 418470 4184A0 418FA0 419B10 419BA0 419C50 419CC0 419D00 419D60 419DE0 419FD0 41A080 41A690 41AAA0 41AF60 41B490 41B4C0 41B560 41B5E0 41B600 41B750 41BEA0 41C0A0 41C0C0 41C0D0 427220 427D90 428E70 428FB0 429000 4290F0 429140 429160 4291B0 429BF0 429E20 429ED0 42A100 42A650 42A9C0 42AA20 42AAA0 42D3B0 42D400 42D560 42D570 42D5B0 42D600 4306F0 430770 4307D0 4312B0 4312E0 431320 43E5D0 43EBA0 442E10 442E90 443260 444B50 444C60 444FD0 444FF0 4450B0 445190 4464C0 4464E0 4465D0 4465F0 446750 446780 4467C0 446810 446960 45E850 45F640 45FFB0 4624B0 464450 464480 4644C0 464500 464520 464570 4646F0 464980 4649F0 465E30 46B400 46BC80 46DA20 47CF60 48ED40 490AE0 4931C0 4931E0 493350 497B60 497BB0 497C40 497DB0 497E00 498720 498770 4987C0 498810
0x90:0x60,Graph90_60_CreateFilterObject,sub_47D2F0,75,41A400 41ACD0 41AD40 41AD60 41ADA0 41ADE0 41ADF0 41AE00 41AF60 41B2D0 41B320 41B370 41B520 41B580 41B600 41B620 41B660 41B6A0 41B6E0 41B8B0 41BEA0 41BEB0 41BED0 41BEF0 41BF10 41C060 41C0A0 41C0B0 41C1C0 420A30 420C60 420D70 420DC0 420DD0 42D3B0 42D400 42D560 42D570 42D5B0 42D600 430260 4306F0 4312B0 431320 43EF90 442E10 444C60 444FD0 444FF0 4450D0 445190 45E850 45F640 45FFB0 462560 464450 464480 4644C0 464500 464520 464570 4646F0 464980 4649F0 465E30 46B400 46BC80 46DA20 47D2F0 48ED40 493130 498720 498770 4987C0 498810
0x90:0x61,Graph90_61_ReleaseFilterObject,sub_47D320,41,41AF60 42D3B0 42D400 42D560 42D570 42D5B0 42D600 430770 4312E0 431320 43F050 43F090 443260 444C60 444FD0 444FF0 4450B0 445190 45E850 45F640 45FFB0 462570 464450 464480 4644C0 464500 464520 464570 4646F0 464980 4649F0 465E30 46B400 46BC80 46DA20 47D320 48ED40 498720 498770 4987C0 498810
0x90:0x64,Graph90_64_SetFilterEnabled,sub_47D350,37,42D3B0 42D400 42D560 42D570 42D5B0 42D600 43F050 43F1D0 443260 444C60 444FD0 444FF0 4450B0 445190 45E850 45F640 45FFB0 4625A0 464450 464480 4644C0 464500 464520 464570 4646F0 464980 4649F0 465E30 46B400 46BC80 46DA20 47D350 48ED40 498720 498770 4987C0 498810
0x90:0x65,Graph90_65_ConfigureFilter,sub_47D390,58,407F20 408300 408E30 408E50 41AF60 420C60 420CA0 420DC0 420DD0 42D3B0 42D400 42D560 42D570 42D5B0 42D600 4306F0 430770 4307D0 4312B0 4312E0 431320 43F050 43F110 442E10 443260 444C60 444FD0 444FF0 4450B0 445190 45E850 45F640 45FFB0 462580 464450 464480 4644C0 464500 464520 464570 4646F0 464980 4649F0 465E30 46B400 46BC80 46DA20 47D390 48ED40 4931C0 4931E0 493350 497BB0 497DB0 498720 498770 4987C0 498810
0x90:0x66,Graph90_66_ConfigureFilterWithMask,sub_47D400,58,407F20 408300 408E30 408E50 41AF60 420C60 420CA0 420DC0 420DD0 42D3B0 42D400 42D560 42D570 42D5B0 42D600 4306F0 430770 4307D0 4312B0 4312E0 431320 43F050 43F110 442E10 443260 444C60 444FD0 444FF0 4450B0 445190 45E850 45F640 45FFB0 462580 464450 464480 4644C0 464500 464520 464570 4646F0 464980 4649F0 465E30 46B400 46BC80 46DA20 47D400 48ED40 4931C0 4931E0 493350 497BB0 497DB0 498720 498770 4987C0 498810
0x90:0x70,Graph90_70_CreateMapObject,sub_47D670,68,41A400 41ACD0 41AD40 41AD60 41ADA0 41ADE0 41ADF0 41AE00 41AF60 41B2D0 41B320 41B370 41B520 41B580 41B600 41B620 41B660 41B6A0 41B6E0 41B8B0 41BEA0 41BEB0 41BED0 41BEF0 41BF10 41C0B0 41C1C0 423920 42D3B0 42D400 42D560 42D570 42D5B0 42D600 430260 4306F0 4312B0 431320 43F7F0 444C60 444FD0 444FF0 4450D0 445190 45E850 45F640 45FFB0 462680 464450 464480 4644C0 464500 464520 464570 4646F0 464980 4649F0 465E30 46B400 46BC80 46DA20 47D670 48ED40 493130 498720 498770 4987C0 498810
0x90:0x71,Graph90_71_ReleaseMapObject,sub_47D6A0,41,41AF60 42D3B0 42D400 42D560 42D570 42D5B0 42D600 430770 4312E0 431320 43F8B0 43F8F0 443260 444C60 444FD0 444FF0 4450B0 445190 45E850 45F640 45FFB0 462690 464450 464480 4644C0 464500 464520 464570 4646F0 464980 4649F0 465E30 46B400 46BC80 46DA20 47D6A0 48ED40 498720 498770 4987C0 498810
0x90:0x74,Graph90_74_SetMapEnabled,sub_47D6D0,37,42D3B0 42D400 42D560 42D570 42D5B0 42D600 43F8B0 43F970 443260 444C60 444FD0 444FF0 4450B0 445190 45E850 45F640 45FFB0 4626A0 464450 464480 4644C0 464500 464520 464570 4646F0 464980 4649F0 465E30 46B400 46BC80 46DA20 47D6D0 48ED40 498720 498770 4987C0 498810
0x90:0x75,Graph90_75_ConfigureMapObject,sub_47D710,60,407F20 408300 408E30 408E50 409210 41AF60 41B600 423AF0 424140 4242B0 42D3B0 42D400 42D560 42D570 42D5B0 42D600 4306F0 430770 4307D0 4312B0 4312E0 431320 43F8B0 43F9E0 443260 444C60 444FD0 444FF0 4450B0 445190 45E850 45F640 45FFB0 4626B0 464450 464480 4644C0 464500 464520 464570 4646F0 464980 4649F0 465E30 46B400 46BC80 46DA20 47D710 48ED40 4931C0 4931E0 493350 497B60 497BB0 497C40 497DB0 498720 498770 4987C0 498810
0x90:0x76,Graph90_76_InitializeMapGrid,sub_47D820,49,407B10 407B30 409030 409080 409110 409190 4091B0 40A620 423B40 4242B0 4242F0 424390 42D3B0 42D400 42D560 42D570 42D5B0 42D600 43F8B0 43FA70 443260 444C60 444FD0 444FF0 4450B0 445190 45E850 45F640 45FFB0 4626D0 464450 464480 4644C0 464500 464520 464570 4646F0 464980 4649F0 465E30 46B400 46BC80 46DA20 47D820 48ED40 498720 498770 4987C0 498810
0x90:0x78,Graph90_78_UploadMapTileData,sub_47D900,44,423CE0 423F90 424350 424390 42D3B0 42D400 42D560 42D570 42D5B0 42D600 43F8B0 43FB10 443260 444C60 444C70 444FD0 444FF0 4450B0 445190 45E850 45F640 45FFB0 4626F0 464450 464480 4644C0 464500 464520 464570 4646F0 464980 4649F0 465E30 46B400 46BC80 46DA20 47D900 48DDD0 48DF50 48ED40 498720 498770 4987C0 498810
0x90:0x79,Graph90_79_SetMapViewport,sub_47D9A0,38,423D70 42D3B0 42D400 42D560 42D570 42D5B0 42D600 43F8B0 43FB50 443260 444C60 444FD0 444FF0 4450B0 445190 45E850 45F640 45FFB0 462710 464450 464480 4644C0 464500 464520 464570 4646F0 464980 4649F0 465E30 46B400 46BC80 46DA20 47D9A0 48ED40 498720 498770 4987C0 498810
0x90:0x7A,Graph90_7A_ReplaceMapTileId,sub_47DA70,38,423F10 42D3B0 42D400 42D560 42D570 42D5B0 42D600 43F8B0 43FBC0 443260 444C60 444FD0 444FF0 4450B0 445190 45E850 45F640 45FFB0 462730 464450 464480 4644C0 464500 464520 464570 4646F0 464980 4649F0 465E30 46B400 46BC80 46DA20 47DA70 48ED40 498720 498770 4987C0 498810
0x90:0x80,Graph90_80_CreateWindowObject,sub_47DAC0,200,407AE0 407B10 407B30 407B90 407BA0 409030 409080 4090B0 4090E0 409110 409170 409190 4091B0 40A530 40A620 40A9A0 40A9E0 40ADF0 40AF50 40B080 40B0D0 40B130 40B200 40B320 40B3B0 40B4B0 40B5D0 40B6F0 40B9B0 40BC10 40BC60 40CA70 40CAE0 40CBF0 40CCD0 40CDD0 40CFF0 40D200 40D220 40D440 40D4A0 40D670 40D820 40DA40 40DAD0 40DB60 40DCE0 40DE60 40DF80 40DFF0 40E050 40E0D0 40E150 40E190 40E1F0 40E2E0 40E3E0 413900 413930 414C20 414C60 414D10 414F00 414F50 415000 4150E0 415250 4152A0 415350 415430 4158C0 415900 415A30 415AB0 419B10 419BA0 419C50 419CC0 419D00 419D60 419DE0 419FD0 41A040 41A400 41ACD0 41AD40 41AD60 41ADA0 41ADE0 41ADF0 41AE00 41AEE0 41AF60 41B2D0 41B320 41B370 41B520 41B580 41B600 41B620 41B660 41B6A0 41B6E0 41B8B0 41BEA0 41BEB0 41BED0 41BEF0 41BF10 41BF20 41BF90 41C0B0 41C1C0 41C1D0 42AE20 42B1A0 42B3A0 42B3B0 42B540 42B550 42B9B0 42BAB0 42BAE0 42C2A0 42C470 42C510 42C530 42C550 42C570 42C580 42C5B0 42C7A0 42C870 42CA00 42CA30 42CD30 42CD70 42D3B0 42D400 42D560 42D570 42D5B0 42D600 430260 4302C0 4302E0 4306F0 430830 430CD0 430D10 430DD0 430EF0 431130 431150 431200 4312B0 431320 4314F0 4405B0 444B50 444C60 444FD0 444FF0 4450B0 4450D0 445190 4464C0 4464E0 4465D0 4465F0 446750 446780 4467C0 446810 446960 45E850 45F640 45FFB0 462940 464450 464480 4644C0 464500 464520 464570 4646F0 464980 4649F0 465E30 46B400 46BC80 46DA20 47DAC0 48ED40 490AE0 493130 498720 498770 4987C0 498810
0x90:0x81,Graph90_81_ReleaseWindowObject,sub_47DB60,56,41ACE0 41AD50 41AF60 42D3B0 42D400 42D560 42D570 42D5B0 42D600 430770 4312E0 431320 43E5D0 43F050 43F350 43F8B0 43FD30 4406C0 440700 441240 4419C0 442220 442610 443260 443270 443BD0 444C60 444FD0 444FF0 4450B0 445190 45E850 45F640 45FFB0 462060 462980 464450 464480 4644C0 464500 464520 464570 4646F0 464980 4649F0 465E30 46B400 46BC80 46C5E0 46DA20 47DB60 48ED40 498720 498770 4987C0 498810
0x90:0x82,Graph90_82_SetWindowCompositionOrder,sub_47DC10,145,407AE0 407B10 407B30 407B90 407BA0 409030 409080 4090B0 4090E0 409110 409170 409190 4091B0 40A530 40A620 40A9A0 40A9E0 40ADF0 40AF50 40B080 40B0D0 40B130 40B200 40B320 40B3B0 40B4B0 40B5D0 40B6F0 40B9B0 40BC10 40BC60 40CA70 40CAE0 40CBF0 40CCD0 40CDD0 40CFF0 40D200 40D220 40D440 40D4A0 40D670 40D820 40DA40 40DAD0 40DB60 40DCE0 40DE60 40DF80 40DFF0 40E050 40E0D0 40E150 40E190 40E1F0 40E2E0 40E3E0 413900 413930 414C20 414C60 414D10 414F00 414F50 415000 4150E0 415250 4152A0 415350 415430 4158C0 415900 415A30 415AB0 419B10 419BA0 419C50 419CC0 419D00 419D60 419DE0 419FD0 41A040 41AEE0 41C1D0 42C870 42CA00 42CA30 42D3B0 42D400 42D560 42D570 42D5B0 42D600 430830 430CD0 430D10 430DD0 430EF0 431130 431150 431200 4314F0 4406C0 440D60 443260 444B50 444C60 444FD0 444FF0 4450B0 445190 4464C0 4464E0 4465D0 4465F0 446750 446780 4467C0 446810 446960 45E850 45F640 45FFB0 462EC0 464450 464480 4644C0 464500 464520 464570 4646F0 464980 4649F0 465E30 46B400 46BC80 46DA20 47DC10 48ED40 490AE0 498720 498770 4987C0 498810
0x90:0x83,Graph90_83_RenderWindowToBitmap,sub_47DBC0,63,407B10 407B30 407C40 407C90 407CF0 407DA0 407F20 408300 408870 408880 408A10 408DC0 408E30 408E50 409110 409190 4091B0 40ADF0 40AF50 42C940 42D3B0 42D400 42D560 42D570 42D5B0 42D600 430260 4302C0 4406C0 440C80 443260 444C60 444FD0 444FF0 4450B0 445190 45E850 45F640 45FFB0 462E80 464450 464480 4644C0 464500 464520 464570 4646F0 464980 4649F0 465E30 46B400 46BC80 46DA20 47DBC0 48ED40 4931C0 4931E0 493350 497B60 498720 498770 4987C0 498810
0x90:0x84,Graph90_84_SetWindowDrawEnabled,sub_47DC90,37,42D3B0 42D400 42D560 42D570 42D5B0 42D600 4406C0 440A90 443260 444C60 444FD0 444FF0 4450B0 445190 45E850 45F640 45FFB0 462CA0 464450 464480 4644C0 464500 464520 464570 4646F0 464980 4649F0 465E30 46B400 46BC80 46DA20 47DC90 48ED40 498720 498770 4987C0 498810
0x90:0x85,Graph90_85_ConfigureWindowObject,sub_47DCD0,49,41AF60 41B600 42B360 42D3B0 42D400 42D560 42D570 42D5B0 42D600 4306F0 430770 4307D0 4312B0 4312E0 431320 4406C0 440830 443260 444C60 444FD0 444FF0 4450B0 445190 45E850 45F640 45FFB0 462AF0 464450 464480 4644C0 464500 464520 464570 4646F0 464980 4649F0 465E30 46B400 46BC80 46DA20 47DCD0 48ED40 497BB0 497C40 497DB0 498720 498770 4987C0 498810
0x90:0x86,Graph90_86_SetWindowBackgroundBitmap,sub_47DD80,152,407AE0 407B10 407B30 407B90 407BA0 407F20 408E30 408E50 409030 409080 4090B0 4090E0 409110 409170 409190 4091B0 40A530 40A620 40A9A0 40A9E0 40ADF0 40AF50 40B080 40B0D0 40B130 40B200 40B320 40B3B0 40B4B0 40B5D0 40B6F0 40B9B0 40BC10 40BC60 40CA70 40CAE0 40CBF0 40CCD0 40CDD0 40CFF0 40D200 40D220 40D440 40D4A0 40D670 40D820 40DA40 40DAD0 40DB60 40DCE0 40DE60 40DF80 40DFF0 40E050 40E0D0 40E150 40E190 40E1F0 40E2E0 40E3E0 413900 413930 414C20 414C60 414D10 414F00 414F50 415000 4150E0 415250 4152A0 415350 415430 4158C0 415900 415A30 415AB0 419B10 419BA0 419C50 419CC0 419D00 419D60 419DE0 419FD0 41A040 41AEE0 41C1D0 42B2A0 42B3B0 42CA00 42CA30 42D3B0 42D400 42D560 42D570 42D5B0 42D600 430830 430CD0 430D10 430DD0 430EF0 431130 431150 431200 4314F0 4406C0 440780 443260 444B50 444C60 444FD0 444FF0 4450B0 445190 4464C0 4464E0 4465D0 4465F0 446750 446780 4467C0 446810 446960 45E850 45F640 45FFB0 462990 464450 464480 4644C0 464500 464520 464570 4646F0 464980 4649F0 465E30 46B400 46BC80 46DA20 47DD80 48ED40 490AE0 4931C0 4931E0 493350 498720 498770 4987C0 498810
0x90:0x87,Graph90_87_SetWindowIsolatedComposition,sub_47DE50,145,407AE0 407B10 407B30 407B90 407BA0 409030 409080 4090B0 4090E0 409110 409170 409190 4091B0 40A530 40A620 40A9A0 40A9E0 40ADF0 40AF50 40B080 40B0D0 40B130 40B200 40B320 40B3B0 40B4B0 40B5D0 40B6F0 40B9B0 40BC10 40BC60 40CA70 40CAE0 40CBF0 40CCD0 40CDD0 40CFF0 40D200 40D220 40D440 40D4A0 40D670 40D820 40DA40 40DAD0 40DB60 40DCE0 40DE60 40DF80 40DFF0 40E050 40E0D0 40E150 40E190 40E1F0 40E2E0 40E3E0 413900 413930 414C20 414C60 414D10 414F00 414F50 415000 4150E0 415250 4152A0 415350 415430 4158C0 415900 415A30 415AB0 419B10 419BA0 419C50 419CC0 419D00 419D60 419DE0 419FD0 41A040 41AEE0 41C1D0 42B3A0 42CA00 42CA30 42D3B0 42D400 42D560 42D570 42D5B0 42D600 430830 430CD0 430D10 430DD0 430EF0 431130 431150 431200 4314F0 4406C0 4408A0 443260 444B50 444C60 444FD0 444FF0 4450B0 445190 4464C0 4464E0 4465D0 4465F0 446750 446780 4467C0 446810 446960 45E850 45F640 45FFB0 462B10 464450 464480 4644C0 464500 464520 464570 4646F0 464980 4649F0 465E30 46B400 46BC80 46DA20 47DE50 48ED40 490AE0 498720 498770 4987C0 498810
0x90:0x88,Graph90_88_SetWindowValidRegion,sub_47DE90,42,42B900 42B970 42C2A0 42C570 42C5B0 42D3B0 42D400 42D560 42D570 42D5B0 42D600 4406C0 4408D0 443260 444C60 444FD0 444FF0 4450B0 445190 45E850 45F640 45FFB0 462B20 464450 464480 4644C0 464500 464520 464570 4646F0 464980 4649F0 465E30 46B400 46BC80 46DA20 47DE90 48ED40 498720 498770 4987C0 498810
0x90:0x89,Graph90_89_GetWindowValidRegion,sub_47DF50,42,42C2A0 42D3B0 42D400 42D560 42D570 42D5B0 42D600 4406C0 440910 443260 444C60 444C70 444FD0 444FF0 4450B0 4450D0 445190 45E850 45F640 45FFB0 462B60 464450 464480 4644C0 464500 464520 464570 4646F0 464980 4649F0 465E30 46B400 46BC80 46DA20 47DF50 48DDD0 48DF50 48ED40 498720 498770 4987C0 498810
0x90:0x90,Graph90_90_StartWindowMessageProcedure,sub_47DFA0,211,407AE0 407B10 407B30 407B90 407BA0 409030 409080 4090B0 4090E0 409110 409170 409190 4091B0 4097B0 40A530 40A620 40A9A0 40A9E0 40ADF0 40AF50 40B080 40B0D0 40B130 40B200 40B320 40B3B0 40B4B0 40B5D0 40B6F0 40B9B0 40BC10 40BC60 40CA70 40CAE0 40CBF0 40CCD0 40CDD0 40CFF0 40D200 40D220 40D440 40D4A0 40D670 40D820 40DA40 40DAD0 40DB60 40DCE0 40DE60 40DF80 40DFF0 40E050 40E0D0 40E150 40E190 40E1F0 40E2E0 40E3E0 413900 413930 414C20 414C60 414D10 414F00 414F50 415000 4150E0 415250 4152A0 415350 415430 4158C0 415900 415A30 415AB0 419B10 419BA0 419C50 419CC0 419D00 419D60 419DE0 419FD0 41A040 41AEE0 41C1D0 42B540 42B550 42BAB0 42BBB0 42C2A0 42C450 42C460 42C490 42C4A0 42C4C0 42C520 42C570 42C5A0 42C700 42C720 42CA00 42CA30 42CD30 42CD70 42D3B0 42D400 42D560 42D570 42D5B0 42D600 430830 430CD0 430D10 430DD0 430EF0 431130 431150 431200 4314F0 4318F0 431A40 432BC0 4335C0 4335D0 4335E0 4335F0 4337D0 4341D0 434DA0 434DE0 434E00 434E30 4350C0 437030 438190 4406C0 443260 444B50 444C60 444C70 444FC0 444FD0 444FF0 4450B0 445190 4451C0 4464C0 4464E0 4465D0 4465F0 446750 446780 4467C0 446810 446960 44DBA0 45E580 45E600 45E750 45E850 45E880 45E8D0 45F640 45FFB0 461090 4610A0 4610B0 4610C0 464450 464480 4644C0 464500 464520 464570 4646F0 464980 4649F0 465E30 46B190 46B400 46BC80 46D550 46D560 46D660 46D6C0 46D720 46D810 46D830 46DA20 46DB00 46DB40 46DC80 46DE30 46DF00 47DFA0 48DDD0 48DF50 48E680 48EBC0 48ED40 48EE70 490AE0 4911E0 491220 497B40 498720 498770 4987C0 498810 49A230
0x90:0x91,Graph90_91_SetMessageInputScope,sub_47E040,35,42D3B0 42D400 42D560 42D570 42D5B0 42D600 432D80 444C60 444FD0 444FF0 4450B0 445190 45E850 45F640 45FFB0 463250 464450 464480 4644C0 464500 464520 464570 4646F0 464980 4649F0 465E30 46B400 46BC80 46DA20 47E040 48ED40 498720 498770 4987C0 498810
0x90:0x92,Graph90_92_SetMessageInputFilter,sub_47E0E0,4,432DC0 4450B0 463260 47E0E0
0x90:0x94,Graph90_94_SetGlyphRevealDelay,sub_47E100,4,4334C0 4450B0 463150 47E100
0x90:0x95,Graph90_95_SetTextRevealAnimation,sub_47E120,36,42D3B0 42D400 42D560 42D570 42D5B0 42D600 4334D0 444C60 444FD0 444FF0 4450B0 445190 45E850 45F640 45FFB0 463160 464450 464480 4644C0 464500 464520 464570 4646F0 464980 4649F0 465E30 46B400 46BC80 46DA20 47E120 48ED40 497A90 498720 498770 4987C0 498810
0x90:0x96,Graph90_96_SetTextSettleAnimation,sub_47E160,36,42D3B0 42D400 42D560 42D570 42D5B0 42D600 4334F0 444C60 444FD0 444FF0 4450B0 445190 45E850 45F640 45FFB0 463170 464450 464480 4644C0 464500 464520 464570 4646F0 464980 4649F0 465E30 46B400 46BC80 46DA20 47E160 48ED40 497A90 498720 498770 4987C0 498810
0x90:0x97,Graph90_97_SetTextAutoAdvance,sub_47E1A0,4,433510 4450B0 463180 47E1A0
0x90:0x98,Graph90_98_ConfigureMessageCaretFrames,sub_47E1D0,133,407AE0 407B10 407B30 407F20 408E30 408E50 409030 409080 409110 409170 409190 4091B0 40A620 40A9A0 40A9E0 40ADF0 40AF50 40B080 40B0D0 40B130 40B200 40B320 40B3B0 40B4B0 40B5D0 40B6F0 40B9B0 40BC10 40BC60 40CA70 40CAE0 40CBF0 40CCD0 40CDD0 40CFF0 40D200 40D220 40D440 40D4A0 40D670 40D820 40DA40 40DAD0 40DB60 40DCE0 40DE60 40DF80 40DFF0 40E050 40E0D0 40E150 40E190 40E1F0 40E2E0 40E3E0 413900 413930 414C20 414C60 414D10 414F00 414F50 415000 4150E0 415250 4152A0 415350 415430 4158C0 415900 415A30 415AB0 419B10 419BA0 419C50 419CC0 419D00 419D60 419DE0 419FD0 41A040 42D3B0 42D400 42D560 42D570 42D5B0 42D600 433300 444B50 444C60 444C70 444FD0 444FF0 4450B0 445190 4464C0 4464E0 4465D0 4465F0 446750 446780 4467C0 446810 446960 45E850 45F640 45FFB0 4631C0 464450 464480 4644C0 464500 464520 464570 4646F0 464980 4649F0 465E30 46B400 46BC80 46DA20 47E1D0 48DDD0 48DF50 48ED40 490AE0 4931C0 4931E0 493350 498720 498770 4987C0 498810
0x90:0x99,Graph90_99_SetMessageCaretFrameDelay,sub_47E250,4,433480 4450B0 4631E0 47E250
0x90:0x9A,Graph90_9A_SetMessageCaretPosition,sub_47E270,4,433490 4450B0 4631F0 47E270
0x90:0x9B,Graph90_9B_SetMessageStartDelay,sub_47E2B0,4,4334B0 4450B0 463210 47E2B0
0x90:0x9C,Graph90_9C_SetTextShadowEnabled,sub_47E2E0,4,433520 4450B0 463220 47E2E0
0x90:0x9D,Graph90_9D_SetTextShadowParameters,sub_47E300,35,42D3B0 42D400 42D560 42D570 42D5B0 42D600 433530 444C60 444FD0 444FF0 4450B0 445190 45E850 45F640 45FFB0 463230 464450 464480 4644C0 464500 464520 464570 4646F0 464980 4649F0 465E30 46B400 46BC80 46DA20 47E300 48ED40 498720 498770 4987C0 498810
0x90:0x9E,Graph90_9E_RegisterFullwidthGlyphStrip,sub_47E3A0,132,407AE0 407B30 407F20 408E30 408E50 409030 409110 409170 409190 4091B0 40A530 40A620 40A9A0 40A9E0 40ADF0 40AF50 40B080 40B0D0 40B130 40B200 40B320 40B3B0 40B4B0 40B5D0 40B6F0 40B9B0 40BC10 40BC60 40CA70 40CAE0 40CBF0 40CCD0 40CDD0 40CFF0 40D200 40D220 40D440 40D4A0 40D670 40D820 40DA40 40DAD0 40DB60 40DCE0 40DE60 40DF80 40DFF0 40E050 40E0D0 40E150 40E190 40E1F0 40E2E0 40E3E0 413900 413930 414C20 414C60 414D10 414F00 414F50 415000 4150E0 415250 4152A0 415350 415430 4158C0 415900 415A30 415AB0 419B10 419BA0 419C50 419CC0 419D00 419D60 419DE0 419FD0 41A040 42D3B0 42D400 42D560 42D570 42D5B0 42D600 432DD0 432E30 432E40 432F50 444B50 444C60 444FD0 444FF0 4450B0 445190 4464C0 4464E0 4465D0 4465F0 446750 446780 4467C0 446810 446960 45E850 45F640 45FFB0 4631B0 464450 464480 4644C0 464500 464520 464570 4646F0 464980 4649F0 465E30 46B400 46BC80 46DA20 47E3A0 48ED40 490AE0 4931C0 4931E0 493350 498720 498770 4987C0 498810
0x90:0x9F,Graph90_9F_SetMessageInputForcesCompletion,sub_47E460,4,432D70 4450B0 463240 47E460
0x90:0xA0,Graph90_A0_StartItemSelection,sub_47E480,224,407AE0 407B10 407B30 407B90 407BA0 409030 409080 4090B0 4090E0 409110 409170 409190 4091B0 4092B0 4092E0 409710 4097B0 4097D0 409800 409A80 40A530 40A620 40A9A0 40A9E0 40ADF0 40AF50 40B080 40B0D0 40B130 40B200 40B320 40B3B0 40B4B0 40B5D0 40B6F0 40B9B0 40BC10 40BC60 40CA70 40CAE0 40CBF0 40CCD0 40CDD0 40CFF0 40D200 40D220 40D440 40D4A0 40D670 40D820 40DA40 40DAD0 40DB60 40DCE0 40DE60 40DF80 40DFF0 40E050 40E0D0 40E150 40E190 40E1F0 40E2E0 40E3E0 413900 413930 414C20 414C60 414D10 414F00 414F50 415000 4150E0 415250 4152A0 415350 415430 4158C0 415900 415A30 415AB0 419B10 419BA0 419C50 419CC0 419D00 419D60 419DE0 419FD0 41A040 41AEE0 41C1D0 42B540 42B550 42B5B0 42B9B0 42BAB0 42BBB0 42C280 42C2A0 42C2D0 42C2F0 42C450 42C460 42C490 42C4A0 42C4C0 42C520 42C540 42C7D0 42CA00 42CA30 42CD30 42CD70 42D3B0 42D400 42D560 42D570 42D5B0 42D600 42E370 42E8B0 42E970 42E990 42E9A0 42E9B0 42EA10 42EA30 42F2D0 42FA80 430830 430CD0 430D10 430DD0 430EF0 431130 431150 431200 4314F0 4318F0 43B380 43B5E0 43B670 43B8C0 43B8D0 4406C0 443240 443260 444B50 444C60 444C70 444FC0 444FD0 444FF0 4450B0 445190 4451C0 4464C0 4464E0 4465D0 4465F0 446750 446780 4467B0 4467C0 446810 446960 45E580 45E600 45E750 45E850 45E880 45E8D0 45F640 45FFB0 461090 4610A0 4610B0 4610C0 464450 464480 4644C0 464500 464520 464570 4646F0 464980 4649F0 465E30 46B190 46B400 46BC80 46D550 46D560 46D660 46D6C0 46D720 46D810 46D830 46DA20 46DB00 46DB40 46DC80 46DE30 46DF00 46E500 47E480 48DDD0 48DF50 48DF70 48E680 48EBC0 48ED40 48EE70 490AE0 491430 491470 497B40 498720 498770 4987C0 498810 499F40 49A230
0x90:0xA1,Graph90_A1_DrawItemSelectionGrid,sub_47E5F0,187,407AE0 407B10 407B30 407B90 407BA0 409030 409080 4090B0 4090E0 409110 409170 409190 4091B0 4092B0 4092E0 409710 4097B0 4097D0 409800 409A80 40A530 40A620 40A9A0 40A9E0 40ADF0 40AF50 40B080 40B0D0 40B130 40B200 40B320 40B3B0 40B4B0 40B5D0 40B6F0 40B9B0 40BC10 40BC60 40CA70 40CAE0 40CBF0 40CCD0 40CDD0 40CFF0 40D200 40D220 40D440 40D4A0 40D670 40D820 40DA40 40DAD0 40DB60 40DCE0 40DE60 40DF80 40DFF0 40E050 40E0D0 40E150 40E190 40E1F0 40E2E0 40E3E0 413900 413930 414C20 414C60 414D10 414F00 414F50 415000 4150E0 415250 4152A0 415350 415430 4158C0 415900 415A30 415AB0 419B10 419BA0 419C50 419CC0 419D00 419D60 419DE0 419FD0 41A040 41AEE0 41C1D0 42B540 42B550 42B5B0 42B9B0 42BAB0 42BBB0 42C280 42C2A0 42C2D0 42C2F0 42C450 42C460 42C490 42C4A0 42C4C0 42C520 42C540 42C7D0 42CA00 42CA30 42CD30 42CD70 42D3B0 42D400 42D560 42D570 42D5B0 42D600 42E370 42E8B0 42E970 42E990 42E9A0 42E9B0 42EA10 42EA30 42F2D0 42FA80 430830 430CD0 430D10 430DD0 430EF0 431130 431150 431200 4314F0 43B670 4406C0 443240 443260 444B50 444C60 444C70 444FD0 444FF0 4450B0 445190 4464C0 4464E0 4465D0 4465F0 446750 446780 4467C0 446810 446960 45E850 45F640 45FFB0 464450 464480 4644C0 464500 464520 464570 4646F0 464980 4649F0 465E30 46B400 46BC80 46DA20 47E5F0 48DDD0 48DF50 48DF70 48ED40 490AE0 491430 491590 498720 498770 4987C0 498810
0x90:0xA2,Graph90_A2_StartItemSelectionEx,sub_47E910,240,407AE0 407B10 407B30 407B90 407BA0 407F20 408E30 408E50 409030 409080 4090B0 4090E0 409110 409170 409190 4091B0 4092B0 4092E0 409710 4097B0 4097D0 409800 409A80 40A530 40A620 40A9A0 40A9D0 40A9E0 40ADF0 40AF50 40B080 40B0D0 40B130 40B200 40B320 40B3B0 40B4B0 40B5D0 40B6F0 40B9B0 40BC10 40BC60 40CA70 40CAE0 40CBF0 40CCD0 40CDD0 40CFF0 40D200 40D220 40D440 40D4A0 40D670 40D820 40DA40 40DAD0 40DB60 40DCE0 40DE60 40DF80 40DFF0 40E050 40E0D0 40E150 40E190 40E1F0 40E2E0 40E3E0 413900 413930 414C20 414C60 414D10 414F00 414F50 415000 4150E0 415250 4152A0 415350 415430 4158C0 415900 415A30 415AB0 419B10 419BA0 419C50 419CC0 419D00 419D60 419DE0 419FD0 41A040 41AEE0 41BF20 41BF90 41C1D0 42B540 42B550 42B5B0 42B9B0 42BAB0 42BB30 42BBB0 42C280 42C2A0 42C2D0 42C2F0 42C450 42C460 42C490 42C4A0 42C4C0 42C520 42C540 42C7D0 42CA00 42CA30 42CD30 42CD70 42D3B0 42D400 42D560 42D570 42D5B0 42D600 42E370 42E8B0 42E970 42E990 42E9A0 42E9B0 42EA10 42EA30 42F2D0 42FA80 4302C0 4302E0 430830 430CD0 430D10 430DD0 430EF0 431130 431150 431200 4314F0 4318F0 43B380 43B5E0 43B670 43B8C0 43B8D0 43C270 43C3C0 43C650 4406C0 443240 443260 444B50 444C60 444C70 444FC0 444FD0 444FF0 4450B0 445190 4451C0 4464C0 4464E0 4465D0 4465F0 446750 446780 4467B0 4467C0 446810 446960 45E580 45E600 45E750 45E850 45E880 45E8D0 45F640 45FFB0 461090 4610A0 4610B0 4610C0 464450 464480 4644C0 464500 464520 464570 4646F0 464980 4649F0 465E30 46B190 46B400 46BC80 46D550 46D560 46D660 46D6C0 46D720 46D810 46D830 46DA20 46DB00 46DB40 46DC80 46DE30 46DF00 46E500 47E6E0 47E910 48DDD0 48DF50 48DF70 48E680 48EBC0 48ED40 48EE70 490AE0 491430 491670 4931C0 4931E0 493350 497B40 498720 498770 4987C0 498810 499F40 49A230
0x90:0xA3,Graph90_A3_StartItemSelectionExBlink,sub_47E930,240,407AE0 407B10 407B30 407B90 407BA0 407F20 408E30 408E50 409030 409080 4090B0 4090E0 409110 409170 409190 4091B0 4092B0 4092E0 409710 4097B0 4097D0 409800 409A80 40A530 40A620 40A9A0 40A9D0 40A9E0 40ADF0 40AF50 40B080 40B0D0 40B130 40B200 40B320 40B3B0 40B4B0 40B5D0 40B6F0 40B9B0 40BC10 40BC60 40CA70 40CAE0 40CBF0 40CCD0 40CDD0 40CFF0 40D200 40D220 40D440 40D4A0 40D670 40D820 40DA40 40DAD0 40DB60 40DCE0 40DE60 40DF80 40DFF0 40E050 40E0D0 40E150 40E190 40E1F0 40E2E0 40E3E0 413900 413930 414C20 414C60 414D10 414F00 414F50 415000 4150E0 415250 4152A0 415350 415430 4158C0 415900 415A30 415AB0 419B10 419BA0 419C50 419CC0 419D00 419D60 419DE0 419FD0 41A040 41AEE0 41BF20 41BF90 41C1D0 42B540 42B550 42B5B0 42B9B0 42BAB0 42BB30 42BBB0 42C280 42C2A0 42C2D0 42C2F0 42C450 42C460 42C490 42C4A0 42C4C0 42C520 42C540 42C7D0 42CA00 42CA30 42CD30 42CD70 42D3B0 42D400 42D560 42D570 42D5B0 42D600 42E370 42E8B0 42E970 42E990 42E9A0 42E9B0 42EA10 42EA30 42F2D0 42FA80 4302C0 4302E0 430830 430CD0 430D10 430DD0 430EF0 431130 431150 431200 4314F0 4318F0 43B380 43B5E0 43B670 43B8C0 43B8D0 43C270 43C3C0 43C650 4406C0 443240 443260 444B50 444C60 444C70 444FC0 444FD0 444FF0 4450B0 445190 4451C0 4464C0 4464E0 4465D0 4465F0 446750 446780 4467B0 4467C0 446810 446960 45E580 45E600 45E750 45E850 45E880 45E8D0 45F640 45FFB0 461090 4610A0 4610B0 4610C0 464450 464480 4644C0 464500 464520 464570 4646F0 464980 4649F0 465E30 46B190 46B400 46BC80 46D550 46D560 46D660 46D6C0 46D720 46D810 46D830 46DA20 46DB00 46DB40 46DC80 46DE30 46DF00 46E500 47E6E0 47E930 48DDD0 48DF50 48DF70 48E680 48EBC0 48ED40 48EE70 490AE0 491430 491670 4931C0 4931E0 493350 497B40 498720 498770 4987C0 498810 499F40 49A230
0x90:0xA4,Graph90_A4_SetItemSelectionHighlightStyles,sub_47E950,4,43B5A0 4450B0 4633A0 47E950
0x90:0xA5,Graph90_A5_SetItemSelectionInputMask,sub_47E980,4,43B590 4450B0 4633B0 47E980
0x90:0xA6,Graph90_A6_SetItemSelectionNavigationParameters,sub_47E9A0,4,43B5B0 4450B0 4633C0 47E9A0
0x90:0xA7,Graph90_A7_SetItemSelectionColumnLayout,sub_47E9E0,41,42C7A0 42D3B0 42D400 42D560 42D570 42D5B0 42D600 4406C0 441080 443260 444C60 444C70 444FD0 444FF0 4450B0 445190 45E850 45F640 45FFB0 4633E0 464450 464480 4644C0 464500 464520 464570 4646F0 464980 4649F0 465E30 46B400 46BC80 46DA20 47E9E0 48DDD0 48DF50 48ED40 498720 498770 4987C0 498810
0x90:0xAF,Graph90_AF_SetInteractiveProcedurePollGate,sub_47EA20,5,43A360 43B560 4450B0 4633F0 47EA20
0x90:0xB0,Graph90_B0_StartIconSelection,sub_47EA40,248,407AE0 407B10 407B30 407B90 407BA0 407F20 408E30 408E50 409030 409080 4090B0 4090E0 409110 409170 409190 4091B0 40A530 40A620 40A9A0 40A9E0 40ADF0 40AF50 40B080 40B0D0 40B130 40B200 40B320 40B3B0 40B4B0 40B5D0 40B6F0 40B9B0 40BC10 40BC60 40CA70 40CAE0 40CBF0 40CCD0 40CDD0 40CFF0 40D200 40D220 40D440 40D4A0 40D670 40D820 40DA40 40DAD0 40DB60 40DCE0 40DE60 40DF80 40DFF0 40E050 40E0D0 40E150 40E190 40E1F0 40E2E0 40E3E0 413900 413930 414C20 414C60 414D10 414F00 414F50 415000 4150E0 415250 4152A0 415350 415430 4158C0 415900 415A30 415AB0 419B10 419BA0 419C50 419CC0 419D00 419D60 419DE0 419FD0 41A040 41A400 41AB10 41AB40 41AC40 41ACD0 41ACE0 41AD40 41AD60 41ADA0 41ADE0 41ADF0 41AE00 41AEE0 41B0B0 41B2D0 41B310 41B320 41B360 41B370 41B520 41B580 41B600 41B620 41B660 41B6A0 41B6E0 41B8B0 41BC70 41BEA0 41BEB0 41BED0 41BEF0 41BF10 41C050 41C0B0 41C1C0 41C1D0 42AC50 42B540 42B550 42B5B0 42B9B0 42BAB0 42BBB0 42C280 42C2A0 42C2D0 42C2F0 42C460 42C540 42CA00 42CA30 42CD30 42CD70 42D3B0 42D400 42D560 42D570 42D5B0 42D600 42E9A0 430260 430830 430CD0 430D10 430DD0 430EF0 431130 431150 431200 4314F0 4318F0 43A150 43A390 43A400 43A7B0 43A820 43AC50 4406C0 443240 443260 444B50 444C60 444C70 444FC0 444FD0 444FF0 4450B0 445190 4451C0 4464C0 4464E0 4465D0 4465F0 446750 446780 4467B0 4467C0 446810 446960 45E580 45E600 45E750 45E850 45E880 45E8D0 45F640 45FFB0 461090 4610A0 4610B0 4610C0 464450 464480 4644C0 464500 464520 464570 4646F0 464980 4649F0 465E30 46B190 46B400 46BC80 46D550 46D560 46D660 46D6C0 46D6E0 46D720 46D7C0 46D800 46D810 46D830 46DA20 46DB00 46DB40 46DC80 46DE30 46DF00 46E500 47EA40 48DDD0 48DF50 48E680 48EBC0 48ED40 48EE70 490AE0 491870 493130 4931C0 4931E0 493350 497B40 498720 498770 4987C0 498810 499F40 49A230
0x90:0xB1,Graph90_B1_StartIconSelectionEx,sub_47EB50,249,407AE0 407B10 407B30 407B90 407BA0 407F20 408E30 408E50 409030 409080 4090B0 4090E0 409110 409170 409190 4091B0 40A530 40A620 40A9A0 40A9E0 40ADF0 40AF50 40B080 40B0D0 40B130 40B200 40B320 40B3B0 40B4B0 40B5D0 40B6F0 40B9B0 40BC10 40BC60 40CA70 40CAE0 40CBF0 40CCD0 40CDD0 40CFF0 40D200 40D220 40D440 40D4A0 40D670 40D820 40DA40 40DAD0 40DB60 40DCE0 40DE60 40DF80 40DFF0 40E050 40E0D0 40E150 40E190 40E1F0 40E2E0 40E3E0 413900 413930 414C20 414C60 414D10 414F00 414F50 415000 4150E0 415250 4152A0 415350 415430 4158C0 415900 415A30 415AB0 419B10 419BA0 419C50 419CC0 419D00 419D60 419DE0 419FD0 41A040 41A400 41AB10 41AB40 41AC40 41ACD0 41ACE0 41AD40 41AD60 41ADA0 41ADE0 41ADF0 41AE00 41AEE0 41B0B0 41B2D0 41B310 41B320 41B360 41B370 41B520 41B580 41B600 41B620 41B660 41B6A0 41B6E0 41B8B0 41BC70 41BEA0 41BEB0 41BED0 41BEF0 41BF10 41C050 41C0B0 41C1C0 41C1D0 42AC50 42B540 42B550 42B5B0 42B9B0 42BAB0 42BBB0 42C280 42C2A0 42C2D0 42C2F0 42C460 42C540 42CA00 42CA30 42CD30 42CD70 42D3B0 42D400 42D560 42D570 42D5B0 42D600 42E9A0 430260 430830 430CD0 430D10 430DD0 430EF0 431130 431150 431200 4314F0 4318F0 43A150 43A390 43A7B0 43A820 43AC50 43ADF0 43AED0 4406C0 443240 443260 444B50 444C60 444C70 444FC0 444FD0 444FF0 4450B0 445190 4451C0 4464C0 4464E0 4465D0 4465F0 446750 446780 4467B0 4467C0 446810 446960 45E580 45E600 45E750 45E850 45E880 45E8D0 45F640 45FFB0 461090 4610A0 4610B0 4610C0 464450 464480 4644C0 464500 464520 464570 4646F0 464980 4649F0 465E30 46B190 46B400 46BC80 46D550 46D560 46D660 46D6C0 46D6E0 46D720 46D7C0 46D800 46D810 46D830 46DA20 46DB00 46DB40 46DC80 46DE30 46DF00 46E500 47EB50 48DDD0 48DF50 48E680 48EBC0 48ED40 48EE70 490AE0 4919A0 493130 4931C0 4931E0 493350 497B40 498720 498770 4987C0 498810 499F40 49A230
0x90:0xB4,Graph90_B4_DrawIconBatch,sub_47EC60,168,407AE0 407B10 407B30 407B90 407BA0 407F20 408E30 408E50 409030 409080 4090B0 4090E0 409110 409170 409190 4091B0 40A530 40A620 40A9A0 40A9E0 40ADF0 40AF50 40B080 40B0D0 40B130 40B200 40B320 40B3B0 40B4B0 40B5D0 40B6F0 40B9B0 40BC10 40BC60 40CA70 40CAE0 40CBF0 40CCD0 40CDD0 40CFF0 40D200 40D220 40D440 40D4A0 40D670 40D820 40DA40 40DAD0 40DB60 40DCE0 40DE60 40DF80 40DFF0 40E050 40E0D0 40E150 40E190 40E1F0 40E2E0 40E3E0 413900 413930 414C20 414C60 414D10 414F00 414F50 415000 4150E0 415250 4152A0 415350 415430 4158C0 415900 415A30 415AB0 419B10 419BA0 419C50 419CC0 419D00 419D60 419DE0 419FD0 41A040 41AEE0 41C1D0 42B540 42B550 42B5B0 42B9B0 42BAB0 42BBB0 42C280 42C2A0 42C2D0 42C2F0 42C460 42C540 42CA00 42CA30 42CD30 42CD70 42D3B0 42D400 42D560 42D570 42D5B0 42D600 430830 430CD0 430D10 430DD0 430EF0 431130 431150 431200 4314F0 43A710 4406C0 443240 443260 444B50 444C60 444C70 444FD0 444FF0 4450B0 445190 4464C0 4464E0 4465D0 4465F0 446750 446780 4467C0 446810 446960 45E850 45F640 45FFB0 464450 464480 4644C0 464500 464520 464570 4646F0 464980 4649F0 465E30 46B400 46BC80 46DA20 47EC60 48DDD0 48DF50 48ED40 490AE0 491AD0 4931C0 4931E0 493350 498720 498770 4987C0 498810
0x90:0xB5,Graph90_B5_DrawExtendedIconBatch,sub_47ECF0,168,407AE0 407B10 407B30 407B90 407BA0 407F20 408E30 408E50 409030 409080 4090B0 4090E0 409110 409170 409190 4091B0 40A530 40A620 40A9A0 40A9E0 40ADF0 40AF50 40B080 40B0D0 40B130 40B200 40B320 40B3B0 40B4B0 40B5D0 40B6F0 40B9B0 40BC10 40BC60 40CA70 40CAE0 40CBF0 40CCD0 40CDD0 40CFF0 40D200 40D220 40D440 40D4A0 40D670 40D820 40DA40 40DAD0 40DB60 40DCE0 40DE60 40DF80 40DFF0 40E050 40E0D0 40E150 40E190 40E1F0 40E2E0 40E3E0 413900 413930 414C20 414C60 414D10 414F00 414F50 415000 4150E0 415250 4152A0 415350 415430 4158C0 415900 415A30 415AB0 419B10 419BA0 419C50 419CC0 419D00 419D60 419DE0 419FD0 41A040 41AEE0 41C1D0 42B540 42B550 42B5B0 42B9B0 42BAB0 42BBB0 42C280 42C2A0 42C2D0 42C2F0 42C460 42C540 42CA00 42CA30 42CD30 42CD70 42D3B0 42D400 42D560 42D570 42D5B0 42D600 430830 430CD0 430D10 430DD0 430EF0 431130 431150 431200 4314F0 43A710 4406C0 443240 443260 444B50 444C60 444C70 444FD0 444FF0 4450B0 445190 4464C0 4464E0 4465D0 4465F0 446750 446780 4467C0 446810 446960 45E850 45F640 45FFB0 464450 464480 4644C0 464500 464520 464570 4646F0 464980 4649F0 465E30 46B400 46BC80 46DA20 47ECF0 48DDD0 48DF50 48ED40 490AE0 491AD0 4931C0 4931E0 493350 498720 498770 4987C0 498810
0x90:0xB6,Graph90_B6_ApplyIconInputLayout,sub_47EE20,185,407AE0 407B10 407B30 407B90 407BA0 407F20 408E30 408E50 409030 409080 4090B0 4090E0 409110 409170 409190 4091B0 40A530 40A620 40A9A0 40A9E0 40ADF0 40AF50 40B080 40B0D0 40B130 40B200 40B320 40B3B0 40B4B0 40B5D0 40B6F0 40B9B0 40BC10 40BC60 40CA70 40CAE0 40CBF0 40CCD0 40CDD0 40CFF0 40D200 40D220 40D440 40D4A0 40D670 40D820 40DA40 40DAD0 40DB60 40DCE0 40DE60 40DF80 40DFF0 40E050 40E0D0 40E150 40E190 40E1F0 40E2E0 40E3E0 413900 413930 414C20 414C60 414D10 414F00 414F50 415000 4150E0 415250 4152A0 415350 415430 4158C0 415900 415A30 415AB0 419B10 419BA0 419C50 419CC0 419D00 419D60 419DE0 419FD0 41A040 41AEE0 41AF60 41C1D0 42B540 42B550 42B5B0 42B9B0 42BAB0 42BBB0 42BBD0 42C280 42C2A0 42C2D0 42C2F0 42C460 42C540 42CA00 42CA30 42CD30 42CD70 42D3B0 42D400 42D560 42D570 42D5B0 42D600 430570 430770 430830 430CD0 430D10 430D20 430DD0 430EF0 431120 431130 431140 431150 431200 4312E0 431320 4314F0 4406C0 442E10 443240 443260 444B50 444C60 444C70 444FD0 444FF0 4450B0 4450D0 445190 4461E0 4464C0 4464E0 4465D0 4465F0 446750 446780 4467B0 4467C0 446810 4468A0 446960 448320 44C760 45E850 45F640 45FFB0 464450 464480 4644C0 464500 464520 464570 4646F0 464980 4649F0 465E30 46B400 46BC80 46C700 46C750 46CD10 46DA20 47EE20 48DDD0 48DF50 48ED40 490AE0 4931C0 4931E0 493350 498720 498770 4987C0 498810
0x90:0xB7,Graph90_B7_ApplyIconInputLayoutEx,sub_47EE60,246,407AE0 407B10 407B30 407B90 407BA0 407F20 408300 408E30 408E50 409030 409080 4090B0 4090E0 409110 409170 409190 4091B0 40A530 40A620 40A9A0 40A9E0 40ADF0 40AF50 40B080 40B0D0 40B130 40B200 40B320 40B3B0 40B4B0 40B5D0 40B6F0 40B9B0 40BC10 40BC60 40C0F0 40C1B0 40C430 40CA70 40CAE0 40CBF0 40CCD0 40CDD0 40CFF0 40D200 40D220 40D440 40D4A0 40D670 40D820 40DA40 40DAD0 40DB60 40DCE0 40DE60 40DF80 40DFF0 40E050 40E0D0 40E150 40E190 40E1F0 40E2E0 40E3E0 413900 413930 414C20 414C60 414D10 414F00 414F50 415000 4150E0 415250 4152A0 415350 415430 4158C0 415900 415A30 415AB0 418470 4184A0 418FA0 419B10 419BA0 419C50 419CC0 419D00 419D60 419DE0 419FD0 41A040 41A080 41A400 41A690 41AAA0 41ACD0 41AD40 41AD60 41ADA0 41ADE0 41ADF0 41AE00 41AEE0 41AF60 41B2D0 41B320 41B370 41B490 41B4C0 41B520 41B560 41B580 41B5E0 41B600 41B620 41B660 41B6A0 41B6E0 41B750 41B8B0 41BEA0 41BEB0 41BED0 41BEF0 41BF10 41C0A0 41C0B0 41C0C0 41C0D0 41C1C0 41C1D0 4256C0 427170 427AA0 428E70 428FB0 429000 4290F0 429140 429160 4291B0 429220 4296C0 429AF0 42A650 42A9C0 42AA20 42AAA0 42AB50 42B540 42B550 42B9B0 42BAB0 42BBB0 42BBD0 42BED0 42C1C0 42CA00 42CA30 42CD30 42CD70 42D3B0 42D400 42D560 42D570 42D5B0 42D600 430260 430570 4306F0 430770 430830 430CD0 430D10 430D20 430DD0 430EF0 431120 431130 431140 431150 431200 4312B0 4312E0 431320 4314F0 4406C0 442E10 442E90 443260 444B50 444C60 444C70 444FD0 444FF0 4450B0 4450D0 445190 4461E0 4464C0 4464E0 4465D0 4465F0 446750 446780 4467B0 4467C0 446810 4468A0 446960 44B260 44C760 45E850 45F640 45FFB0 464450 464480 4644C0 464500 464520 464570 4646F0 464980 4649F0 465E30 46B400 46BC80 46C980 46C9D0 46CDB0 46DA20 47EE60 48DDD0 48DF50 48ED40 490AE0 493130 4931C0 4931E0 493350 498720 498770 4987C0 498810
0x90:0xB8,Graph90_B8_CreateIconInputProcessor,sub_47EEA0,51,41A400 41AB10 41AB40 41ACD0 41ACE0 41ACF0 41AD40 41AD50 41AD60 41ADA0 41ADE0 41ADF0 41AE00 41B0B0 41B2D0 41B310 41B320 41B360 41B370 41B520 41B580 41B600 41B620 41B660 41B6A0 41B6E0 41B8B0 41BEA0 41BEB0 41BED0 41BEF0 41BF10 41C050 41C0B0 41C1C0 42AC50 42E9A0 430260 4406C0 443260 4450B0 4450D0 4476D0 447990 447B90 44A7C0 46C4A0 46C630 47EEA0 490AE0 493130
0x90:0xB9,Graph90_B9_ReleaseIconInputProcessor,sub_47EED0,5,4450B0 4450D0 46C4F0 46C6F0 47EED0
0x90:0xBA,Graph90_BA_ConfigureIconInputProcessor,sub_47EF00,271,407AE0 407B10 407B30 407B90 407BA0 407F20 408E30 408E50 409030 409080 4090B0 4090E0 409110 409170 409190 4091B0 40A530 40A620 40A9A0 40A9D0 40A9E0 40ADF0 40AF50 40B080 40B0D0 40B130 40B200 40B320 40B3B0 40B4B0 40B5D0 40B6F0 40B9B0 40BC10 40BC60 40CA70 40CAE0 40CBF0 40CCD0 40CDD0 40CFF0 40D200 40D220 40D440 40D4A0 40D670 40D820 40DA40 40DAD0 40DB60 40DCE0 40DE60 40DF80 40DFF0 40E050 40E0D0 40E150 40E190 40E1F0 40E2E0 40E3E0 413900 413930 414C20 414C60 414D10 414F00 414F50 415000 4150E0 415250 4152A0 415350 415430 4158C0 415900 415A30 415AB0 419B10 419BA0 419C50 419CC0 419D00 419D60 419DE0 419FD0 41A040 41A400 41AB10 41AB40 41ACD0 41ACE0 41AD40 41AD60 41ADA0 41ADE0 41ADF0 41AE00 41AEE0 41AF60 41B0B0 41B2D0 41B310 41B320 41B360 41B370 41B520 41B580 41B600 41B620 41B660 41B6A0 41B6E0 41B8B0 41BC70 41BDD0 41BEA0 41BEB0 41BED0 41BEF0 41BF10 41BF20 41BF90 41C050 41C0B0 41C1C0 41C1D0 42AC50 42B540 42B550 42B5B0 42B9B0 42BAB0 42BAE0 42BB30 42BBB0 42BBD0 42C280 42C2A0 42C2D0 42C2F0 42C330 42C460 42C540 42CA00 42CA30 42CD30 42CD70 42D3B0 42D400 42D560 42D570 42D5B0 42D600 42E9A0 430260 4302C0 4302E0 430570 430770 430830 430CD0 430D10 430D20 430DD0 430EF0 431120 431130 431140 431150 431200 4312E0 431320 4314F0 442E10 443240 444B50 444C60 444C70 444FD0 444FF0 4450B0 4450D0 445190 4461E0 4464C0 4464E0 4465D0 4465F0 446750 446780 4467B0 4467C0 446810 4468A0 446960 4478D0 447BF0 447C10 4484B0 4495C0 449760 449A60 449D60 44C760 45E580 45E600 45E750 45E850 45E880 45E8D0 45F640 45FFB0 461090 4610A0 4610B0 4610C0 464450 464480 4644C0 464500 464520 464570 4646F0 464980 4649F0 465E30 46B190 46B400 46BC80 46C4D0 46C610 46C700 46C750 46C8E0 46D550 46D560 46D660 46D6C0 46D6E0 46D720 46D810 46D830 46DA20 46DB00 46DB40 46DC80 46DE30 46DF00 46E500 46E580 47EF00 48DDD0 48DF50 48E680 48EBC0 48ED40 48EDE0 48EE20 48EE70 490AE0 493130 4931C0 4931E0 493350 497B40 498720 498770 4987C0 498810 49A230
0x90:0xBC,Graph90_BC_GetIconInputState,sub_47EF40,58,42D3B0 42D400 42D560 42D570 42D5B0 42D600 444C60 444C70 444FD0 444FF0 4450B0 4450D0 445190 4484C0 44A6A0 44A6F0 45E580 45E600 45E750 45E850 45E880 45E8D0 45F640 45FFB0 461090 4610A0 4610B0 4610C0 464450 464480 4644C0 464500 464520 464570 4646F0 464980 4649F0 465E30 46B190 46B400 46BC80 46C4D0 46C610 46CC00 46D830 46DA20 46DC40 46E490 47EF40 48DDD0 48DF50 48E590 48E680 48ED40 498720 498770 4987C0 498810
0x90:0xBD,Graph90_BD_GetIconInputCurrentGroup,sub_47EF80,41,42D3B0 42D400 42D560 42D570 42D5B0 42D600 444C60 444C70 444FD0 444FF0 4450B0 4450D0 445190 448520 45E850 45F640 45FFB0 464450 464480 4644C0 464500 464520 464570 4646F0 464980 4649F0 465E30 46B400 46BC80 46C4D0 46C610 46CC20 46DA20 47EF80 48DDD0 48DF50 48ED40 498720 498770 4987C0 498810
0x90:0xBE,Graph90_BE_GetIconInputSelections,sub_47EFC0,41,42D3B0 42D400 42D560 42D570 42D5B0 42D600 444C60 444C70 444FD0 444FF0 4450B0 4450D0 445190 448530 45E850 45F640 45FFB0 464450 464480 4644C0 464500 464520 464570 4646F0 464980 4649F0 465E30 46B400 46BC80 46C4D0 46C610 46CC50 46DA20 47EFC0 48DDD0 48DF50 48ED40 498720 498770 4987C0 498810
0x90:0xBF,Graph90_BF_PopIconInputEvent,sub_47F000,42,42D3B0 42D400 42D560 42D570 42D5B0 42D600 444C60 444C70 444FD0 444FF0 4450B0 4450D0 445190 448560 44A220 45E850 45F640 45FFB0 464450 464480 4644C0 464500 464520 464570 4646F0 464980 4649F0 465E30 46B400 46BC80 46C4D0 46C610 46CC70 46DA20 47F000 48DDD0 48DF50 48ED40 498720 498770 4987C0 498810
0x90:0xC0,Graph90_C0_LoadBgBitmapResource,sub_47F040,88,401C10 401EF0 402030 4026C0 4026E0 406720 406A70 406AF0 406CA0 406D30 406D40 407B30 407C40 407C90 407CF0 407DA0 407F00 407F20 408040 408300 408870 408880 408A10 408DC0 408E30 408E50 409110 409190 4091B0 40A620 40A710 40A7C0 40A840 40A910 42D3B0 42D400 42D520 42D560 42D570 42D5B0 42D5D0 42D600 42D630 42D650 42EA80 42FA80 430260 4302C0 444C60 444C70 444FD0 444FF0 4450B0 445190 45E850 45F640 45FFB0 464450 464480 4644C0 464500 464520 464570 4646F0 464980 4649F0 464B80 465E30 467CC0 467DD0 467EC0 467F50 46B400 46BC80 46DA20 46F800 47F040 48DDD0 48DF50 48ED40 4931C0 4931E0 493350 497B60 498720 498770 4987C0 498810
0x90:0xC2,Graph90_C2_FlipBitmap,sub_47F100,53,405590 407B30 407C40 407C90 407CF0 407DA0 407F20 408300 408870 408880 408A10 408DC0 408E30 408E50 42D3B0 42D400 42D560 42D570 42D5B0 42D600 430260 4302C0 444C60 444FD0 444FF0 4450B0 445190 45E850 45F640 45FFB0 464450 464480 4644C0 464500 464520 464570 4646F0 464980 4649F0 465E30 46B400 46BC80 46DA20 47F100 48ED40 4931C0 4931E0 493350 497B60 498720 498770 4987C0 498810
0x90:0xC3,Graph90_C3_DownsampleBitmapHalf,sub_47F1F0,55,4026C0 405090 407B30 407C40 407C90 407CF0 407DA0 407F20 408300 408870 408880 408A10 408DC0 408E30 408E50 418FA0 42D3B0 42D400 42D560 42D570 42D5B0 42D600 430260 4302C0 444C60 444FD0 444FF0 4450B0 445190 45E850 45F640 45FFB0 464450 464480 4644C0 464500 464520 464570 4646F0 464980 4649F0 465E30 46B400 46BC80 46DA20 47F1F0 48ED40 4931C0 4931E0 493350 497B60 498720 498770 4987C0 498810
0x90:0xC4,Graph90_C4_ImportExternalImage,sub_47F2C0,67,402420 402660 407B30 407B60 407C40 407C90 407CF0 407DA0 407F00 407F20 408020 4080B0 4081B0 408300 408870 408880 408A10 408DC0 408E30 408E50 408E90 40ADF0 42D3B0 42D400 42D560 42D570 42D5B0 42D600 430260 4302C0 444C60 444C70 444FD0 444FF0 4450B0 4450D0 445190 45E850 45F640 45FFB0 464450 464480 4644C0 464500 464520 464570 4646F0 464980 4649F0 465E30 46A260 46A300 46B400 46BC80 46DA20 47F2C0 48DDD0 48DF50 48ED40 4931C0 4931E0 493350 497B60 498720 498770 4987C0 498810
0x90:0xC5,Graph90_C5_SaveBitmapToImageFile,sub_47F360,48,407B30 407B40 407F20 408E30 408E50 42D3B0 42D400 42D560 42D570 42D5B0 42D600 444C60 444C70 444FD0 444FF0 4450B0 4450D0 445190 45E850 45F640 45FFB0 464450 464480 4644C0 464500 464520 464570 4646F0 464980 4649F0 465E30 46A510 46A600 46B400 46BC80 46DA20 47F360 48DDD0 48DF50 48ED40 4931C0 4931E0 493350 497B60 498720 498770 4987C0 498810
0x90:0xC6,Graph90_C6_RegisterBgResourceData,sub_47F420,41,401C10 401CB0 42D3B0 42D400 42D560 42D570 42D5B0 42D600 444C60 444C70 444FD0 444FF0 4450B0 4450D0 445190 450380 450510 45E850 45F640 45FFB0 464450 464480 4644C0 464500 464520 464570 4646F0 464980 4649F0 465E30 46B400 46BC80 46DA20 47F420 48DDD0 48DF50 48ED40 498720 498770 4987C0 498810
0x90:0xC7,Graph90_C7_LoadCachedBgBitmap,sub_47F480,77,401C10 401CE0 402330 402420 4058D0 405920 407B30 407B60 407C40 407C90 407CF0 407DA0 407F00 407F20 4080B0 408300 408870 408880 408A10 408DC0 408E30 408E50 408E90 40ADF0 42D3B0 42D400 42D560 42D570 42D5B0 42D600 430260 4302C0 439930 439950 444C60 444C70 444FD0 444FF0 4450B0 4450D0 445190 445F40 446060 446100 446130 446190 450480 450510 450680 45E850 45F640 45FFB0 464450 464480 4644C0 464500 464520 464570 4646F0 464980 4649F0 465E30 46B400 46BC80 46DA20 47F480 48DDD0 48DF50 48ED40 4931C0 4931E0 493350 497B60 498720 498770 4987C0 498810
0x90:0xC8,Graph90_C8_TransformBitmapGeneral,sub_47F4F0,75,4010B0 404FE0 407F20 408E30 408E50 409110 409170 409190 4091B0 40A620 40EA10 40EA30 40EA40 40F630 40F970 40FA50 40FB90 410040 410420 419B10 419BA0 419C50 419CC0 419D00 419D60 419DE0 419FD0 41A350 42D3B0 42D400 42D560 42D570 42D5B0 42D600 444B50 444C60 444FD0 444FF0 4450B0 445190 4464C0 4464E0 4465D0 4465F0 446750 446780 4467C0 446810 446960 45E850 45F640 45FFB0 464450 464480 4644C0 464500 464520 464570 4646F0 464980 4649F0 465E30 46B400 46BC80 46DA20 47F4F0 48ED40 490AE0 4931C0 4931E0 493350 498720 498770 4987C0 498810
0x90:0xCA,Graph90_CA_ScaleBitmapAspectFit,sub_47F6C0,68,4010B0 405120 407F20 408E30 408E50 409110 409170 409190 4091B0 40A620 410820 410930 419B10 419BA0 419C50 419CC0 419D00 419D60 419DE0 419FD0 41A2E0 42D3B0 42D400 42D560 42D570 42D5B0 42D600 444B50 444C60 444FD0 444FF0 4450B0 445190 4464C0 4464E0 4465D0 4465F0 446750 446780 4467C0 446810 446960 45E850 45F640 45FFB0 464450 464480 4644C0 464500 464520 464570 4646F0 464980 4649F0 465E30 46B400 46BC80 46DA20 47F6C0 48ED40 490AE0 4931C0 4931E0 493350 498720 498770 4987C0 498810
0x90:0xCC,Graph90_CC_RegisterToneCurve,sub_47F760,42,405420 40A070 40A260 42D3B0 42D400 42D560 42D570 42D5B0 42D600 444C60 444C70 444FD0 444FF0 4450B0 445190 45E850 45F640 45FFB0 464450 464480 4644C0 464500 464520 464570 4646F0 464980 4649F0 465E30 46B400 46BC80 46DA20 47F760 48DDD0 48DF50 48ED40 494530 494560 494730 498720 498770 4987C0 498810
0x90:0xCD,Graph90_CD_ApplyToneCurveEffect,sub_47F800,78,405450 407B30 407C40 407C90 407CF0 407DA0 407F20 408300 408870 408880 408A10 408DC0 408E30 408E50 409170 40A2A0 40A2F0 419150 4192E0 4197C0 419B10 419BA0 419C50 419CC0 419D00 419D60 419DE0 419FD0 41A290 42D3B0 42D400 42D560 42D570 42D5B0 42D600 430260 4302C0 444B50 444C60 444FD0 444FF0 4450B0 445190 4464C0 4464E0 4465D0 4465F0 446750 446780 4467C0 446810 446960 45E850 45F640 45FFB0 464450 464480 4644C0 464500 464520 464570 4646F0 464980 4649F0 465E30 46B400 46BC80 46DA20 47F800 48ED40 490AE0 4931C0 4931E0 493350 498720 498770 4987C0 498810
0x90:0xCE,Graph90_CE_EncodeBitmapToBuffer,sub_47F9A0,58,4026A0 4056F0 407F20 408200 408E30 408E50 42D3B0 42D400 42D560 42D570 42D5B0 42D600 444C60 444C70 444FD0 444FF0 4450B0 445190 45E850 45F640 45FFB0 464450 464480 4644C0 464500 464520 464570 4646F0 464980 4649F0 465E30 468FA0 468FE0 469080 469650 4697A0 4697E0 469990 469A50 469AF0 469B50 469BB0 469C50 469DC0 46B400 46BC80 46DA20 47F9A0 48DDD0 48DF50 48ED40 4931C0 4931E0 493350 498720 498770 4987C0 498810
0x90:0xD0,Graph90_D0_CreateKnobObject,sub_47FB20,95,41A400 41AC80 41ACD0 41ACE0 41AD40 41AD60 41ADA0 41ADE0 41ADF0 41AE00 41B0B0 41B1B0 41B2D0 41B320 41B370 41B520 41B580 41B600 41B610 41B620 41B660 41B6A0 41B6E0 41B8B0 41BEA0 41BEB0 41BED0 41BEF0 41BF10 41C0B0 41C1C0 420EC0 4211E0 421200 421290 421430 421570 4215E0 421640 4216A0 42D3B0 42D400 42D560 42D570 42D5B0 42D600 430260 43E5D0 43F050 43F350 43F8B0 43FD30 4406C0 441240 4419C0 442100 442220 442610 443260 443270 443BD0 444C60 444FD0 444FF0 4450B0 4450D0 445190 45E850 45F640 45FFB0 462060 463400 4636A0 464450 464480 4644C0 464500 464520 464570 4646F0 464980 4649F0 465E30 46B400 46BC80 46D660 46D6E0 46DA20 47FB20 48ED40 493130 498720 498770 4987C0 498810
0x90:0xD1,Graph90_D1_ReleaseKnobObject,sub_47FBA0,47,4212A0 42D3B0 42D400 42D560 42D570 42D5B0 42D600 442220 442260 443260 444C60 444FD0 444FF0 4450B0 445190 45E850 45F640 45FFB0 463450 463720 4637C0 463820 463890 464450 464480 4644C0 464500 464520 464570 4646F0 464980 4649F0 465E30 46B400 46BC80 46D7C0 46D800 46DA20 47FBA0 48ED40 4964C0 4964E0 496540 498720 498770 4987C0 498810
0x90:0xD4,Graph90_D4_SetKnobEnabled,sub_47FBE0,37,42D3B0 42D400 42D560 42D570 42D5B0 42D600 442220 4422B0 443260 444C60 444FD0 444FF0 4450B0 445190 45E850 45F640 45FFB0 463460 464450 464480 4644C0 464500 464520 464570 4646F0 464980 4649F0 465E30 46B400 46BC80 46DA20 47FBE0 48ED40 498720 498770 4987C0 498810
0x90:0xD5,Graph90_D5_SetKnobBasePosition,sub_47FC20,37,42D3B0 42D400 42D560 42D570 42D5B0 42D600 442220 442320 443260 444C60 444FD0 444FF0 4450B0 445190 45E850 45F640 45FFB0 463470 464450 464480 4644C0 464500 464520 464570 4646F0 464980 4649F0 465E30 46B400 46BC80 46DA20 47FC20 48ED40 498720 498770 4987C0 498810
0x90:0xD6,Graph90_D6_SetKnobPosition,sub_47FC70,41,421430 4215E0 421640 4216A0 42D3B0 42D400 42D560 42D570 42D5B0 42D600 442220 442400 443260 444C60 444FD0 444FF0 4450B0 445190 45E850 45F640 45FFB0 463480 464450 464480 4644C0 464500 464520 464570 4646F0 464980 4649F0 465E30 46B400 46BC80 46DA20 47FC70 48ED40 498720 498770 4987C0 498810
0x90:0xD7,Graph90_D7_GetKnobPosition,sub_47FCC0,39,421500 42D3B0 42D400 42D560 42D570 42D5B0 42D600 442220 442460 443260 444C60 444FD0 444FF0 4450B0 4450D0 445190 45E850 45F640 45FFB0 463490 464450 464480 4644C0 464500 464520 464570 4646F0 464980 4649F0 465E30 46B400 46BC80 46DA20 47FCC0 48ED40 498720 498770 4987C0 498810
0x90:0xD8,Graph90_D8_SetKnobMovementPrecision,sub_47FD10,38,4211E0 42D3B0 42D400 42D560 42D570 42D5B0 42D600 442220 442380 443260 444C60 444FD0 444FF0 4450B0 445190 45E850 45F640 45FFB0 4634B0 464450 464480 4644C0 464500 464520 464570 4646F0 464980 4649F0 465E30 46B400 46BC80 46DA20 47FD10 48ED40 498720 498770 4987C0 498810
0x90:0xD9,Graph90_D9_SetKnobMovementRange,sub_47FDA0,38,421200 42D3B0 42D400 42D560 42D570 42D5B0 42D600 442220 4423C0 443260 444C60 444FD0 444FF0 4450B0 445190 45E850 45F640 45FFB0 4634F0 464450 464480 4644C0 464500 464520 464570 4646F0 464980 4649F0 465E30 46B400 46BC80 46DA20 47FDA0 48ED40 498720 498770 4987C0 498810
0x90:0xDA,Graph90_DA_TakeKnobVerticalEvent,sub_47FE30,39,421570 42D3B0 42D400 42D560 42D570 42D5B0 42D600 442220 442490 443260 444C60 444FD0 444FF0 4450B0 4450D0 445190 45E850 45F640 45FFB0 4634A0 464450 464480 4644C0 464500 464520 464570 4646F0 464980 4649F0 465E30 46B400 46BC80 46DA20 47FE30 48ED40 498720 498770 4987C0 498810
0x90:0xDB,Graph90_DB_TakeChangedKnobHandle,sub_47FE70,3,4450D0 463970 47FE70
0x90:0xDC,Graph90_DC_SetKnobRelativeMode,sub_47FE90,38,421290 42D3B0 42D400 42D560 42D570 42D5B0 42D600 442220 4424E0 443260 444C60 444FD0 444FF0 4450B0 445190 45E850 45F640 45FFB0 463530 464450 464480 4644C0 464500 464520 464570 4646F0 464980 4649F0 465E30 46B400 46BC80 46DA20 47FE90 48ED40 498720 498770 4987C0 498810
0x90:0xDD,Graph90_DD_SwapKnobInputMode,sub_47FED0,5,4450B0 4450D0 463830 463840 47FED0
0x90:0xDE,Graph90_DE_WatchKnobObject,sub_47FF00,36,42D3B0 42D400 42D560 42D570 42D5B0 42D600 442220 443260 444C60 444FD0 444FF0 4450B0 445190 45E850 45F640 45FFB0 4638E0 464450 464480 4644C0 464500 464520 464570 4646F0 464980 4649F0 465E30 46B400 46BC80 46DA20 47FF00 48ED40 498720 498770 4987C0 498810
0x90:0xDF,Graph90_DF_UnwatchKnobObject,sub_47FF30,36,42D3B0 42D400 42D560 42D570 42D5B0 42D600 442220 443260 444C60 444FD0 444FF0 4450B0 445190 45E850 45F640 45FFB0 463890 464450 464480 4644C0 464500 464520 464570 4646F0 464980 4649F0 465E30 46B400 46BC80 46DA20 47FF30 48ED40 498720 498770 4987C0 498810
0x90:0xE0,Graph90_E0_CreateGroupObject,sub_47FF60,64,41A400 41ACD0 41AD40 41AD60 41ADA0 41ADE0 41ADF0 41AE00 41B2D0 41B320 41B370 41B520 41B580 41B600 41B620 41B660 41B6A0 41B6E0 41B8B0 41BEA0 41BEB0 41BED0 41BEF0 41BF10 41C0B0 41C1C0 420DE0 42D3B0 42D400 42D560 42D570 42D5B0 42D600 430260 442560 444C60 444FD0 444FF0 4450D0 445190 45E850 45F640 45FFB0 463540 464450 464480 4644C0 464500 464520 464570 4646F0 464980 4649F0 465E30 46B400 46BC80 46DA20 47FF60 48ED40 493130 498720 498770 4987C0 498810
0x90:0xE1,Graph90_E1_ReleaseGroupObject,sub_47FF90,37,42D3B0 42D400 42D560 42D570 42D5B0 42D600 442610 442650 443260 444C60 444FD0 444FF0 4450B0 445190 45E850 45F640 45FFB0 463550 464450 464480 4644C0 464500 464520 464570 4646F0 464980 4649F0 465E30 46B400 46BC80 46DA20 47FF90 48ED40 498720 498770 4987C0 498810
0x90:0xE4,Graph90_E4_SetGroupEnabled,sub_47FFC0,37,42D3B0 42D400 42D560 42D570 42D5B0 42D600 442610 4426A0 443260 444C60 444FD0 444FF0 4450B0 445190 45E850 45F640 45FFB0 463560 464450 464480 4644C0 464500 464520 464570 4646F0 464980 4649F0 465E30 46B400 46BC80 46DA20 47FFC0 48ED40 498720 498770 4987C0 498810
0x90:0xE5,Graph90_E5_ConfigureGroupObject,sub_480000,38,42D3B0 42D400 42D560 42D570 42D5B0 42D600 442610 442710 443260 444C60 444FD0 444FF0 4450B0 445190 45E850 45F640 45FFB0 463570 464450 464480 4644C0 464500 464520 464570 4646F0 464980 4649F0 465E30 46B400 46BC80 46DA20 480000 48ED40 497DB0 498720 498770 4987C0 498810
0x90:0xE8,Graph90_E8_AddObjectToGroup,sub_480070,51,41AB40 41ACD0 41ACE0 41B0B0 42D3B0 42D400 42D560 42D570 42D5B0 42D600 43E5D0 43F050 43F350 43F8B0 43FD30 4406C0 441240 4419C0 442220 442610 442780 443260 443270 444C60 444FD0 444FF0 4450B0 445190 45E850 45F640 45FFB0 463590 464450 464480 4644C0 464500 464520 464570 4646F0 464980 4649F0 465E30 46B400 46BC80 46DA20 480070 48ED40 498720 498770 4987C0 498810
0x90:0xE9,Graph90_E9_RemoveObjectFromGroup,sub_480100,49,41AC40 41ACD0 42D3B0 42D400 42D560 42D570 42D5B0 42D600 43E5D0 43F050 43F350 43F8B0 43FD30 4406C0 441240 4419C0 442220 442610 4427F0 443260 443270 444C60 444FD0 444FF0 4450B0 445190 45E850 45F640 45FFB0 463600 464450 464480 4644C0 464500 464520 464570 4646F0 464980 4649F0 465E30 46B400 46BC80 46DA20 480100 48ED40 498720 498770 4987C0 498810
0x90:0xF0,Graph90_F0_OpenDirectShowMovie,sub_480160,66,406720 4068B0 406910 406970 4069D0 406CA0 406D30 406D40 42D3B0 42D400 42D560 42D570 42D5B0 42D600 42EA80 42FA80 444C60 444C70 444FD0 444FF0 4450B0 4450D0 445190 44C860 45B690 45BE60 45E850 45F640 45FFB0 464450 464480 4644C0 464500 464520 464570 4646F0 464980 4649F0 464B80 465A20 465E30 466400 466430 466440 466550 4665C0 4666C0 467BB0 46B400 46BC80 46DA20 46F6F0 46F710 46F800 480160 48DDD0 48DF50 48ED40 48EF80 48F0E0 48F270 48F680 498720 498770 4987C0 498810
0x90:0xF1,Graph90_F1_CloseDirectShowMovie,sub_480260,27,4301A0 4527C0 45E580 45E600 45E610 45E750 45E880 45EBB0 45F640 45F680 45F690 45F730 45FF00 460320 461090 4610A0 4610B0 4610C0 461A20 461A70 463F10 464280 480260 48F0E0 48F680 493AE0 498720
0x90:0xF2,Graph90_F2_IsDirectShowMoviePlaying,sub_480280,4,4450D0 480280 48F680 48F690
0x90:0xF3,Graph90_F3_SetDirectShowMovieVolume,sub_4802A0,3,4450B0 4802A0 48F6F0
0x90:0xF4,Graph90_F4_LoadBurikoMovieResource,sub_4802C0,61,406720 406970 406CA0 406D30 406D40 42D3B0 42D400 42D560 42D570 42D5B0 42D600 42EA80 42FA80 4318F0 439690 439AE0 43D0D0 43D1A0 444C60 444C70 444FC0 444FD0 444FF0 4450B0 445190 4451C0 446060 446190 452100 45E850 45F640 45FFB0 464450 464480 4644C0 464500 464520 464570 4646F0 464980 4649F0 464B80 465E30 466400 466430 466440 466550 4665C0 46B400 46BC80 46DA20 46F800 4802C0 48DDD0 48DF50 48ED40 497EA0 498720 498770 4987C0 498810
0x90:0xF5,Graph90_F5_ReleaseBurikoMovieResource,sub_480370,7,405B30 405B40 405CD0 405DE0 4450B0 4450D0 480370
0x90:0xF6,Graph90_F6_DecodeBurikoMovieFrame,sub_4803C0,125,405B30 405B40 405DE0 405E00 405F10 4061D0 406210 406230 4062B0 4062D0 406520 406720 406A70 406AF0 406CA0 406D30 406D40 407C40 407C90 407F20 408E30 408E50 42D3B0 42D400 42D520 42D560 42D570 42D5B0 42D5D0 42D600 42D630 42D650 42EA80 42FA80 4318F0 43D0D0 43D1A0 444B50 444C60 444FC0 444FD0 444FF0 4450B0 4450D0 445190 4451C0 4464C0 4464E0 4465D0 4465F0 446750 446780 4467C0 446810 446960 4506E0 450890 45E850 45F640 45FFB0 464450 464480 4644C0 464500 464520 464570 4646F0 464980 4649F0 464B80 465E30 467CC0 467DD0 467EC0 467F50 46B400 46BC80 46DA20 46F800 4803C0 48D190 48D1A0 48ED40 490AE0 4931C0 4931E0 493350 498720 498770 4987C0 498810 49A350 49A360 49A3F0 49A4C0 49A5A0 49A7D0 49A860 49AB10 49ACC0 49AD10 49AD30 49AE00 49AE50 49B040 49B210 49B280 49B470 49B550 49B640 49CBD0 49CC10 49CC40 49D340 49D4C0 49D500 49DE30 49E6B0 49EED0 49EEE0 49EEF0 49FA40 49FB40 49FD70 49FE90
0x90:0xF7,Graph90_F7_AttachBurikoMovieResource,sub_4804D0,41,405B30 405B40 405DE0 406120 42D3B0 42D400 42D560 42D570 42D5B0 42D600 444C60 444C70 444FD0 444FF0 4450B0 4450D0 445190 45E850 45F640 45FFB0 464450 464480 4644C0 464500 464520 464570 4646F0 464980 4649F0 465E30 46B400 46BC80 46DA20 4804D0 48DDD0 48DF50 48ED40 498720 498770 4987C0 498810
0x90:0xF8,Graph90_F8_ClearSpriteTargets,sub_480540,5,46D7C0 46D800 480540 496270 496300
0x90:0xFA,Graph90_FA_RegisterSpriteTarget,sub_480550,38,42D3B0 42D400 42D560 42D570 42D5B0 42D600 43E5D0 443260 444C60 444FD0 444FF0 4450B0 445190 45E850 45F640 45FFB0 464450 464480 4644C0 464500 464520 464570 4646F0 464980 4649F0 465E30 46B400 46BC80 46D660 46D6E0 46DA20 480550 48ED40 4962A0 498720 498770 4987C0 498810
0x90:0xFB,Graph90_FB_UnregisterSpriteTarget,sub_480580,36,42D3B0 42D400 42D560 42D570 42D5B0 42D600 444C60 444FD0 444FF0 4450B0 445190 45E850 45F640 45FFB0 464450 464480 4644C0 464500 464520 464570 4646F0 464980 4649F0 465E30 46B400 46BC80 46D7C0 46D800 46DA20 480580 48ED40 496300 498720 498770 4987C0 498810
0x90:0xFC,Graph90_FC_HitTestSpriteTargets,sub_4805B0,15,4450D0 45E580 45E600 45E750 45E880 45E8D0 45F640 461090 4610A0 4610B0 4610C0 46B190 4805B0 48E680 496350
0x90:0xFD,Graph90_FD_GetSpriteTargetState,sub_4805D0,35,42D3B0 42D400 42D560 42D570 42D5B0 42D600 444C60 444FD0 444FF0 4450B0 4450D0 445190 45E850 45F640 45FFB0 464450 464480 4644C0 464500 464520 464570 4646F0 464980 4649F0 465E30 46B400 46BC80 46DA20 4805D0 48ED40 496400 498720 498770 4987C0 498810
0x91:0x03,Graph91_03_CacheBinaryResource,sub_480680,42,401ED0 42D3B0 42D400 42D560 42D570 42D5B0 42D600 439930 444C60 444C70 444FD0 444FF0 4450B0 4450D0 445190 445F40 446100 446130 45E850 45F640 45FFB0 464450 464480 4644C0 464500 464520 464570 4646F0 464980 4649F0 465E30 46B400 46BC80 46DA20 480680 48DDD0 48DF50 48ED40 498720 498770 4987C0 498810
0x91:0x06,Graph91_06_SetGlobalDisplayOffset,sub_4806D0,6,41A680 430D10 442EC0 4450B0 461E40 4806D0
0x91:0x0B,Graph91_0B_SetScriptBitmapContextBindingEnabled,sub_480700,3,4450B0 480700 48D210
0x91:0x0C,Graph91_0C_SetGlyphCoverageMode,sub_480720,5,42DC40 4450B0 4450D0 468F90 480720
0x91:0x0D,Graph91_0D_SetFontPitchDetectionEnabled,sub_480750,4,42DC30 4450B0 468F80 480750
0x91:0x0E,Graph91_0E_RegisterNamedFontTransform,sub_480770,40,407BC0 42D3B0 42D400 42D560 42D570 42D5B0 42D600 42EB30 42EDD0 444C60 444C70 444FD0 444FF0 4450B0 445190 45E850 45F640 45FFB0 461D90 464450 464480 4644C0 464500 464520 464570 4646F0 464980 4649F0 465E30 46B400 46BC80 46DA20 480770 48DDD0 48DF50 48ED40 498720 498770 4987C0 498810
0x91:0x0F,Graph91_0F_ConfigureNativeFont,sub_480860,55,407BF0 42D3B0 42D400 42D560 42D570 42D5B0 42D600 42D6A0 42D980 42DA00 42DA70 42DB60 42DBA0 42DD70 42DDF0 42DF40 42E9E0 42EAB0 42EB30 42EBD0 42ECA0 42EEC0 42EF10 42F070 42F0F0 42F2D0 444C60 444FD0 444FF0 4450B0 445190 45E850 45F640 45FFB0 461DB0 464450 464480 4644C0 464500 464520 464570 4646F0 464980 4649F0 465E30 468BB0 46B400 46BC80 46DA20 480860 48ED40 498720 498770 4987C0 498810
0x91:0x10,Graph91_10_GenerateAffineDisplacementMap,sub_480970,41,403D10 403DF0 407F20 408E30 408E50 42D3B0 42D400 42D560 42D570 42D5B0 42D600 444C60 444FD0 444FF0 4450B0 445190 45E850 45F640 45FFB0 464450 464480 4644C0 464500 464520 464570 4646F0 464980 4649F0 465E30 46B400 46BC80 46DA20 480970 48ED40 4931C0 4931E0 493350 498720 498770 4987C0 498810
0x91:0x11,Graph91_11_GenerateRandomDisplacementMap,sub_480A80,41,403E40 403F00 407F20 408E30 408E50 42D3B0 42D400 42D560 42D570 42D5B0 42D600 444C60 444FD0 444FF0 4450B0 445190 45E850 45F640 45FFB0 464450 464480 4644C0 464500 464520 464570 4646F0 464980 4649F0 465E30 46B400 46BC80 46DA20 480A80 48ED40 4931C0 4931E0 493350 498720 498770 4987C0 498810
0x91:0x12,Graph91_12_GenerateRippleDisplacementMap,sub_480B20,44,403F40 404130 404290 407B30 407F20 408E30 408E50 409030 42D3B0 42D400 42D560 42D570 42D5B0 42D600 444C60 444FD0 444FF0 4450B0 445190 45E850 45F640 45FFB0 464450 464480 4644C0 464500 464520 464570 4646F0 464980 4649F0 465E30 46B400 46BC80 46DA20 480B20 48ED40 4931C0 4931E0 493350 498720 498770 4987C0 498810
0x91:0x13,Graph91_13_GeneratePerspectiveBendMap,sub_480C30,41,4042E0 4044E0 407F20 408E30 408E50 42D3B0 42D400 42D560 42D570 42D5B0 42D600 444C60 444FD0 444FF0 4450B0 445190 45E850 45F640 45FFB0 464450 464480 4644C0 464500 464520 464570 4646F0 464980 4649F0 465E30 46B400 46BC80 46DA20 480C30 48ED40 4931C0 4931E0 493350 498720 498770 4987C0 498810
0x91:0x14,Graph91_14_GenerateCurvatureDisplacementMap,sub_480D00,41,404530 4046F0 407F20 408E30 408E50 42D3B0 42D400 42D560 42D570 42D5B0 42D600 444C60 444FD0 444FF0 4450B0 445190 45E850 45F640 45FFB0 464450 464480 4644C0 464500 464520 464570 4646F0 464980 4649F0 465E30 46B400 46BC80 46DA20 480D00 48ED40 4931C0 4931E0 493350 498720 498770 4987C0 498810
0x91:0x15,Graph91_15_GenerateRadialLensDisplacementMap,sub_480E10,44,403F40 404740 4048C0 407B30 407F20 408E30 408E50 409030 42D3B0 42D400 42D560 42D570 42D5B0 42D600 444C60 444FD0 444FF0 4450B0 445190 45E850 45F640 45FFB0 464450 464480 4644C0 464500 464520 464570 4646F0 464980 4649F0 465E30 46B400 46BC80 46DA20 480E10 48ED40 4931C0 4931E0 493350 498720 498770 4987C0 498810
0x91:0x16,Graph91_16_GenerateSineDisplacementMap,sub_480F20,41,404910 404AB0 407F20 408E30 408E50 42D3B0 42D400 42D560 42D570 42D5B0 42D600 444C60 444FD0 444FF0 4450B0 445190 45E850 45F640 45FFB0 464450 464480 4644C0 464500 464520 464570 4646F0 464980 4649F0 465E30 46B400 46BC80 46DA20 480F20 48ED40 4931C0 4931E0 493350 498720 498770 4987C0 498810
0x91:0x17,Graph91_17_GenerateRadialWarpDisplacementMap,sub_481020,41,404B00 404C50 407F20 408E30 408E50 42D3B0 42D400 42D560 42D570 42D5B0 42D600 444C60 444FD0 444FF0 4450B0 445190 45E850 45F640 45FFB0 464450 464480 4644C0 464500 464520 464570 4646F0 464980 4649F0 465E30 46B400 46BC80 46DA20 481020 48ED40 4931C0 4931E0 493350 498720 498770 4987C0 498810
0x91:0x18,Graph91_18_CompositeBitmapRectAlpha,sub_481100,87,402F30 407AE0 407F20 408E30 408E50 4090B0 409110 409170 409190 4091B0 40ADF0 40B080 40B0D0 40B130 40B200 40B320 40B3B0 40B4B0 40B5D0 40B6F0 40B9B0 416610 416750 4168E0 416BA0 417130 417260 417560 417C50 418280 419B10 419BA0 419C50 419CC0 419D00 419D60 419DE0 419FD0 41A1B0 42D3B0 42D400 42D560 42D570 42D5B0 42D600 444B50 444C60 444FD0 444FF0 4450B0 445190 4464C0 4464E0 4465D0 4465F0 446750 446780 4467C0 446810 446960 45E850 45F640 45FFB0 464450 464480 4644C0 464500 464520 464570 4646F0 464980 4649F0 465E30 46B400 46BC80 46DA20 481100 48ED40 490AE0 4931C0 4931E0 493350 497DB0 498720 498770 4987C0 498810
0x91:0x19,Graph91_19_CompositeBitmapRectConverted,sub_481280,80,402FD0 407F20 408E30 408E50 4090B0 409110 409170 409190 4091B0 40A620 40ADF0 40AF50 416610 416750 417730 4179A0 417C50 417EC0 418160 418280 418370 418800 418830 419B10 419BA0 419C50 419CC0 419D00 419D60 419DE0 419FD0 41A220 42D3B0 42D400 42D560 42D570 42D5B0 42D600 444B50 444C60 444FD0 444FF0 4450B0 445190 4464C0 4464E0 4465D0 4465F0 446750 446780 4467C0 446810 446960 45E850 45F640 45FFB0 464450 464480 4644C0 464500 464520 464570 4646F0 464980 4649F0 465E30 46B400 46BC80 46DA20 481280 48ED40 490AE0 4931C0 4931E0 493350 497DB0 498720 498770 4987C0 498810
0x91:0x1A,Graph91_1A_ReplaceBitmapRgbPreserveAlpha,sub_481400,44,4034F0 407F20 408E30 408E50 409110 409190 4091B0 4188D0 42D3B0 42D400 42D560 42D570 42D5B0 42D600 444C60 444FD0 444FF0 4450B0 445190 45E850 45F640 45FFB0 464450 464480 4644C0 464500 464520 464570 4646F0 464980 4649F0 465E30 46B400 46BC80 46DA20 481400 48ED40 4931C0 4931E0 493350 498720 498770 4987C0 498810
0x91:0x1B,Graph91_1B_ConcentrateBitmap,sub_4814A0,46,403070 407F20 408E30 408E50 409110 409190 4091B0 40A620 418CB0 418CE0 42D3B0 42D400 42D560 42D570 42D5B0 42D600 444C60 444FD0 444FF0 4450B0 445190 45E850 45F640 45FFB0 464450 464480 4644C0 464500 464520 464570 4646F0 464980 4649F0 465E30 46B400 46BC80 46DA20 4814A0 48ED40 4931C0 4931E0 493350 498720 498770 4987C0 498810
0x91:0x1C,Graph91_1C_ScaleTrueColorBitmap,sub_4815C0,58,402B90 402C60 407B30 407C40 407C90 407CF0 407DA0 407F20 408300 408870 408880 408A10 408DC0 408E30 408E50 42D3B0 42D400 42D560 42D570 42D5B0 42D600 430260 4302C0 444C60 444FD0 444FF0 4450B0 445190 45E850 45F640 45FFB0 464450 464480 4644C0 464500 464520 464570 4646F0 464980 4649F0 465E30 46B400 46BC80 46DA20 4815C0 48ED40 4931C0 4931E0 493350 494B90 494D90 495070 4951B0 495320 498720 498770 4987C0 498810
0x91:0x1D,Graph91_1D_ProcessBitmap,sub_4816F0,77,403110 407F20 408E30 408E50 409170 40ADF0 40AF50 410CB0 410CE0 410F50 411060 411090 4112D0 4113F0 411420 411690 4116C0 411810 411840 4199D0 419B10 419BA0 419C50 419CC0 419D00 419D60 419DE0 419FD0 41A3B0 42D3B0 42D400 42D560 42D570 42D5B0 42D600 444B50 444C60 444FD0 444FF0 4450B0 445190 4464C0 4464E0 4465D0 4465F0 446750 446780 4467C0 446810 446960 45E850 45F640 45FFB0 464450 464480 4644C0 464500 464520 464570 4646F0 464980 4649F0 465E30 46B400 46BC80 46DA20 4816F0 48ED40 490AE0 4931C0 4931E0 493350 497DB0 498720 498770 4987C0 498810
0x91:0x1E,Graph91_1E_ApplyGrayscaleMask,sub_4817F0,52,403190 407F20 408E30 408E50 409110 409170 409190 4091B0 4155A0 415630 4156F0 415790 415B30 415BB0 415C60 415CE0 42D3B0 42D400 42D560 42D570 42D5B0 42D600 444C60 444FD0 444FF0 4450B0 445190 45E850 45F640 45FFB0 464450 464480 4644C0 464500 464520 464570 4646F0 464980 4649F0 465E30 46B400 46BC80 46DA20 4817F0 48ED40 4931C0 4931E0 493350 498720 498770 4987C0 498810
0x91:0x1F,Graph91_1F_CloneBitmap,sub_4818D0,54,403450 407B30 407C40 407C90 407CF0 407DA0 407F00 407F20 408300 408870 408880 408A10 408DC0 408E30 408E50 40ADF0 42D3B0 42D400 42D560 42D570 42D5B0 42D600 430260 4302C0 444C60 444FD0 444FF0 4450B0 445190 45E850 45F640 45FFB0 464450 464480 4644C0 464500 464520 464570 4646F0 464980 4649F0 465E30 46B400 46BC80 46DA20 4818D0 48ED40 4931C0 4931E0 493350 498720 498770 4987C0 498810
0x91:0x31,Graph91_31_SetObjectSuppressed,sub_481960,48,41ADA0 42D3B0 42D400 42D560 42D570 42D5B0 42D600 43E5D0 43F050 43F350 43F8B0 43FD30 4406C0 441240 4419C0 442220 442610 443260 443270 4433F0 444C60 444FD0 444FF0 4450B0 445190 45E850 45F640 45FFB0 461F30 464450 464480 4644C0 464500 464520 464570 4646F0 464980 4649F0 465E30 46B400 46BC80 46DA20 481960 48ED40 498720 498770 4987C0 498810
0x91:0x33,Graph91_33_SetObjectFixedPosition,sub_4819A0,55,41AF60 42D3B0 42D400 42D560 42D570 42D5B0 42D600 4306F0 430770 4307D0 4312B0 4312E0 431320 43E5D0 43F050 43F350 43F8B0 43FD30 4406C0 441240 4419C0 442220 442610 443260 443270 443300 443520 444C60 444FD0 444FF0 4450B0 445190 45E850 45F640 45FFB0 461F60 464450 464480 4644C0 464500 464520 464570 4646F0 464980 4649F0 465E30 46B400 46BC80 46DA20 4819A0 48ED40 498720 498770 4987C0 498810
0x91:0x36,Graph91_36_SetObjectSecondaryVector,sub_4819F0,56,41AF60 41B580 42D3B0 42D400 42D560 42D570 42D5B0 42D600 4306F0 430770 4307D0 4312B0 4312E0 431320 43E5D0 43F050 43F350 43F8B0 43FD30 4406C0 441240 4419C0 442220 442610 443260 443270 443300 443820 444C60 444FD0 444FF0 4450B0 445190 45E850 45F640 45FFB0 461FF0 464450 464480 4644C0 464500 464520 464570 4646F0 464980 4649F0 465E30 46B400 46BC80 46DA20 4819F0 48ED40 498720 498770 4987C0 498810
0x91:0x37,Graph91_37_SetObjectPrimaryVector,sub_481A40,55,41AF60 42D3B0 42D400 42D560 42D570 42D5B0 42D600 4306F0 430770 4307D0 4312B0 4312E0 431320 43E5D0 43F050 43F350 43F8B0 43FD30 4406C0 441240 4419C0 442220 442610 443260 443270 443300 443790 444C60 444FD0 444FF0 4450B0 445190 45E850 45F640 45FFB0 461FD0 464450 464480 4644C0 464500 464520 464570 4646F0 464980 4649F0 465E30 46B400 46BC80 46DA20 481A40 48ED40 498720 498770 4987C0 498810
0x91:0x38,Graph91_38_GetObjectProperty,sub_481A90,50,42D3B0 42D400 42D560 42D570 42D5B0 42D600 43E5D0 43F050 43F350 43F8B0 43FD30 4406C0 441240 4419C0 442220 442610 443260 443270 443960 444C60 444C70 444FD0 444FF0 4450B0 445190 45E850 45F640 45FFB0 462030 464450 464480 4644C0 464500 464520 464570 4646F0 464980 4649F0 465E30 46B400 46BC80 46DA20 481A90 48DDD0 48DF50 48ED40 498720 498770 4987C0 498810
0x91:0x3D,Graph91_3D_GetObjectCompositePosition,sub_481B50,56,41B1A0 41B240 41B260 41B310 41B360 41C0E0 42D3B0 42D400 42D560 42D570 42D5B0 42D600 43E5D0 43F050 43F350 43F8B0 43FD30 4406C0 441240 4419C0 442220 442610 443260 443270 443C50 444C60 444C70 444FD0 444FF0 4450B0 445190 45E850 45F640 45FFB0 4620F0 464450 464480 4644C0 464500 464520 464570 4646F0 464980 4649F0 465E30 46B400 46BC80 46DA20 481B50 48DDD0 48DF50 48ED40 498720 498770 4987C0 498810
0x91:0x3E,Graph91_3E_AttachChildObject,sub_481B90,51,41AB40 41ACD0 41ACE0 41B0B0 42D3B0 42D400 42D560 42D570 42D5B0 42D600 43E5D0 43F050 43F350 43F8B0 43FD30 4406C0 441240 4419C0 442220 442610 443260 443270 443C90 444C60 444FD0 444FF0 4450B0 445190 45E850 45F640 45FFB0 462100 464450 464480 4644C0 464500 464520 464570 4646F0 464980 4649F0 465E30 46B400 46BC80 46DA20 481B90 48ED40 498720 498770 4987C0 498810
0x91:0x3F,Graph91_3F_DetachChildObject,sub_481D30,49,41AC40 41ACD0 42D3B0 42D400 42D560 42D570 42D5B0 42D600 43E5D0 43F050 43F350 43F8B0 43FD30 4406C0 441240 4419C0 442220 442610 443260 443270 443D40 444C60 444FD0 444FF0 4450B0 445190 45E850 45F640 45FFB0 462120 464450 464480 4644C0 464500 464520 464570 4646F0 464980 4649F0 465E30 46B400 46BC80 46DA20 481D30 48ED40 498720 498770 4987C0 498810
0x91:0x40,Graph91_40_InitializeMultiLayerBackground,sub_481D90,108,407F20 408300 408E30 408E50 41A400 41ACD0 41AD40 41AD60 41ADA0 41ADE0 41ADF0 41AE00 41AF60 41B2D0 41B320 41B370 41B520 41B580 41B600 41B620 41B660 41B6A0 41B6E0 41B8B0 41BEA0 41BEB0 41BED0 41BEF0 41BF10 41C060 41C0A0 41C0B0 41C1C0 41C220 41C390 41C460 41C780 41CE30 41D210 41D510 41D910 41DB20 41DC20 41DDC0 41DE80 41DFB0 41E560 41E720 41E740 41E890 41EA30 41EB40 41EE00 41F040 41F380 41F590 41F830 4207A0 42D3B0 42D400 42D560 42D570 42D5B0 42D600 430260 4306F0 430770 430D10 431140 4312B0 4312E0 431320 43DCB0 43E190 442E10 444C60 444FD0 444FF0 4450B0 445190 45E850 45F640 45FFB0 462250 464450 464480 4644C0 464500 464520 464570 4646F0 464980 4649F0 465E30 46B400 46BC80 46DA20 481D90 48ED40 493130 4931C0 4931E0 493350 497B60 498720 498770 4987C0 498810
0x91:0x41,Graph91_41_SelectMultiLayer,sub_481EC0,37,41DFB0 4207A0 42D3B0 42D400 42D560 42D570 42D5B0 42D600 43DD60 444C60 444FD0 444FF0 4450B0 445190 45E850 45F640 45FFB0 462280 464450 464480 4644C0 464500 464520 464570 4646F0 464980 4649F0 465E30 46B400 46BC80 46DA20 481EC0 48ED40 498720 498770 4987C0 498810
0x91:0x42,Graph91_42_SetMultiLayerEnabled,sub_481F30,38,41DC20 4207A0 42D3B0 42D400 42D560 42D570 42D5B0 42D600 430D10 43DDB0 444C60 444FD0 444FF0 4450B0 445190 45E850 45F640 45FFB0 462290 464450 464480 4644C0 464500 464520 464570 4646F0 464980 4649F0 465E30 46B400 46BC80 46DA20 481F30 48ED40 498720 498770 4987C0 498810
0x91:0x43,Graph91_43_SetMultiLayerPosition,sub_481FB0,40,41BED0 41DC50 41DC80 4207A0 42D3B0 42D400 42D560 42D570 42D5B0 42D600 430D10 43DE10 444C60 444FD0 444FF0 4450B0 445190 45E850 45F640 45FFB0 4622A0 464450 464480 4644C0 464500 464520 464570 4646F0 464980 4649F0 465E30 46B400 46BC80 46DA20 481FB0 48ED40 498720 498770 4987C0 498810
0x91:0x44,Graph91_44_SetMultiLayerBlendMode,sub_482040,40,41DC50 41DD30 4207A0 42D3B0 42D400 42D560 42D570 42D5B0 42D600 430D10 43DE90 444C60 444FD0 444FF0 4450B0 445190 45E850 45F640 45FFB0 4622B0 464450 464480 4644C0 464500 464520 464570 4646F0 464980 4649F0 465E30 46B400 46BC80 46DA20 482040 48ED40 497C40 498720 498770 4987C0 498810
0x91:0x45,Graph91_45_SetMultiLayerBlendParameter,sub_4820D0,40,41DC50 41DD60 4207A0 42D3B0 42D400 42D560 42D570 42D5B0 42D600 430D10 43DF00 444C60 444FD0 444FF0 4450B0 445190 45E850 45F640 45FFB0 4622C0 464450 464480 4644C0 464500 464520 464570 4646F0 464980 4649F0 465E30 46B400 46BC80 46DA20 4820D0 48ED40 497DB0 498720 498770 4987C0 498810
0x91:0x46,Graph91_46_SetMultiLayerBitmap,sub_482160,47,407F20 408300 408E30 408E50 41DC50 41DDC0 4207A0 42D3B0 42D400 42D560 42D570 42D5B0 42D600 430D10 43DF70 444C60 444FD0 444FF0 4450B0 445190 45E850 45F640 45FFB0 4622D0 464450 464480 4644C0 464500 464520 464570 4646F0 464980 4649F0 465E30 46B400 46BC80 46DA20 482160 48ED40 4931C0 4931E0 493350 497B60 498720 498770 4987C0 498810
0x91:0x47,Graph91_47_SetMultiLayerTransform,sub_482230,39,41DC50 41DE80 4207A0 42D3B0 42D400 42D560 42D570 42D5B0 42D600 430D10 43E000 444C60 444FD0 444FF0 4450B0 445190 45E850 45F640 45FFB0 4622E0 464450 464480 4644C0 464500 464520 464570 4646F0 464980 4649F0 465E30 46B400 46BC80 46DA20 482230 48ED40 498720 498770 4987C0 498810
0x91:0x48,Graph91_48_SetMultiLayerAuxiliaryPair,sub_482310,37,41DEF0 4207A0 42D3B0 42D400 42D560 42D570 42D5B0 42D600 43E090 444C60 444FD0 444FF0 4450B0 445190 45E850 45F640 45FFB0 462300 464450 464480 4644C0 464500 464520 464570 4646F0 464980 4649F0 465E30 46B400 46BC80 46DA20 482310 48ED40 498720 498770 4987C0 498810
0x91:0x49,Graph91_49_SetMultiLayerSourceVelocity,sub_4823A0,37,41DF20 4207A0 42D3B0 42D400 42D560 42D570 42D5B0 42D600 43E0E0 444C60 444FD0 444FF0 4450B0 445190 45E850 45F640 45FFB0 462310 464450 464480 4644C0 464500 464520 464570 4646F0 464980 4649F0 465E30 46B400 46BC80 46DA20 4823A0 48ED40 498720 498770 4987C0 498810
0x91:0x4A,Graph91_4A_SetMultiLayerTransformVelocity,sub_482430,38,41DF50 41DF80 4207A0 42D3B0 42D400 42D560 42D570 42D5B0 42D600 43E130 444C60 444FD0 444FF0 4450B0 445190 45E850 45F640 45FFB0 462320 464450 464480 4644C0 464500 464520 464570 4646F0 464980 4649F0 465E30 46B400 46BC80 46DA20 482430 48ED40 498720 498770 4987C0 498810
0x91:0x55,Graph91_55_SetSpriteRelation,sub_4824D0,19,407F20 408300 408E30 408E50 41C100 427F80 428CD0 428D50 428D90 43E5D0 43EDA0 443260 4450B0 4450D0 462530 4824D0 4931C0 4931E0 493350
0x91:0x60,Graph91_60_CreateEffector,sub_482510,79,407B10 407B30 409030 409080 41A400 41ACD0 41AD40 41AD60 41ADA0 41ADE0 41ADF0 41AE00 41AF60 41B2D0 41B320 41B370 41B520 41B580 41B600 41B620 41B660 41B6A0 41B6E0 41B8B0 41BEA0 41BEB0 41BED0 41BEF0 41BF10 41C060 41C0A0 41C0B0 41C1C0 41FCA0 420250 420730 420870 4208C0 42D3B0 42D400 42D560 42D570 42D5B0 42D600 430260 4306F0 4312B0 431320 43F290 442E10 444C60 444FD0 444FF0 4450D0 445190 45E850 45F640 45FFB0 4625B0 464450 464480 4644C0 464500 464520 464570 4646F0 464980 4649F0 465E30 46B400 46BC80 46DA20 482510 48ED40 493130 498720 498770 4987C0 498810
0x91:0x61,Graph91_61_ReleaseEffector,sub_482540,42,41AF60 42D3B0 42D400 42D560 42D570 42D5B0 42D600 430770 430D10 4312E0 431320 43F350 43F390 443260 444C60 444FD0 444FF0 4450B0 445190 45E850 45F640 45FFB0 4625C0 464450 464480 4644C0 464500 464520 464570 4646F0 464980 4649F0 465E30 46B400 46BC80 46DA20 482540 48ED40 498720 498770 4987C0 498810
0x91:0x64,Graph91_64_SetEffectorEnabled,sub_482570,38,42D3B0 42D400 42D560 42D570 42D5B0 42D600 430D10 43F350 43F730 443260 444C60 444FD0 444FF0 4450B0 445190 45E850 45F640 45FFB0 462670 464450 464480 4644C0 464500 464520 464570 4646F0 464980 4649F0 465E30 46B400 46BC80 46DA20 482570 48ED40 498720 498770 4987C0 498810
0x91:0x65,Graph91_65_ConfigureDualVectorMapEffector,sub_4825B0,58,407F20 408300 408E30 408E50 41AF60 41C0A0 420110 4208C0 42D3B0 42D400 42D560 42D570 42D5B0 42D600 4306F0 430770 4307D0 430D10 4312B0 4312E0 431320 43F350 43F410 442E10 443260 444C60 444FD0 444FF0 4450B0 445190 45E850 45F640 45FFB0 4625D0 464450 464480 4644C0 464500 464520 464570 4646F0 464980 4649F0 465E30 46B400 46BC80 46DA20 4825B0 48ED40 4931C0 4931E0 493350 497BB0 497DB0 498720 498770 4987C0 498810
0x91:0x66,Graph91_66_ConfigureGradientEffector,sub_482800,49,41AF60 420250 4208C0 42D3B0 42D400 42D560 42D570 42D5B0 42D600 4306F0 430770 4307D0 430D10 4312B0 4312E0 431320 43F350 43F4E0 443260 444C60 444FD0 444FF0 4450B0 445190 45E850 45F640 45FFB0 4625F0 464450 464480 4644C0 464500 464520 464570 4646F0 464980 4649F0 465E30 46B400 46BC80 46DA20 482800 48ED40 497BB0 497DB0 498720 498770 4987C0 498810
0x91:0x67,Graph91_67_ConfigureRippleEffector,sub_4828C0,59,407F20 408300 408E30 408E50 409FF0 41AF60 41C0A0 4202A0 4208C0 42D3B0 42D400 42D560 42D570 42D5B0 42D600 4306F0 430770 4307D0 430D10 4312B0 4312E0 431320 43F350 43F560 442E10 443260 444C60 444FD0 444FF0 4450B0 445190 45E850 45F640 45FFB0 462610 464450 464480 4644C0 464500 464520 464570 4646F0 464980 4649F0 465E30 46B400 46BC80 46DA20 4828C0 48ED40 4931C0 4931E0 493350 497BB0 497DB0 498720 498770 4987C0 498810
0x91:0x68,Graph91_68_ConfigureTransformEffector,sub_482B60,51,41AF60 41B620 41B6E0 420410 4208C0 42D3B0 42D400 42D560 42D570 42D5B0 42D600 4306F0 430770 4307D0 430D10 4312B0 4312E0 431320 43F350 43F640 443260 444C60 444FD0 444FF0 4450B0 445190 45E850 45F640 45FFB0 462630 464450 464480 4644C0 464500 464520 464570 4646F0 464980 4649F0 465E30 46B400 46BC80 46DA20 482B60 48ED40 497BB0 497DB0 498720 498770 4987C0 498810
0x91:0x69,Graph91_69_ConfigureSurfaceEffector,sub_482C90,53,409110 409190 4091B0 40A620 41AF60 4204D0 4208C0 42D3B0 42D400 42D560 42D570 42D5B0 42D600 4306F0 430770 4307D0 430D10 4312B0 4312E0 431320 43F350 43F6D0 443260 444C60 444FD0 444FF0 4450B0 445190 45E850 45F640 45FFB0 462660 464450 464480 4644C0 464500 464520 464570 4646F0 464980 4649F0 465E30 46B400 46BC80 46DA20 482C90 48ED40 497BB0 497DB0 498720 498770 4987C0 498810
0x91:0x70,Graph91_70_CreateLandscape,sub_482CF0,69,41A400 41ACD0 41AD40 41AD60 41ADA0 41ADE0 41ADF0 41AE00 41AF60 41B2D0 41B320 41B370 41B520 41B580 41B600 41B620 41B660 41B6A0 41B6E0 41B8B0 41BEA0 41BEB0 41BED0 41BEF0 41BF10 41C0B0 41C1C0 421780 42D3B0 42D400 42D560 42D570 42D5B0 42D600 430260 4306F0 4312B0 431320 43FC50 444C60 444FD0 444FF0 4450B0 4450D0 445190 45E850 45F640 45FFB0 462740 464450 464480 4644C0 464500 464520 464570 4646F0 464980 4649F0 465E30 46B400 46BC80 46DA20 482CF0 48ED40 493130 498720 498770 4987C0 498810
0x91:0x71,Graph91_71_ReleaseLandscape,sub_482D70,41,41AF60 42D3B0 42D400 42D560 42D570 42D5B0 42D600 430770 4312E0 431320 43FD30 43FD70 443260 444C60 444FD0 444FF0 4450B0 445190 45E850 45F640 45FFB0 462760 464450 464480 4644C0 464500 464520 464570 4646F0 464980 4649F0 465E30 46B400 46BC80 46DA20 482D70 48ED40 498720 498770 4987C0 498810
0x91:0x73,Graph91_73_HitTestLandscapeAtPointer,sub_482DA0,53,422920 42D3B0 42D400 42D560 42D570 42D5B0 42D600 43FD30 43FDF0 443260 444C60 444C70 444FD0 444FF0 4450B0 4450D0 445190 45E580 45E600 45E750 45E850 45E880 45E8D0 45F640 45FFB0 461090 4610A0 4610B0 4610C0 462770 464450 464480 4644C0 464500 464520 464570 4646F0 464980 4649F0 465E30 46B190 46B400 46BC80 46DA20 482DA0 48DDD0 48DF50 48E680 48ED40 498720 498770 4987C0 498810
0x91:0x74,Graph91_74_SetLandscapeEnabled,sub_482E10,37,42D3B0 42D400 42D560 42D570 42D5B0 42D600 43FD30 43FE60 443260 444C60 444FD0 444FF0 4450B0 445190 45E850 45F640 45FFB0 4627E0 464450 464480 4644C0 464500 464520 464570 4646F0 464980 4649F0 465E30 46B400 46BC80 46DA20 482E10 48ED40 498720 498770 4987C0 498810
0x91:0x75,Graph91_75_ConfigureLandscapeObject,sub_482E50,49,41AF60 41B600 422AF0 42D3B0 42D400 42D560 42D570 42D5B0 42D600 4306F0 430770 4307D0 4312B0 4312E0 431320 43FD30 43FED0 443260 444C60 444FD0 444FF0 4450B0 445190 45E850 45F640 45FFB0 4627F0 464450 464480 4644C0 464500 464520 464570 4646F0 464980 4649F0 465E30 46B400 46BC80 46DA20 482E50 48ED40 497BB0 497C40 497DB0 498720 498770 4987C0 498810
0x91:0x76,Graph91_76_SetLandscapeCellSilhouette,sub_482EF0,46,4090B0 4090E0 409110 409170 422730 423850 42D3B0 42D400 42D560 42D570 42D5B0 42D600 430830 430D10 43FD30 43FF50 443240 443260 444C60 444FD0 444FF0 4450B0 445190 45E850 45F640 45FFB0 462810 464450 464480 4644C0 464500 464520 464570 4646F0 464980 4649F0 465E30 46B400 46BC80 46DA20 482EF0 48ED40 498720 498770 4987C0 498810
0x91:0x78,Graph91_78_ConfigureLandscapePartsAndColumns,sub_483120,159,407AE0 407B30 407F20 408E30 408E50 409030 4090B0 409110 409170 409190 4091B0 40A530 40A620 40A9A0 40A9E0 40ADF0 40AF50 40B080 40B0D0 40B130 40B200 40B320 40B3B0 40B4B0 40B5D0 40B6F0 40B9B0 40BC10 40BC60 40CA70 40CAE0 40CBF0 40CCD0 40CDD0 40CFF0 40D200 40D220 40D440 40D4A0 40D670 40D820 40DA40 40DAD0 40DB60 40DCE0 40DE60 40DF80 40DFF0 40E050 40E0D0 40E150 40E190 40E1F0 40E2E0 40E3E0 413900 413930 414C20 414C60 414D10 414F00 414F50 415000 4150E0 415250 4152A0 415350 415430 4158C0 415900 415A30 415AB0 4190C0 419B10 419BA0 419C50 419CC0 419D00 419D60 419DE0 419FD0 41A040 41AF60 41C110 421930 4232F0 4233E0 42D3B0 42D400 42D560 42D570 42D5B0 42D600 4306F0 430770 4307D0 4312B0 4312E0 431320 43E5D0 43F050 43F350 43F8B0 43FD30 440000 4406C0 441240 4419C0 442220 442610 443260 443270 443960 444B50 444C60 444C70 444FD0 444FF0 4450B0 445190 4464C0 4464E0 4465D0 4465F0 446750 446780 4467C0 446810 446960 45E850 45F640 45FFB0 462030 462830 464450 464480 4644C0 464500 464520 464570 4646F0 464980 4649F0 465E30 46B400 46BC80 46DA20 483120 48DDD0 48DF50 48ED40 490AE0 4931C0 4931E0 493350 498720 498770 4987C0 498810
0x91:0x79,Graph91_79_ConfigureLandscapeMap,sub_483390,56,409170 409190 41AF00 41AF60 421E60 423090 4231A0 4233E0 4234A0 423740 42D3B0 42D400 42D560 42D570 42D5B0 42D600 4306F0 430770 4307D0 4312B0 4312E0 431320 43FD30 4400C0 443260 444C60 444C70 444FD0 444FF0 4450B0 445190 45E850 45F640 45FFB0 462850 464450 464480 4644C0 464500 464520 464570 4646F0 464980 4649F0 465E30 46B400 46BC80 46DA20 483390 48DDD0 48DF50 48ED40 498720 498770 4987C0 498810
0x91:0x7A,Graph91_7A_ConfigureLandscapeGuides,sub_483560,150,407AE0 407B30 407F20 408E30 408E50 409030 4090B0 409110 409170 409190 4091B0 40A530 40A620 40A9A0 40A9E0 40ADF0 40AF50 40B080 40B0D0 40B130 40B200 40B320 40B3B0 40B4B0 40B5D0 40B6F0 40B9B0 40BC10 40BC60 40CA70 40CAE0 40CBF0 40CCD0 40CDD0 40CFF0 40D200 40D220 40D440 40D4A0 40D670 40D820 40DA40 40DAD0 40DB60 40DCE0 40DE60 40DF80 40DFF0 40E050 40E0D0 40E150 40E190 40E1F0 40E2E0 40E3E0 413900 413930 414C20 414C60 414D10 414F00 414F50 415000 4150E0 415250 4152A0 415350 415430 4158C0 415900 415A30 415AB0 419B10 419BA0 419C50 419CC0 419D00 419D60 419DE0 419FD0 41A040 41C110 4224D0 423450 42D3B0 42D400 42D560 42D570 42D5B0 42D600 43E5D0 43F050 43F350 43F8B0 43FD30 440170 4406C0 441240 4419C0 442220 442610 443260 443270 443960 444B50 444C60 444C70 444FD0 444FF0 4450B0 445190 4464C0 4464E0 4465D0 4465F0 446750 446780 4467C0 446810 446960 45E850 45F640 45FFB0 462030 462870 464450 464480 4644C0 464500 464520 464570 4646F0 464980 4649F0 465E30 46B400 46BC80 46DA20 483560 48DDD0 48DF50 48ED40 490AE0 4931C0 4931E0 493350 498720 498770 4987C0 498810
0x91:0x7B,Graph91_7B_SetLandscapeCellGuides,sub_483640,50,4090B0 4090E0 409110 409170 422680 423850 42D3B0 42D400 42D560 42D570 42D5B0 42D600 430830 430D10 43FD30 4401D0 443240 443260 444C60 444C70 444FD0 444FF0 4450B0 445190 45E850 45F640 45FFB0 462890 464450 464480 4644C0 464500 464520 464570 4646F0 464980 4649F0 465E30 46B400 46BC80 46DA20 483640 48DDD0 48DF50 48ED40 497DB0 498720 498770 4987C0 498810
0x91:0x7C,Graph91_7C_CopyLandscapePart,sub_483890,131,407AE0 4090B0 4090E0 409110 409170 409190 4091B0 40A530 40A620 40A9A0 40A9E0 40ADF0 40AF50 40B080 40B0D0 40B130 40B200 40B320 40B3B0 40B4B0 40B5D0 40B6F0 40B9B0 40BC10 40BC60 40CA70 40CAE0 40CBF0 40CCD0 40CDD0 40CFF0 40D200 40D220 40D440 40D4A0 40D670 40D820 40DA40 40DAD0 40DB60 40DCE0 40DE60 40DF80 40DFF0 40E050 40E0D0 40E150 40E190 40E1F0 40E2E0 40E3E0 413900 413930 414C20 414C60 414D10 414F00 414F50 415000 4150E0 415250 4152A0 415350 415430 4158C0 415900 415A30 415AB0 419B10 419BA0 419C50 419CC0 419D00 419D60 419DE0 419FD0 41A040 422050 423780 423850 42D3B0 42D400 42D560 42D570 42D5B0 42D600 430830 430D10 43FD30 4402D0 443240 443260 444B50 444C60 444FD0 444FF0 4450B0 445190 4464C0 4464E0 4465D0 4465F0 446750 446780 4467C0 446810 446960 45E850 45F640 45FFB0 4628B0 464450 464480 4644C0 464500 464520 464570 4646F0 464980 4649F0 465E30 46B400 46BC80 46DA20 483890 48ED40 490AE0 498720 498770 4987C0 498810
0x91:0x7D,Graph91_7D_SetLandscapeMapCellColumn,sub_483A90,59,4090B0 4090E0 409110 409170 409190 41AF00 41AF60 4222A0 423090 4231A0 4234A0 423740 423850 42D3B0 42D400 42D560 42D570 42D5B0 42D600 4306F0 430770 4307D0 430830 430D10 4312B0 4312E0 431320 43FD30 440360 443240 443260 444C60 444FD0 444FF0 4450B0 445190 45E850 45F640 45FFB0 4628C0 464450 464480 4644C0 464500 464520 464570 4646F0 464980 4649F0 465E30 46B400 46BC80 46DA20 483A90 48ED40 498720 498770 4987C0 498810
0x91:0x7E,Graph91_7E_GetLandscapeCellValue,sub_483CA0,42,4228B0 42D3B0 42D400 42D560 42D570 42D5B0 42D600 43FD30 440400 443260 444C60 444C70 444FD0 444FF0 4450B0 4450D0 445190 45E850 45F640 45FFB0 4628E0 464450 464480 4644C0 464500 464520 464570 4646F0 464980 4649F0 465E30 46B400 46BC80 46DA20 483CA0 48DDD0 48DF50 48ED40 498720 498770 4987C0 498810
0x91:0x7F,Graph91_7F_CopyLandscapeCellImage,sub_483EA0,58,407B30 407C40 407C90 407CF0 407DA0 407F20 408300 408870 408880 408A10 408DC0 408E30 408E50 40ADF0 4227C0 42D3B0 42D400 42D560 42D570 42D5B0 42D600 430260 4302C0 43FD30 440480 443260 444C60 444FD0 444FF0 4450B0 4450D0 445190 45E850 45F640 45FFB0 462900 464450 464480 4644C0 464500 464520 464570 4646F0 464980 4649F0 465E30 46B400 46BC80 46DA20 483EA0 48ED40 4931C0 4931E0 493350 498720 498770 4987C0 498810
0x91:0x88,Graph91_88_ConfigureWindowFont,sub_4840A0,66,409190 409290 42B900 42C2A0 42C3B0 42C510 42C530 42C540 42C570 42C5B0 42D3B0 42D400 42D560 42D570 42D5B0 42D600 42D6A0 42D980 42DA00 42DA70 42DB60 42DBA0 42DD70 42DDF0 42DF40 42E9E0 42EAB0 42EB30 42EBD0 42ECA0 42EEC0 42F070 42F0F0 4406C0 4409C0 443260 444C60 444FD0 444FF0 4450B0 445190 45E850 45F640 45FFB0 462BF0 464450 464480 4644C0 464500 464520 464570 4646F0 464980 4649F0 465E30 468BB0 46B400 46BC80 46DA20 4840A0 48ED40 497AF0 498720 498770 4987C0 498810
0x91:0x89,Graph91_89_SetWindowLineSpacingPercent,sub_4841D0,38,42C470 42D3B0 42D400 42D560 42D570 42D5B0 42D600 4406C0 440A50 443260 444C60 444FD0 444FF0 4450B0 445190 45E850 45F640 45FFB0 462C60 464450 464480 4644C0 464500 464520 464570 4646F0 464980 4649F0 465E30 46B400 46BC80 46DA20 4841D0 48ED40 498720 498770 4987C0 498810
0x91:0x8A,Graph91_8A_SetWindowMessageVariant,sub_484250,41,42C2A0 42C550 42C570 42C5B0 42D3B0 42D400 42D560 42D570 42D5B0 42D600 4406C0 440940 443260 444C60 444FD0 444FF0 4450B0 445190 45E850 45F640 45FFB0 462B90 464450 464480 4644C0 464500 464520 464570 4646F0 464980 4649F0 465E30 46B400 46BC80 46DA20 484250 48ED40 498720 498770 4987C0 498810
0x91:0x8B,Graph91_8B_SetWindowTextLayoutMode,sub_4842D0,38,42C580 42D3B0 42D400 42D560 42D570 42D5B0 42D600 4406C0 440980 443260 444C60 444FD0 444FF0 4450B0 445190 45E850 45F640 45FFB0 462BC0 464450 464480 4644C0 464500 464520 464570 4646F0 464980 4649F0 465E30 46B400 46BC80 46DA20 4842D0 48ED40 498720 498770 4987C0 498810
0x91:0x8C,Graph91_8C_SetWindowTextCursor,sub_484350,38,42C700 42D3B0 42D400 42D560 42D570 42D5B0 42D600 4406C0 440FE0 443260 444C60 444FD0 444FF0 4450B0 445190 45E850 45F640 45FFB0 463100 464450 464480 4644C0 464500 464520 464570 4646F0 464980 4649F0 465E30 46B400 46BC80 46DA20 484350 48ED40 498720 498770 4987C0 498810
0x91:0x8D,Graph91_8D_GetWindowTextCursor,sub_4843A0,39,42C720 42D3B0 42D400 42D560 42D570 42D5B0 42D600 4406C0 441010 443260 444C60 444FD0 444FF0 4450B0 4450D0 445190 45E850 45F640 45FFB0 463110 464450 464480 4644C0 464500 464520 464570 4646F0 464980 4649F0 465E30 46B400 46BC80 46DA20 4843A0 48ED40 498720 498770 4987C0 498810
0x91:0x8E,Graph91_8E_IsWindowTextCursorAtBoundary,sub_4843F0,43,42C2A0 42C570 42C720 42C740 42D3B0 42D400 42D560 42D570 42D5B0 42D600 4344D0 4406C0 441040 443260 444C60 444FD0 444FF0 4450B0 4450D0 445190 45E850 45F640 45FFB0 463120 464450 464480 4644C0 464500 464520 464570 4646F0 464980 4649F0 465E30 46B400 46BC80 46DA20 4843F0 48ED40 498720 498770 4987C0 498810
0x91:0x90,Graph91_90_StartExtendedMessage,sub_484430,211,407AE0 407B10 407B30 407B90 407BA0 409030 409080 4090B0 4090E0 409110 409170 409190 4091B0 4097B0 40A530 40A620 40A9A0 40A9E0 40ADF0 40AF50 40B080 40B0D0 40B130 40B200 40B320 40B3B0 40B4B0 40B5D0 40B6F0 40B9B0 40BC10 40BC60 40CA70 40CAE0 40CBF0 40CCD0 40CDD0 40CFF0 40D200 40D220 40D440 40D4A0 40D670 40D820 40DA40 40DAD0 40DB60 40DCE0 40DE60 40DF80 40DFF0 40E050 40E0D0 40E150 40E190 40E1F0 40E2E0 40E3E0 413900 413930 414C20 414C60 414D10 414F00 414F50 415000 4150E0 415250 4152A0 415350 415430 4158C0 415900 415A30 415AB0 419B10 419BA0 419C50 419CC0 419D00 419D60 419DE0 419FD0 41A040 41AEE0 41C1D0 42B540 42B550 42BAB0 42BBB0 42C2A0 42C450 42C460 42C490 42C4A0 42C4C0 42C520 42C570 42C5A0 42C700 42C720 42CA00 42CA30 42CD30 42CD70 42D3B0 42D400 42D560 42D570 42D5B0 42D600 430830 430CD0 430D10 430DD0 430EF0 431130 431150 431200 4314F0 4318F0 431A40 432BC0 4335C0 4335D0 4335E0 4335F0 4337D0 4341D0 434DA0 434DE0 434E00 434E30 4350C0 437030 438190 4406C0 443260 444B50 444C60 444C70 444FC0 444FD0 444FF0 4450B0 445190 4451C0 4464C0 4464E0 4465D0 4465F0 446750 446780 4467C0 446810 446960 44DBA0 45E580 45E600 45E750 45E850 45E880 45E8D0 45F640 45FFB0 461090 4610A0 4610B0 4610C0 464450 464480 4644C0 464500 464520 464570 4646F0 464980 4649F0 465E30 46B190 46B400 46BC80 46D550 46D560 46D660 46D6C0 46D720 46D810 46D830 46DA20 46DB00 46DB40 46DC80 46DE30 46DF00 484430 48DDD0 48DF50 48E680 48EBC0 48ED40 48EE70 490AE0 4911E0 491220 497B40 498720 498770 4987C0 498810 49A230
0x91:0x91,Graph91_91_RenderWindowText,sub_4844F0,249,407AE0 407B10 407B30 407B90 407BA0 407BE0 409030 409080 4090B0 4090E0 409110 409170 409190 4091B0 409290 4092B0 4092E0 4094C0 409790 4097B0 409A80 40A530 40A620 40A710 40A7C0 40A840 40A910 40A9A0 40A9E0 40ADF0 40AF50 40B080 40B0D0 40B130 40B200 40B320 40B3B0 40B4B0 40B5D0 40B6F0 40B9B0 40BC10 40BC60 40CA70 40CAE0 40CBF0 40CCD0 40CDD0 40CFF0 40D200 40D220 40D440 40D4A0 40D670 40D820 40DA40 40DAD0 40DB60 40DCE0 40DE60 40DF80 40DFF0 40E050 40E0D0 40E150 40E190 40E1F0 40E2E0 40E3E0 40E860 40E890 413900 413930 414C20 414C60 414D10 414F00 414F50 415000 4150E0 415250 4152A0 415350 415430 4158C0 415900 415A30 415AB0 4188D0 419B10 419BA0 419C50 419CC0 419D00 419D60 419DE0 419FD0 41A040 41AEE0 41C1D0 42B540 42B550 42B710 42BAB0 42BBB0 42C2A0 42C450 42C490 42C520 42C570 42C5A0 42C700 42C720 42CA30 42CD30 42CD70 42D3B0 42D400 42D560 42D570 42D5B0 42D600 42D6A0 42D980 42DA00 42DA70 42DB60 42DBA0 42DD70 42DDF0 42DF40 42E370 42E8B0 42E970 42E990 42E9A0 42E9B0 42E9C0 42E9E0 42E9F0 42EA10 42EA80 42EAB0 42EB30 42EBD0 42ECA0 42EEC0 42F070 42F0F0 42F2D0 42FA80 430830 430CD0 430D10 430DD0 430EF0 431130 431150 431200 4314F0 432E30 433000 433030 433060 433180 433570 4344D0 434500 434520 434730 4347D0 434810 434840 4348C0 434920 434A40 434B50 434C50 434F00 435290 436FF0 437030 437080 4370A0 437110 4372A0 437940 437A10 437AB0 437B10 437B70 437BD0 437C00 437CB0 437E30 437E40 438060 438270 4383D0 438B10 438C10 438F60 439020 439120 4406C0 440F10 443260 444B50 444C60 444C70 444FD0 444FF0 4450B0 445190 4464C0 4464E0 4465D0 4465F0 446750 446780 4467C0 446810 446960 45E850 45F640 45FFB0 4630A0 464450 464480 4644C0 464500 464520 464570 4646F0 464980 4649F0 465E30 46B400 46BC80 46DA20 4844F0 48DDD0 48DF50 48ED40 490AE0 498720 498770 4987C0 498810
0x91:0x92,Graph91_92_StartExtendedMessageWithOption,sub_484580,211,407AE0 407B10 407B30 407B90 407BA0 409030 409080 4090B0 4090E0 409110 409170 409190 4091B0 4097B0 40A530 40A620 40A9A0 40A9E0 40ADF0 40AF50 40B080 40B0D0 40B130 40B200 40B320 40B3B0 40B4B0 40B5D0 40B6F0 40B9B0 40BC10 40BC60 40CA70 40CAE0 40CBF0 40CCD0 40CDD0 40CFF0 40D200 40D220 40D440 40D4A0 40D670 40D820 40DA40 40DAD0 40DB60 40DCE0 40DE60 40DF80 40DFF0 40E050 40E0D0 40E150 40E190 40E1F0 40E2E0 40E3E0 413900 413930 414C20 414C60 414D10 414F00 414F50 415000 4150E0 415250 4152A0 415350 415430 4158C0 415900 415A30 415AB0 419B10 419BA0 419C50 419CC0 419D00 419D60 419DE0 419FD0 41A040 41AEE0 41C1D0 42B540 42B550 42BAB0 42BBB0 42C2A0 42C450 42C460 42C490 42C4A0 42C4C0 42C520 42C570 42C5A0 42C700 42C720 42CA00 42CA30 42CD30 42CD70 42D3B0 42D400 42D560 42D570 42D5B0 42D600 430830 430CD0 430D10 430DD0 430EF0 431130 431150 431200 4314F0 4318F0 431A40 432BC0 4335C0 4335D0 4335E0 4335F0 4337D0 4341D0 434DA0 434DE0 434E00 434E30 4350C0 437030 438190 4406C0 443260 444B50 444C60 444C70 444FC0 444FD0 444FF0 4450B0 445190 4451C0 4464C0 4464E0 4465D0 4465F0 446750 446780 4467C0 446810 446960 44DBA0 45E580 45E600 45E750 45E850 45E880 45E8D0 45F640 45FFB0 461090 4610A0 4610B0 4610C0 464450 464480 4644C0 464500 464520 464570 4646F0 464980 4649F0 465E30 46B190 46B400 46BC80 46D550 46D560 46D660 46D6C0 46D720 46D810 46D830 46DA20 46DB00 46DB40 46DC80 46DE30 46DF00 484580 48DDD0 48DF50 48E680 48EBC0 48ED40 48EE70 490AE0 4911E0 491220 497B40 498720 498770 4987C0 498810 49A230
0x91:0x93,Graph91_93_RenderWindowTextWithStyleMode,sub_484650,250,407AE0 407B10 407B30 407B90 407BA0 407BE0 409030 409080 4090B0 4090E0 409110 409170 409190 4091B0 409290 4092B0 4092E0 4094C0 409790 4097B0 409A80 40A530 40A620 40A710 40A7C0 40A840 40A910 40A9A0 40A9E0 40ADF0 40AF50 40B080 40B0D0 40B130 40B200 40B320 40B3B0 40B4B0 40B5D0 40B6F0 40B9B0 40BC10 40BC60 40CA70 40CAE0 40CBF0 40CCD0 40CDD0 40CFF0 40D200 40D220 40D440 40D4A0 40D670 40D820 40DA40 40DAD0 40DB60 40DCE0 40DE60 40DF80 40DFF0 40E050 40E0D0 40E150 40E190 40E1F0 40E2E0 40E3E0 40E860 40E890 413900 413930 414C20 414C60 414D10 414F00 414F50 415000 4150E0 415250 4152A0 415350 415430 4158C0 415900 415A30 415AB0 4188D0 419B10 419BA0 419C50 419CC0 419D00 419D60 419DE0 419FD0 41A040 41AEE0 41C1D0 42B540 42B550 42B710 42BAB0 42BBB0 42C2A0 42C450 42C490 42C520 42C570 42C5A0 42C700 42C720 42CA30 42CD30 42CD70 42D3B0 42D400 42D560 42D570 42D5B0 42D600 42D6A0 42D980 42DA00 42DA70 42DB60 42DBA0 42DD70 42DDF0 42DF40 42E370 42E8B0 42E970 42E990 42E9A0 42E9B0 42E9C0 42E9E0 42E9F0 42EA10 42EA80 42EAB0 42EB30 42EBD0 42ECA0 42EEC0 42F070 42F0F0 42F2D0 42FA80 430830 430CD0 430D10 430DD0 430EF0 431130 431150 431200 4314F0 432E30 433000 433030 433060 433180 433570 4344D0 434500 434520 434730 4347D0 434810 434840 4348C0 434920 434A40 434B50 434C50 434E30 434F00 435290 436FF0 437030 437080 4370A0 437110 4372A0 437940 437A10 437AB0 437B10 437B70 437BD0 437C00 437CB0 437E30 437E40 438060 438270 4383D0 438B10 438C10 438F60 439020 439120 4406C0 440F10 443260 444B50 444C60 444C70 444FD0 444FF0 4450B0 445190 4464C0 4464E0 4465D0 4465F0 446750 446780 4467C0 446810 446960 45E850 45F640 45FFB0 4630A0 464450 464480 4644C0 464500 464520 464570 4646F0 464980 4649F0 465E30 46B400 46BC80 46DA20 484650 48DDD0 48DF50 48ED40 490AE0 498720 498770 4987C0 498810
0x91:0x94,Graph91_94_UpdateTextSubstitution,sub_484710,46,42D3B0 42D400 42D560 42D570 42D5B0 42D600 42EA10 42FA80 4344E0 434500 434520 434730 434800 434810 434B50 444C60 444C70 444FD0 444FF0 4450B0 445190 45E850 45F640 45FFB0 463270 464450 464480 4644C0 464500 464520 464570 4646F0 464980 4649F0 465E30 46B400 46BC80 46DA20 484710 48DDD0 48DF50 48ED40 498720 498770 4987C0 498810
0x91:0x95,Graph91_95_CountTextSubstitutionMatches,sub_484740,44,42D3B0 42D400 42D560 42D570 42D5B0 42D600 42EA10 42FA80 434840 4348C0 434920 434B50 444C60 444C70 444FD0 444FF0 4450B0 4450D0 445190 45E850 45F640 45FFB0 4632A0 464450 464480 4644C0 464500 464520 464570 4646F0 464980 4649F0 465E30 46B400 46BC80 46DA20 484740 48DDD0 48DF50 48ED40 498720 498770 4987C0 498810
0x91:0x96,Graph91_96_RegisterTextSubstitutionRecords,sub_484770,45,42D3B0 42D400 42D560 42D570 42D5B0 42D600 42EA10 42FA80 4344F0 434500 434520 434A40 434B50 444C60 444C70 444FD0 444FF0 4450B0 4450D0 445190 45E850 45F640 45FFB0 4632B0 464450 464480 4644C0 464500 464520 464570 4646F0 464980 4649F0 465E30 46B400 46BC80 46DA20 484770 48DDD0 48DF50 48ED40 498720 498770 4987C0 498810
0x91:0x97,Graph91_97_SetPersistentTextStyle,sub_4847A0,5,434440 4450B0 4632C0 468BB0 4847A0
0x91:0x98,Graph91_98_ConfigureTextLayoutGlobals,sub_484800,35,42D3B0 42D400 42D560 42D570 42D5B0 42D600 434340 444C60 444FD0 444FF0 4450B0 445190 45E850 45F640 45FFB0 4632F0 464450 464480 4644C0 464500 464520 464570 4646F0 464980 4649F0 465E30 46B400 46BC80 46DA20 484800 48ED40 498720 498770 4987C0 498810
0x91:0x99,Graph91_99_SetTextScaleDivisor,sub_4848E0,5,407B70 4450B0 4450D0 463390 4848E0
0x91:0x9A,Graph91_9A_SetTextGlobalProperty,sub_484910,35,42D3B0 42D400 42D560 42D570 42D5B0 42D600 4343B0 444C60 444FD0 444FF0 4450B0 445190 45E850 45F640 45FFB0 463310 464450 464480 4644C0 464500 464520 464570 4646F0 464980 4649F0 465E30 46B400 46BC80 46DA20 484910 48ED40 498720 498770 4987C0 498810
0x91:0x9B,Graph91_9B_MeasureText,sub_4849B0,93,4035A0 403BA0 407B10 407B30 409030 409080 409110 409190 4091B0 409290 4092B0 4092E0 409790 409A80 40ADF0 40B080 40B0D0 40B130 40B200 40E860 40E890 42D3B0 42D400 42D560 42D570 42D5B0 42D600 42D6A0 42D980 42DA00 42DA70 42DB60 42DBA0 42DD70 42DDF0 42DF40 42E370 42E8B0 42E970 42E990 42E9A0 42E9B0 42E9E0 42E9F0 42EA10 42EAB0 42EB30 42EBD0 42ECA0 42EEC0 42F070 42F0F0 42F2D0 42FA80 432E30 433000 433030 433060 434F00 436FF0 437080 444C60 444C70 444FD0 444FF0 4450B0 4450D0 445190 45E850 45F640 45FFB0 464450 464480 4644C0 464500 464520 464570 4646F0 464980 4649F0 465E30 468BB0 46B400 46BC80 46DA20 4849B0 48DDD0 48DF50 48ED40 498720 498770 4987C0 498810
0x91:0x9C,Graph91_9C_DrawText,sub_484A30,219,4035A0 403B10 407AE0 407B10 407B30 407BE0 407F20 408E30 408E50 409030 409080 409110 409170 409190 4091B0 409290 4092B0 4092E0 4094C0 409790 4097B0 409A80 40A530 40A620 40A710 40A7C0 40A840 40A910 40A9A0 40A9E0 40ADF0 40AF50 40B080 40B0D0 40B130 40B200 40B320 40B3B0 40B4B0 40B5D0 40B6F0 40B9B0 40BC10 40BC60 40CA70 40CAE0 40CBF0 40CCD0 40CDD0 40CFF0 40D200 40D220 40D440 40D4A0 40D670 40D820 40DA40 40DAD0 40DB60 40DCE0 40DE60 40DF80 40DFF0 40E050 40E0D0 40E150 40E190 40E1F0 40E2E0 40E3E0 40E860 40E890 413900 413930 414C20 414C60 414D10 414F00 414F50 415000 4150E0 415250 4152A0 415350 415430 4158C0 415900 415A30 415AB0 4188D0 419B10 419BA0 419C50 419CC0 419D00 419D60 419DE0 419FD0 41A040 42D3B0 42D400 42D560 42D570 42D5B0 42D600 42D6A0 42D980 42DA00 42DA70 42DB60 42DBA0 42DD70 42DDF0 42DF40 42E370 42E8B0 42E970 42E990 42E9A0 42E9B0 42E9C0 42E9E0 42E9F0 42EA10 42EA80 42EAB0 42EB30 42EBD0 42ECA0 42EEC0 42F070 42F0F0 42F2D0 42FA80 432E30 433000 433030 433060 433180 433570 4344D0 434500 434520 434730 4347D0 434810 434840 4348C0 434A40 434B50 434BA0 434C50 434F00 435290 436FF0 437030 437080 4370A0 437110 4372A0 437940 437A10 437AB0 437B10 437B70 437BD0 437C00 437CB0 437E30 437E40 438060 444B50 444C60 444C70 444FD0 444FF0 4450B0 4450D0 445190 4464C0 4464E0 4465D0 4465F0 446750 446780 4467C0 446810 446960 45E850 45F640 45FFB0 464450 464480 4644C0 464500 464520 464570 4646F0 464980 4649F0 465E30 468BB0 46B400 46BC80 46DA20 484A30 48DDD0 48DF50 48ED40 490AE0 4931C0 4931E0 493350 497AF0 497B60 498720 498770 4987C0 498810
0x91:0x9D,Graph91_9D_DrawTextWithStyleMode,sub_484C40,220,4035A0 403B10 407AE0 407B10 407B30 407BE0 407F20 408E30 408E50 409030 409080 409110 409170 409190 4091B0 409290 4092B0 4092E0 4094C0 409790 4097B0 409A80 40A530 40A620 40A710 40A7C0 40A840 40A910 40A9A0 40A9E0 40ADF0 40AF50 40B080 40B0D0 40B130 40B200 40B320 40B3B0 40B4B0 40B5D0 40B6F0 40B9B0 40BC10 40BC60 40CA70 40CAE0 40CBF0 40CCD0 40CDD0 40CFF0 40D200 40D220 40D440 40D4A0 40D670 40D820 40DA40 40DAD0 40DB60 40DCE0 40DE60 40DF80 40DFF0 40E050 40E0D0 40E150 40E190 40E1F0 40E2E0 40E3E0 40E860 40E890 413900 413930 414C20 414C60 414D10 414F00 414F50 415000 4150E0 415250 4152A0 415350 415430 4158C0 415900 415A30 415AB0 4188D0 419B10 419BA0 419C50 419CC0 419D00 419D60 419DE0 419FD0 41A040 42D3B0 42D400 42D560 42D570 42D5B0 42D600 42D6A0 42D980 42DA00 42DA70 42DB60 42DBA0 42DD70 42DDF0 42DF40 42E370 42E8B0 42E970 42E990 42E9A0 42E9B0 42E9C0 42E9E0 42E9F0 42EA10 42EA80 42EAB0 42EB30 42EBD0 42ECA0 42EEC0 42F070 42F0F0 42F2D0 42FA80 432E30 433000 433030 433060 433180 433570 4344D0 434500 434520 434730 4347D0 434810 434840 4348C0 434A40 434B50 434BA0 434C50 434E30 434F00 435290 436FF0 437030 437080 4370A0 437110 4372A0 437940 437A10 437AB0 437B10 437B70 437BD0 437C00 437CB0 437E30 437E40 438060 444B50 444C60 444C70 444FD0 444FF0 4450B0 4450D0 445190 4464C0 4464E0 4465D0 4465F0 446750 446780 4467C0 446810 446960 45E850 45F640 45FFB0 464450 464480 4644C0 464500 464520 464570 4646F0 464980 4649F0 465E30 468BB0 46B400 46BC80 46DA20 484C40 48DDD0 48DF50 48ED40 490AE0 4931C0 4931E0 493350 497AF0 497B60 498720 498770 4987C0 498810
0x91:0x9E,Graph91_9E_ExtractTextLabels,sub_484E90,39,42D3B0 42D400 42D560 42D570 42D5B0 42D600 437EE0 444C60 444C70 444FD0 444FF0 4450B0 4450D0 445190 45E850 45F640 45FFB0 463340 464450 464480 4644C0 464500 464520 464570 4646F0 464980 4649F0 465E30 46B400 46BC80 46DA20 484E90 48DDD0 48DF50 48ED40 498720 498770 4987C0 498810
0x91:0x9F,Graph91_9F_StripTextMarkup,sub_484EC0,38,42D3B0 42D400 42D560 42D570 42D5B0 42D600 438070 444C60 444C70 444FD0 444FF0 4450B0 445190 45E850 45F640 45FFB0 463380 464450 464480 4644C0 464500 464520 464570 4646F0 464980 4649F0 465E30 46B400 46BC80 46DA20 484EC0 48DDD0 48DF50 48ED40 498720 498770 4987C0 498810
0x91:0xB8,Graph91_B8_CreateExtendedIconInputProcessor,sub_484EF0,51,41A400 41AB10 41AB40 41ACD0 41ACE0 41ACF0 41AD40 41AD50 41AD60 41ADA0 41ADE0 41ADF0 41AE00 41B0B0 41B2D0 41B310 41B320 41B360 41B370 41B520 41B580 41B600 41B620 41B660 41B6A0 41B6E0 41B8B0 41BEA0 41BEB0 41BED0 41BEF0 41BF10 41C050 41C0B0 41C1C0 42AC50 42E9A0 430260 4406C0 443260 4450B0 4450D0 4476D0 447990 447B90 44A7C0 46C4A0 46C630 484EF0 490AE0 493130
0x91:0xBA,Graph91_BA_ConfigureExtendedIconInputProcessor,sub_484F20,306,407AE0 407B10 407B30 407B90 407BA0 407F20 408300 408E30 408E50 409030 409080 4090B0 4090E0 409110 409170 409190 4091B0 40A530 40A620 40A9A0 40A9D0 40A9E0 40ADF0 40AF50 40B080 40B0D0 40B130 40B200 40B320 40B3B0 40B4B0 40B5D0 40B6F0 40B9B0 40BC10 40BC60 40C0F0 40C1B0 40C430 40CA70 40CAE0 40CBF0 40CCD0 40CDD0 40CFF0 40D200 40D220 40D440 40D4A0 40D670 40D820 40DA40 40DAD0 40DB60 40DCE0 40DE60 40DF80 40DFF0 40E050 40E0D0 40E150 40E190 40E1F0 40E2E0 40E3E0 413900 413930 414C20 414C60 414D10 414F00 414F50 415000 4150E0 415250 4152A0 415350 415430 4158C0 415900 415A30 415AB0 418470 4184A0 418FA0 419B10 419BA0 419C50 419CC0 419D00 419D60 419DE0 419FD0 41A040 41A080 41A400 41A690 41AAA0 41AB10 41AB40 41ACD0 41ACE0 41AD40 41AD60 41ADA0 41ADE0 41ADF0 41AE00 41AEE0 41AF60 41B0B0 41B2D0 41B310 41B320 41B360 41B370 41B490 41B4C0 41B520 41B560 41B580 41B5E0 41B600 41B620 41B660 41B6A0 41B6E0 41B750 41B8B0 41BC70 41BDD0 41BEA0 41BEB0 41BED0 41BEF0 41BF10 41BF20 41BF90 41C050 41C0A0 41C0B0 41C0C0 41C0D0 41C1C0 41C1D0 4256C0 427170 427AA0 428E70 428FB0 429000 4290F0 429140 429160 4291B0 429220 4296C0 429AF0 42A650 42A9C0 42AA20 42AAA0 42AB50 42AC50 42B540 42B550 42B9B0 42BAB0 42BAE0 42BB30 42BBB0 42BBD0 42BED0 42C1C0 42C2A0 42C330 42CA00 42CA30 42CD30 42CD70 42D3B0 42D400 42D560 42D570 42D5B0 42D600 42E9A0 430260 4302C0 4302E0 430570 4306F0 430770 430830 430CD0 430D10 430D20 430DD0 430EF0 431120 431130 431140 431150 431200 4312B0 4312E0 431320 4314F0 442E10 442E90 443240 444B50 444C60 444C70 444FD0 444FF0 4450B0 4450D0 445190 4461E0 4464C0 4464E0 4465D0 4465F0 446750 446780 4467B0 4467C0 446810 4468A0 446960 4478D0 447BF0 4484B0 4495C0 449760 449A60 449D60 44A900 44C760 45E580 45E600 45E750 45E850 45E880 45E8D0 45F640 45FFB0 461090 4610A0 4610B0 4610C0 464450 464480 4644C0 464500 464520 464570 4646F0 464980 4649F0 465E30 46B190 46B400 46BC80 46C4D0 46C610 46C980 46C9D0 46CB60 46D550 46D560 46D660 46D6C0 46D6E0 46D720 46D810 46D830 46DA20 46DB00 46DB40 46DC80 46DE30 46DF00 46E500 46E580 484F20 48DDD0 48DF50 48E680 48EBC0 48ED40 48EDE0 48EE20 48EE70 490AE0 493130 4931C0 4931E0 493350 497B40 498720 498770 4987C0 498810 49A230
0x91:0xBB,Graph91_BB_SetExtendedIconInputItemState,sub_484F60,120,407AE0 407B10 407B30 407B90 407BA0 409030 409080 4090B0 4090E0 409110 409170 409190 4091B0 40A530 40A620 40A9A0 40A9E0 40ADF0 40AF50 40B080 40B0D0 40B130 40B200 40B320 40B3B0 40B4B0 40B5D0 40B6F0 40B9B0 40BC10 40BC60 40CA70 40CAE0 40CBF0 40CCD0 40CDD0 40CFF0 40D200 40D220 40D440 40D4A0 40D670 40D820 40DA40 40DAD0 40DB60 40DCE0 40DE60 40DF80 40DFF0 40E050 40E0D0 40E150 40E190 40E1F0 40E2E0 40E3E0 413900 413930 414C20 414C60 414D10 414F00 414F50 415000 4150E0 415250 4152A0 415350 415430 4158C0 415900 415A30 415AB0 419B10 419BA0 419C50 419CC0 419D00 419D60 419DE0 419FD0 41A040 41AD60 41AEE0 41C1D0 42C060 42C1C0 42CA30 42D560 430830 430CD0 430D10 430DD0 430EF0 431130 431150 431200 4314F0 443240 444B50 4450B0 4450D0 4464C0 4464E0 4465D0 4465F0 446750 446780 4467C0 446810 446960 4478D0 4484B0 44B460 46C4D0 46C610 46CCA0 484F60 490AE0
0x91:0xBF,Graph91_BF_RegisterKeyAssignmentTable,sub_484FB0,38,42D3B0 42D400 42D560 42D570 42D5B0 42D600 444C60 444C70 444FD0 444FF0 4450B0 445190 447B90 447BB0 45E850 45F640 45FFB0 464450 464480 4644C0 464500 464520 464570 4646F0 464980 4649F0 465E30 46B400 46BC80 46DA20 484FB0 48DDD0 48DF50 48ED40 498720 498770 4987C0 498810
0x91:0xDB,Graph91_DB_GetActiveKnobHandle,sub_485020,4,4450D0 463820 4639A0 485020
0x91:0xF0,Graph91_F0_OpenDirectShowMovie,sub_485040,70,406720 4068B0 406910 406970 4069D0 406CA0 406D30 406D40 4083F0 408870 408880 408890 408A10 408AB0 42D3B0 42D400 42D560 42D570 42D5B0 42D600 42EA80 42FA80 444C60 444C70 444FD0 444FF0 4450B0 4450D0 445190 44C860 44C940 44C9D0 44D080 44D450 44D790 45BB20 45BE40 45BE60 45E850 45F640 45FFB0 464450 464480 4644C0 464500 464520 464570 4646F0 464980 4649F0 464B80 465E30 466440 467BB0 46B400 46BC80 46DA20 46F800 485040 48DDD0 48DF50 48ED40 48F7B0 4964C0 4964E0 496540 498720 498770 4987C0 498810
0x91:0xF1,Graph91_F1_StartDirectShowMovie,sub_485100,49,408430 4084B0 408870 408880 408A10 408A90 42D3B0 42D400 42D560 42D570 42D5B0 42D600 444C60 444C70 444FD0 444FF0 4450B0 4450D0 445190 44D110 44D210 44D4D0 44D560 45C160 45E850 45F640 45FFB0 464450 464480 4644C0 464500 464520 464570 4646F0 464980 4649F0 465E30 46B400 46BC80 46DA20 485100 48DDD0 48DF50 48ED40 48F8B0 498720 498770 4987C0 498810
0x91:0xF2,Graph91_F2_CloseDirectShowMovie,sub_485170,13,4084B0 408870 408880 408A10 408A90 4450B0 4450D0 44D210 44D4D0 44D560 45C160 485170 48F8C0
0x91:0xF3,Graph91_F3_SetDirectShowMoviePaused,sub_4851D0,7,408550 408A90 4450B0 4450D0 44D240 4851D0 48F8D0
0x91:0xF4,Graph91_F4_CreateFlashControl,sub_485240,89,407B30 407C40 407C90 407CF0 407DA0 408300 408870 408880 408A10 408AD0 408D00 408DC0 408E30 408E50 41BF10 42D3B0 42D400 42D560 42D570 42D5B0 42D600 430260 4302C0 444C60 444C70 444FD0 444FF0 4450B0 4450D0 445190 4467B0 45E850 45F640 45FFB0 464450 464480 4644C0 464500 464520 464570 4646F0 464980 4649F0 465E30 46B400 46BC80 46DA20 485240 48DDD0 48DF50 48ED40 48F910 490AE0 492560 492810 492C70 492CB0 492D90 492DB0 492DF0 492E70 492EF0 492F70 493020 493040 493070 493090 4930A0 493120 493130 493140 493170 493180 4931A0 4931B0 4931C0 4931D0 4931E0 4931F0 493210 493220 493280 4932A0 493350 498720 498770 4987C0 498810 49EEE0
0x91:0xF5,Graph91_F5_StartFlashControl,sub_485300,19,408B80 408BE0 408DC0 408E30 408E50 40ADF0 42D560 4450B0 4450D0 485300 48F930 490AE0 492F70 4931C0 4931E0 493200 4932B0 493300 493350
0x91:0xF6,Graph91_F6_CaptureAndReleaseFlashControl,sub_485380,17,408BE0 408DC0 408E30 408E50 40ADF0 42D560 4450B0 4450D0 485380 48F940 490AE0 492F70 4931C0 4931E0 493200 493300 493350
0x91:0xF7,Graph91_F7_GetMoviePosition,sub_4853F0,43,407FB0 408A90 42C570 42D3B0 42D400 42D560 42D570 42D5B0 42D600 444C60 444C70 444FD0 444FF0 4450B0 4450D0 445190 44D560 45C160 45E850 45F640 45FFB0 464450 464480 4644C0 464500 464520 464570 4646F0 464980 4649F0 465E30 46B400 46BC80 46DA20 4853F0 48DDD0 48DF50 48ED40 48F960 498720 498770 4987C0 498810
0x92:0x00,Graph92_00_ConfigureCompactWaveTable,sub_4854A0,35,409AF0 42D3B0 42D400 42D560 42D570 42D5B0 42D600 444C60 444FD0 444FF0 4450B0 445190 45E850 45F640 45FFB0 461ED0 464450 464480 4644C0 464500 464520 464570 4646F0 464980 4649F0 465E30 46B400 46BC80 46DA20 4854A0 48ED40 498720 498770 4987C0 498810
0x92:0x01,Graph92_01_ConfigureWaveTable,sub_485550,35,409C60 42D3B0 42D400 42D560 42D570 42D5B0 42D600 444C60 444FD0 444FF0 4450B0 445190 45E850 45F640 45FFB0 461EF0 464450 464480 4644C0 464500 464520 464570 4646F0 464980 4649F0 465E30 46B400 46BC80 46DA20 485550 48ED40 498720 498770 4987C0 498810
0x92:0x10,Graph92_10_GenerateRadialVectorMap,sub_485620,41,404CA0 404E20 407F20 408E30 408E50 42D3B0 42D400 42D560 42D570 42D5B0 42D600 444C60 444FD0 444FF0 4450B0 445190 45E850 45F640 45FFB0 464450 464480 4644C0 464500 464520 464570 4646F0 464980 4649F0 465E30 46B400 46BC80 46DA20 485620 48ED40 4931C0 4931E0 493350 498720 498770 4987C0 498810
0x92:0x11,Graph92_11_GenerateAxisVectorMap,sub_485720,41,404E70 404FA0 407F20 408E30 408E50 42D3B0 42D400 42D560 42D570 42D5B0 42D600 444C60 444FD0 444FF0 4450B0 445190 45E850 45F640 45FFB0 464450 464480 4644C0 464500 464520 464570 4646F0 464980 4649F0 465E30 46B400 46BC80 46DA20 485720 48ED40 4931C0 4931E0 493350 498720 498770 4987C0 498810
0x92:0x12,Graph92_12_SetBitmapAuxiliaryPair,sub_4857F0,5,402440 407F00 4450B0 4450D0 4857F0
0x92:0x13,Graph92_13_ReplaceBitmapColor,sub_485830,11,4024A0 402710 407F20 408E30 408E50 4450B0 4450D0 485830 4931C0 4931E0 493350
0x92:0x14,Graph92_14_PreloadBitmapResource,sub_485870,66,406720 406970 406CA0 406D30 406D40 42D3B0 42D400 42D560 42D570 42D5B0 42D600 42EA80 42FA80 4318F0 4397E0 439AE0 43D0D0 43D1A0 444C60 444C70 444FC0 444FD0 444FF0 4450B0 445190 4451C0 446060 446190 450A80 451070 4512E0 451300 452290 45E850 45F640 45FFB0 464450 464480 4644C0 464500 464520 464570 4646F0 464760 464980 4649F0 464B80 465E30 466400 466430 466440 466550 4665C0 46B400 46BC80 46DA20 46F800 485870 48DDD0 48DF50 48ED40 497EA0 498720 498770 4987C0 498810
0x92:0x15,Graph92_15_CancelPendingBitmapPreloads,sub_485900,5,401DF0 4504F0 450510 450680 485900
0x92:0x16,Graph92_16_GetBitmapAuxiliaryPair,sub_485910,39,402470 407F00 42D3B0 42D400 42D560 42D570 42D5B0 42D600 444C60 444C70 444FD0 444FF0 4450B0 4450D0 445190 45E850 45F640 45FFB0 464450 464480 4644C0 464500 464520 464570 4646F0 464980 4649F0 465E30 46B400 46BC80 46DA20 485910 48DDD0 48DF50 48ED40 498720 498770 4987C0 498810
0x92:0x17,Graph92_17_ReadBitmapPixelValue,sub_485950,45,4025E0 402710 407F20 408E30 408E50 42D3B0 42D400 42D560 42D570 42D5B0 42D600 444C60 444C70 444FD0 444FF0 4450B0 4450D0 445190 45E850 45F640 45FFB0 464450 464480 4644C0 464500 464520 464570 4646F0 464980 4649F0 465E30 46B400 46BC80 46DA20 485950 48DDD0 48DF50 48ED40 4931C0 4931E0 493350 498720 498770 4987C0 498810
0x92:0x18,Graph92_18_ConvertBitmapToAlphaDescriptor,sub_4859A0,56,403C00 407B30 407C40 407C90 407CF0 407DA0 407F20 408300 408320 408870 408880 408A10 408DC0 408E30 408E50 40E680 40E6C0 40E760 42D3B0 42D400 42D560 42D570 42D5B0 42D600 430260 4302C0 444C60 444FD0 444FF0 4450B0 445190 45E850 45F640 45FFB0 464450 464480 4644C0 464500 464520 464570 4646F0 464980 4649F0 465E30 46B400 46BC80 46DA20 4859A0 48ED40 4931C0 4931E0 493350 498720 498770 4987C0 498810
0x92:0x19,Graph92_19_InvertAlphaBitmap,sub_485A30,12,403C10 407F20 4083A0 408E30 408E50 40E800 4450B0 4450D0 485A30 4931C0 4931E0 493350
0x92:0x1A,Graph92_1A_ComposeBitmapAlphaAtOffset,sub_485A60,62,403C20 407B30 407C40 407C90 407CF0 407DA0 407F20 408300 408870 408880 408A10 408DC0 408E30 408E50 409110 409170 409190 4091B0 40A620 418960 418B40 418BA0 418C10 42D3B0 42D400 42D560 42D570 42D5B0 42D600 430260 4302C0 442E10 444C60 444FD0 444FF0 4450B0 445190 45E850 45F640 45FFB0 464450 464480 4644C0 464500 464520 464570 4646F0 464980 4649F0 465E30 46B400 46BC80 46DA20 485A60 48ED40 4931C0 4931E0 493350 498720 498770 4987C0 498810
0x92:0x1C,Graph92_1C_DrawBitmapTextAndMeasureAdvance,sub_485BA0,173,4035A0 403600 407AE0 407B10 407B30 407F20 408E30 408E50 409030 409080 409110 409170 409190 4091B0 409290 4092B0 4092E0 409710 4097B0 4097D0 409800 409A80 40A530 40A620 40A9A0 40A9E0 40ADF0 40AF50 40B080 40B0D0 40B130 40B200 40B320 40B3B0 40B4B0 40B5D0 40B6F0 40B9B0 40BC10 40BC60 40CA70 40CAE0 40CBF0 40CCD0 40CDD0 40CFF0 40D200 40D220 40D440 40D4A0 40D670 40D820 40DA40 40DAD0 40DB60 40DCE0 40DE60 40DF80 40DFF0 40E050 40E0D0 40E150 40E190 40E1F0 40E2E0 40E3E0 413900 413930 414C20 414C60 414D10 414F00 414F50 415000 4150E0 415250 4152A0 415350 415430 4158C0 415900 415A30 415AB0 419B10 419BA0 419C50 419CC0 419D00 419D60 419DE0 419FD0 41A040 42D3B0 42D400 42D560 42D570 42D5B0 42D600 42D6A0 42D980 42DA00 42DA70 42DB60 42DBA0 42DD70 42DDF0 42DF40 42E370 42E8B0 42E970 42E990 42E9A0 42E9B0 42E9E0 42EA10 42EA30 42EAB0 42EB30 42EBD0 42ECA0 42EEC0 42F070 42F0F0 42F2D0 42FA80 444B50 444C60 444C70 444FD0 444FF0 4450B0 4450D0 445190 4464C0 4464E0 4465D0 4465F0 446750 446780 4467C0 446810 446960 45E850 45F640 45FFB0 464450 464480 4644C0 464500 464520 464570 4646F0 464980 4649F0 465E30 468BB0 46B400 46BC80 46DA20 485BA0 48DDD0 48DF50 48ED40 490AE0 4931C0 4931E0 493350 497AF0 497B60 498720 498770 4987C0 498810
0x92:0x1D,Graph92_1D_DrawWrappedBitmapTextAndCountLines,sub_485D50,172,4035A0 403680 407AE0 407B10 407B30 407F20 408E30 408E50 409030 409080 409110 409170 409190 4091B0 409290 4092B0 4092E0 409710 4097B0 409800 409A80 40A530 40A620 40A9A0 40A9E0 40ADF0 40AF50 40B080 40B0D0 40B130 40B200 40B320 40B3B0 40B4B0 40B5D0 40B6F0 40B9B0 40BC10 40BC60 40CA70 40CAE0 40CBF0 40CCD0 40CDD0 40CFF0 40D200 40D220 40D440 40D4A0 40D670 40D820 40DA40 40DAD0 40DB60 40DCE0 40DE60 40DF80 40DFF0 40E050 40E0D0 40E150 40E190 40E1F0 40E2E0 40E3E0 413900 413930 414C20 414C60 414D10 414F00 414F50 415000 4150E0 415250 4152A0 415350 415430 4158C0 415900 415A30 415AB0 419B10 419BA0 419C50 419CC0 419D00 419D60 419DE0 419FD0 41A040 42D3B0 42D400 42D560 42D570 42D5B0 42D600 42D6A0 42D980 42DA00 42DA70 42DB60 42DBA0 42DD70 42DDF0 42DF40 42E370 42E8B0 42E970 42E990 42E9A0 42E9B0 42E9E0 42EA10 42EA30 42EAB0 42EB30 42EBD0 42ECA0 42EEC0 42F070 42F0F0 42F2D0 42FA80 444B50 444C60 444C70 444FD0 444FF0 4450B0 4450D0 445190 4464C0 4464E0 4465D0 4465F0 446750 446780 4467C0 446810 446960 45E850 45F640 45FFB0 464450 464480 4644C0 464500 464520 464570 4646F0 464980 4649F0 465E30 468BB0 46B400 46BC80 46DA20 485D50 48DDD0 48DF50 48ED40 490AE0 4931C0 4931E0 493350 497AF0 497B60 498720 498770 4987C0 498810
0x92:0x1E,Graph92_1E_DrawBitmapText,sub_485F10,151,403710 403840 4039E0 407AE0 407B10 407B30 407F20 408E30 408E50 409030 409080 409110 409170 409190 4091B0 40A530 40A620 40A9A0 40A9E0 40ADF0 40AF50 40B080 40B0D0 40B130 40B200 40B320 40B3B0 40B4B0 40B5D0 40B6F0 40B9B0 40BC10 40BC60 40CA70 40CAE0 40CBF0 40CCD0 40CDD0 40CFF0 40D200 40D220 40D440 40D4A0 40D670 40D820 40DA40 40DAD0 40DB60 40DCE0 40DE60 40DF80 40DFF0 40E050 40E0D0 40E150 40E190 40E1F0 40E2E0 40E3E0 413900 413930 414C20 414C60 414D10 414F00 414F50 415000 4150E0 415250 4152A0 415350 415430 4158C0 415900 415A30 415AB0 419B10 419BA0 419C50 419CC0 419D00 419D60 419DE0 419FD0 41A040 42D3B0 42D400 42D560 42D570 42D5B0 42D600 42DA70 42F3F0 42F430 42F470 42F4F0 42F550 42F5F0 42F790 42F950 42F9B0 42FA50 42FA80 444B50 444C60 444C70 444FD0 444FF0 4450B0 4450D0 445190 4464C0 4464E0 4465D0 4465F0 446750 446780 4467C0 446810 446960 45E850 45F640 45FFB0 464450 464480 4644C0 464500 464520 464570 4646F0 464980 4649F0 465E30 468BB0 46B400 46BC80 46DA20 485F10 48DDD0 48DF50 48ED40 490AE0 4931C0 4931E0 493350 497AF0 497B60 498720 498770 4987C0 498810
0x92:0x1F,Graph92_1F_LoadExternalBmp,sub_486090,100,402030 4020D0 402110 402420 407B30 407B60 407C40 407C90 407CF0 407DA0 407F00 407F20 4080B0 408300 408870 408880 408A10 408DC0 408E30 408E50 408E90 40ADF0 42D3B0 42D400 42D520 42D560 42D570 42D5B0 42D5D0 42D600 42D650 42EA80 42FA80 430260 4302C0 444C60 444C70 444FD0 444FF0 4450B0 4450D0 445190 4461E0 446750 446780 4467B0 4467C0 4468A0 45E850 45F640 45FFB0 463B60 463D90 463EB0 464450 464480 4644C0 464500 464520 464570 4646F0 464980 4649F0 464B80 4652E0 465320 465580 4658D0 4659C0 465E30 468FA0 4691A0 4692D0 469460 469710 4697E0 469AB0 469B80 469D50 469EE0 46B400 46BB70 46BB80 46BC80 46DA20 46F800 486090 48DDD0 48DF50 48ED40 490AE0 4922C0 4922D0 4931C0 4931E0 493350 498720 498770 4987C0 498810
0x92:0x88,Graph92_88_SetTextObjectValue,sub_4860D0,145,407AE0 407B10 407B30 407B90 407BA0 409030 409080 4090B0 4090E0 409110 409170 409190 4091B0 40A530 40A620 40A9A0 40A9E0 40ADF0 40AF50 40B080 40B0D0 40B130 40B200 40B320 40B3B0 40B4B0 40B5D0 40B6F0 40B9B0 40BC10 40BC60 40CA70 40CAE0 40CBF0 40CCD0 40CDD0 40CFF0 40D200 40D220 40D440 40D4A0 40D670 40D820 40DA40 40DAD0 40DB60 40DCE0 40DE60 40DF80 40DFF0 40E050 40E0D0 40E150 40E190 40E1F0 40E2E0 40E3E0 413900 413930 414C20 414C60 414D10 414F00 414F50 415000 4150E0 415250 4152A0 415350 415430 4158C0 415900 415A30 415AB0 419B10 419BA0 419C50 419CC0 419D00 419D60 419DE0 419FD0 41A040 41AEE0 41C1D0 42B3B0 42CA00 42CA30 42D3B0 42D400 42D560 42D570 42D5B0 42D600 430830 430CD0 430D10 430DD0 430EF0 431130 431150 431200 4314F0 4406C0 440B00 443260 444B50 444C60 444FD0 444FF0 4450B0 445190 4464C0 4464E0 4465D0 4465F0 446750 446780 4467C0 446810 446960 45E850 45F640 45FFB0 462CB0 464450 464480 4644C0 464500 464520 464570 4646F0 464980 4649F0 465E30 46B400 46BC80 46DA20 4860D0 48ED40 490AE0 498720 498770 4987C0 498810
0x92:0x89,Graph92_89_CompositeResourceIntoTextObject,sub_486110,155,407AE0 407B10 407B30 407B90 407BA0 407F20 408E30 408E50 409030 409080 4090B0 4090E0 409110 409170 409190 4091B0 40A530 40A620 40A9A0 40A9E0 40ADF0 40AF50 40B080 40B0D0 40B130 40B200 40B320 40B3B0 40B4B0 40B5D0 40B6F0 40B9B0 40BC10 40BC60 40CA70 40CAE0 40CBF0 40CCD0 40CDD0 40CFF0 40D200 40D220 40D440 40D4A0 40D670 40D820 40DA40 40DAD0 40DB60 40DCE0 40DE60 40DF80 40DFF0 40E050 40E0D0 40E150 40E190 40E1F0 40E2E0 40E3E0 413900 413930 414C20 414C60 414D10 414F00 414F50 415000 4150E0 415250 4152A0 415350 415430 4158C0 415900 415A30 415AB0 419B10 419BA0 419C50 419CC0 419D00 419D60 419DE0 419FD0 41A040 41AEE0 41C1D0 42B400 42CA30 42CD30 42D3B0 42D400 42D560 42D570 42D5B0 42D600 430830 430CD0 430D10 430DD0 430EF0 431130 431150 431200 4314F0 4406C0 440B80 443240 443260 444B50 444C60 444FD0 444FF0 4450B0 445190 4464C0 4464E0 4465D0 4465F0 446750 446780 4467C0 446810 446960 45E850 45F640 45FFB0 462CF0 464450 464480 4644C0 464500 464520 464570 4646F0 464980 4649F0 465E30 46B400 46BC80 46DA20 486110 48ED40 490AE0 4931C0 4931E0 493350 497B60 497C40 497DB0 498720 498770 4987C0 498810
0x92:0x8A,Graph92_8A_SetTextObjectAuxiliaryValue,sub_486220,149,407AE0 407B10 407B30 407B90 407BA0 409030 409080 4090B0 4090E0 409110 409170 409190 4091B0 40A530 40A620 40A710 40A7C0 40A840 40A910 40A9A0 40A9E0 40ADF0 40AF50 40B080 40B0D0 40B130 40B200 40B320 40B3B0 40B4B0 40B5D0 40B6F0 40B9B0 40BC10 40BC60 40CA70 40CAE0 40CBF0 40CCD0 40CDD0 40CFF0 40D200 40D220 40D440 40D4A0 40D670 40D820 40DA40 40DAD0 40DB60 40DCE0 40DE60 40DF80 40DFF0 40E050 40E0D0 40E150 40E190 40E1F0 40E2E0 40E3E0 413900 413930 414C20 414C60 414D10 414F00 414F50 415000 4150E0 415250 4152A0 415350 415430 4158C0 415900 415A30 415AB0 419B10 419BA0 419C50 419CC0 419D00 419D60 419DE0 419FD0 41A040 41AEE0 41C1D0 42B3C0 42CA00 42CA30 42D3B0 42D400 42D560 42D570 42D5B0 42D600 430830 430CD0 430D10 430DD0 430EF0 431130 431150 431200 4314F0 4406C0 440B50 443260 444B50 444C60 444FD0 444FF0 4450B0 445190 4464C0 4464E0 4465D0 4465F0 446750 446780 4467C0 446810 446960 45E850 45F640 45FFB0 462CC0 464450 464480 4644C0 464500 464520 464570 4646F0 464980 4649F0 465E30 46B400 46BC80 46DA20 486220 48ED40 490AE0 498720 498770 4987C0 498810
0x92:0x8C,Graph92_8C_SetTextObjectUpdateFlag,sub_486260,145,407AE0 407B10 407B30 407B90 407BA0 409030 409080 4090B0 4090E0 409110 409170 409190 4091B0 40A530 40A620 40A9A0 40A9E0 40ADF0 40AF50 40B080 40B0D0 40B130 40B200 40B320 40B3B0 40B4B0 40B5D0 40B6F0 40B9B0 40BC10 40BC60 40CA70 40CAE0 40CBF0 40CCD0 40CDD0 40CFF0 40D200 40D220 40D440 40D4A0 40D670 40D820 40DA40 40DAD0 40DB60 40DCE0 40DE60 40DF80 40DFF0 40E050 40E0D0 40E150 40E190 40E1F0 40E2E0 40E3E0 413900 413930 414C20 414C60 414D10 414F00 414F50 415000 4150E0 415250 4152A0 415350 415430 4158C0 415900 415A30 415AB0 419B10 419BA0 419C50 419CC0 419D00 419D60 419DE0 419FD0 41A040 41AEE0 41C1D0 42B540 42CA00 42CA30 42D3B0 42D400 42D560 42D570 42D5B0 42D600 430830 430CD0 430D10 430DD0 430EF0 431130 431150 431200 4314F0 4406C0 440DC0 443260 444B50 444C60 444FD0 444FF0 4450B0 445190 4464C0 4464E0 4465D0 4465F0 446750 446780 4467C0 446810 446960 45E850 45F640 45FFB0 462F00 464450 464480 4644C0 464500 464520 464570 4646F0 464980 4649F0 465E30 46B400 46BC80 46DA20 486260 48ED40 490AE0 498720 498770 4987C0 498810
0x92:0x8D,Graph92_8D_ApplyEffectResource,sub_4862A0,161,407AE0 407B10 407B30 407B90 407BA0 407F20 408E30 408E50 409030 409080 4090B0 4090E0 409110 409170 409190 4091B0 40A530 40A620 40A9A0 40A9E0 40ADF0 40AF50 40B080 40B0D0 40B130 40B200 40B320 40B3B0 40B4B0 40B5D0 40B6F0 40B9B0 40BC10 40BC60 40CA70 40CAE0 40CBF0 40CCD0 40CDD0 40CFF0 40D200 40D220 40D440 40D4A0 40D670 40D820 40DA40 40DAD0 40DB60 40DCE0 40DE60 40DF80 40DFF0 40E050 40E0D0 40E150 40E190 40E1F0 40E2E0 40E3E0 413900 413930 414C20 414C60 414D10 414F00 414F50 415000 4150E0 415250 4152A0 415350 415430 4158C0 415900 415A30 415AB0 419B10 419BA0 419C50 419CC0 419D00 419D60 419DE0 419FD0 41A040 41AEE0 41C1D0 42B560 42B5B0 42C280 42C2A0 42C2D0 42C460 42C540 42CA30 42CD30 42D3B0 42D400 42D560 42D570 42D5B0 42D600 430830 430CD0 430D10 430DD0 430EF0 431130 431150 431200 4314F0 4406C0 440E10 443240 443260 444B50 444C60 444FD0 444FF0 4450B0 445190 4464C0 4464E0 4465D0 4465F0 446750 446780 4467C0 446810 446960 45E850 45F640 45FFB0 462F10 464450 464480 4644C0 464500 464520 464570 4646F0 464980 4649F0 465E30 46B400 46BC80 46DA20 4862A0 48ED40 490AE0 4931C0 4931E0 493350 497B60 497C40 497DB0 498720 498770 4987C0 498810
0x92:0x8E,Graph92_8E_ResetTextObject,sub_4863B0,166,407AE0 407B10 407B30 407B90 407BA0 409030 409080 4090B0 4090E0 409110 409170 409190 4091B0 40A530 40A620 40A9A0 40A9E0 40ADF0 40AF50 40B080 40B0D0 40B130 40B200 40B320 40B3B0 40B4B0 40B5D0 40B6F0 40B9B0 40BC10 40BC60 40CA70 40CAE0 40CBF0 40CCD0 40CDD0 40CFF0 40D200 40D220 40D440 40D4A0 40D670 40D820 40DA40 40DAD0 40DB60 40DCE0 40DE60 40DF80 40DFF0 40E050 40E0D0 40E150 40E190 40E1F0 40E2E0 40E3E0 413900 413930 414C20 414C60 414D10 414F00 414F50 415000 4150E0 415250 4152A0 415350 415430 4158C0 415900 415A30 415AB0 419B10 419BA0 419C50 419CC0 419D00 419D60 419DE0 419FD0 41A040 41AEE0 41AF60 41C1D0 42B9B0 42BAB0 42BBB0 42BBD0 42C2A0 42C570 42C5B0 42CA00 42CA30 42CD30 42CD70 42D3B0 42D400 42D560 42D570 42D5B0 42D600 430570 430770 430830 430CD0 430D10 430D20 430DD0 430EF0 431120 431130 431140 431150 431200 4312E0 431320 4314F0 4406C0 440F80 442E10 443260 444B50 444C60 444FD0 444FF0 4450B0 445190 4461E0 4464C0 4464E0 4465D0 4465F0 446750 446780 4467B0 4467C0 446810 4468A0 446960 44C760 45E850 45F640 45FFB0 4630F0 464450 464480 4644C0 464500 464520 464570 4646F0 464980 4649F0 465E30 46B400 46BC80 46DA20 4863B0 48ED40 490AE0 498720 498770 4987C0 498810
0x92:0x90,Graph92_90_StartStyledMessage,sub_4863E0,210,407AE0 407B10 407B30 407B90 407BA0 409030 409080 4090B0 4090E0 409110 409170 409190 4091B0 4097B0 40A530 40A620 40A9A0 40A9E0 40ADF0 40AF50 40B080 40B0D0 40B130 40B200 40B320 40B3B0 40B4B0 40B5D0 40B6F0 40B9B0 40BC10 40BC60 40CA70 40CAE0 40CBF0 40CCD0 40CDD0 40CFF0 40D200 40D220 40D440 40D4A0 40D670 40D820 40DA40 40DAD0 40DB60 40DCE0 40DE60 40DF80 40DFF0 40E050 40E0D0 40E150 40E190 40E1F0 40E2E0 40E3E0 413900 413930 414C20 414C60 414D10 414F00 414F50 415000 4150E0 415250 4152A0 415350 415430 4158C0 415900 415A30 415AB0 419B10 419BA0 419C50 419CC0 419D00 419D60 419DE0 419FD0 41A040 41AEE0 41C1D0 42B540 42B550 42BAB0 42BBB0 42C2A0 42C450 42C460 42C490 42C4A0 42C4C0 42C520 42C570 42C5A0 42C700 42C720 42CA00 42CA30 42CD30 42CD70 42D3B0 42D400 42D560 42D570 42D5B0 42D600 430830 430CD0 430D10 430DD0 430EF0 431130 431150 431200 4314F0 4318F0 431A40 432BC0 4335C0 4335D0 4335E0 4335F0 4337D0 4341D0 434DA0 434DE0 434E00 434E30 4350C0 437030 438190 4406C0 443260 444B50 444C60 444C70 444FC0 444FD0 444FF0 4450B0 445190 4451C0 4464C0 4464E0 4465D0 4465F0 446750 446780 4467C0 446810 446960 44DBA0 45E580 45E600 45E750 45E850 45E880 45E8D0 45F640 45FFB0 461090 4610A0 4610B0 4610C0 464450 464480 4644C0 464500 464520 464570 4646F0 464980 4649F0 465E30 46B190 46B400 46BC80 46D550 46D560 46D660 46D6C0 46D720 46D810 46D830 46DA20 46DB00 46DB40 46DC80 46DE30 46DF00 4863E0 48DDD0 48DF50 48E680 48EBC0 48ED40 48EE70 490AE0 491220 497B40 498720 498770 4987C0 498810 49A230
0x92:0x91,Graph92_91_DrawFormattedText,sub_486500,249,407AE0 407B10 407B30 407B90 407BA0 407BE0 409030 409080 4090B0 4090E0 409110 409170 409190 4091B0 409290 4092B0 4092E0 4094C0 409790 4097B0 409A80 40A530 40A620 40A710 40A7C0 40A840 40A910 40A9A0 40A9E0 40ADF0 40AF50 40B080 40B0D0 40B130 40B200 40B320 40B3B0 40B4B0 40B5D0 40B6F0 40B9B0 40BC10 40BC60 40CA70 40CAE0 40CBF0 40CCD0 40CDD0 40CFF0 40D200 40D220 40D440 40D4A0 40D670 40D820 40DA40 40DAD0 40DB60 40DCE0 40DE60 40DF80 40DFF0 40E050 40E0D0 40E150 40E190 40E1F0 40E2E0 40E3E0 40E860 40E890 413900 413930 414C20 414C60 414D10 414F00 414F50 415000 4150E0 415250 4152A0 415350 415430 4158C0 415900 415A30 415AB0 4188D0 419B10 419BA0 419C50 419CC0 419D00 419D60 419DE0 419FD0 41A040 41AEE0 41C1D0 42B540 42B550 42B710 42BAB0 42BBB0 42C2A0 42C450 42C490 42C520 42C570 42C5A0 42C700 42C720 42CA30 42CD30 42CD70 42D3B0 42D400 42D560 42D570 42D5B0 42D600 42D6A0 42D980 42DA00 42DA70 42DB60 42DBA0 42DD70 42DDF0 42DF40 42E370 42E8B0 42E970 42E990 42E9A0 42E9B0 42E9C0 42E9E0 42E9F0 42EA10 42EA80 42EAB0 42EB30 42EBD0 42ECA0 42EEC0 42F070 42F0F0 42F2D0 42FA80 430830 430CD0 430D10 430DD0 430EF0 431130 431150 431200 4314F0 432E30 433000 433030 433060 433180 4344D0 434500 434520 434730 4347D0 434810 434840 4348C0 434920 434A40 434B50 434C50 434E30 434F00 435290 436FF0 437030 437080 4370A0 437110 4372A0 437940 437A10 437AB0 437B10 437B70 437BD0 437C00 437CB0 437E30 437E40 438060 438270 4383D0 438B10 438C10 438F60 439020 439120 4406C0 440F10 443260 444B50 444C60 444C70 444FD0 444FF0 4450B0 445190 4464C0 4464E0 4465D0 4465F0 446750 446780 4467C0 446810 446960 45E850 45F640 45FFB0 4630A0 464450 464480 4644C0 464500 464520 464570 4646F0 464980 4649F0 465E30 46B400 46BC80 46DA20 486500 48DDD0 48DF50 48ED40 490AE0 498720 498770 4987C0 498810
0x92:0x97,Graph92_97_SetPersistentTextStyleFields,sub_4865E0,5,434440 4450B0 4632C0 468BB0 4865E0
0x92:0x98,Graph92_98_ConfigureTextBitmapSlot,sub_486650,130,407AE0 407B30 407F20 408E30 408E50 409030 409110 409170 409190 4091B0 40A530 40A620 40A9A0 40A9E0 40ADF0 40AF50 40B080 40B0D0 40B130 40B200 40B320 40B3B0 40B4B0 40B5D0 40B6F0 40B9B0 40BC10 40BC60 40CA70 40CAE0 40CBF0 40CCD0 40CDD0 40CFF0 40D200 40D220 40D440 40D4A0 40D670 40D820 40DA40 40DAD0 40DB60 40DCE0 40DE60 40DF80 40DFF0 40E050 40E0D0 40E150 40E190 40E1F0 40E2E0 40E3E0 413900 413930 414C20 414C60 414D10 414F00 414F50 415000 4150E0 415250 4152A0 415350 415430 4158C0 415900 415A30 415AB0 419B10 419BA0 419C50 419CC0 419D00 419D60 419DE0 419FD0 41A040 42D3B0 42D400 42D560 42D570 42D5B0 42D600 432E30 432E40 444B50 444C60 444FD0 444FF0 4450B0 445190 4464C0 4464E0 4465D0 4465F0 446750 446780 4467C0 446810 446960 45E850 45F640 45FFB0 463190 464450 464480 4644C0 464500 464520 464570 4646F0 464980 4649F0 465E30 46B400 46BC80 46DA20 486650 48ED40 490AE0 4931C0 4931E0 493350 498720 498770 4987C0 498810
0x92:0x9B,Graph92_9B_GetTextOutputPair,sub_486760,38,42D3B0 42D400 42D560 42D570 42D5B0 42D600 434410 444C60 444C70 444FD0 444FF0 4450B0 445190 45E850 45F640 45FFB0 463320 464450 464480 4644C0 464500 464520 464570 4646F0 464980 4649F0 465E30 46B400 46BC80 46DA20 486760 48DDD0 48DF50 48ED40 498720 498770 4987C0 498810
0x92:0x9C,Graph92_9C_RenderText,sub_4867D0,219,4035A0 403B10 407AE0 407B10 407B30 407BE0 407F20 408E30 408E50 409030 409080 409110 409170 409190 4091B0 409290 4092B0 4092E0 4094C0 409790 4097B0 409A80 40A530 40A620 40A710 40A7C0 40A840 40A910 40A9A0 40A9E0 40ADF0 40AF50 40B080 40B0D0 40B130 40B200 40B320 40B3B0 40B4B0 40B5D0 40B6F0 40B9B0 40BC10 40BC60 40CA70 40CAE0 40CBF0 40CCD0 40CDD0 40CFF0 40D200 40D220 40D440 40D4A0 40D670 40D820 40DA40 40DAD0 40DB60 40DCE0 40DE60 40DF80 40DFF0 40E050 40E0D0 40E150 40E190 40E1F0 40E2E0 40E3E0 40E860 40E890 413900 413930 414C20 414C60 414D10 414F00 414F50 415000 4150E0 415250 4152A0 415350 415430 4158C0 415900 415A30 415AB0 4188D0 419B10 419BA0 419C50 419CC0 419D00 419D60 419DE0 419FD0 41A040 42D3B0 42D400 42D560 42D570 42D5B0 42D600 42D6A0 42D980 42DA00 42DA70 42DB60 42DBA0 42DD70 42DDF0 42DF40 42E370 42E8B0 42E970 42E990 42E9A0 42E9B0 42E9C0 42E9E0 42E9F0 42EA10 42EA80 42EAB0 42EB30 42EBD0 42ECA0 42EEC0 42F070 42F0F0 42F2D0 42FA80 432E30 433000 433030 433060 433180 4344D0 434500 434520 434730 4347D0 434810 434840 4348C0 434A40 434B50 434BA0 434C50 434E30 434F00 435290 436FF0 437030 437080 4370A0 437110 4372A0 437940 437A10 437AB0 437B10 437B70 437BD0 437C00 437CB0 437E30 437E40 438060 444B50 444C60 444C70 444FD0 444FF0 4450B0 4450D0 445190 4464C0 4464E0 4465D0 4465F0 446750 446780 4467C0 446810 446960 45E850 45F640 45FFB0 464450 464480 4644C0 464500 464520 464570 4646F0 464980 4649F0 465E30 468BB0 46B400 46BC80 46DA20 4867D0 48DDD0 48DF50 48ED40 490AE0 4931C0 4931E0 493350 497AF0 497B60 498720 498770 4987C0 498810
0x92:0x9D,Graph92_9D_ConfigureFontOverride,sub_486A50,7,42EAB0 437FA0 4450B0 4450D0 463350 468BB0 486A50
0x92:0x9E,Graph92_9E_DrainTextFragmentRecords,sub_486B30,40,42D3B0 42D400 42D560 42D570 42D5B0 42D600 437E30 437EB0 444C60 444C70 444FD0 444FF0 4450B0 4450D0 445190 45E850 45F640 45FFB0 463330 464450 464480 4644C0 464500 464520 464570 4646F0 464980 4649F0 465E30 46B400 46BC80 46DA20 486B30 48DDD0 48DF50 48ED40 498720 498770 4987C0 498810
0x92:0x9F,Graph92_9F_SetTextRenderOverride,sub_486B60,4,438050 4450B0 463370 486B60
0x92:0xF0,Graph92_F0_OpenGlobalDirectShowMovie,sub_486B80,59,406720 4068B0 406910 406970 4069D0 406CA0 406D30 406D40 42D3B0 42D400 42D560 42D570 42D5B0 42D600 42EA80 42FA80 444C60 444C70 444FD0 444FF0 4450B0 4450D0 445190 44C860 45B690 45BE60 45E850 45F640 45FFB0 464450 464480 4644C0 464500 464520 464570 4646F0 464980 4649F0 464B80 465E30 466440 4666C0 467BB0 46B400 46BC80 46DA20 46F800 486B80 48DDD0 48DF50 48ED40 48EF80 48F0E0 48F270 48F680 498720 498770 4987C0 498810
0x92:0xF1,Graph92_F1_LoadBurikoMovieResource,sub_486C40,62,406720 406970 406CA0 406D30 406D40 42D3B0 42D400 42D560 42D570 42D5B0 42D600 42EA80 42FA80 4318F0 439690 439AE0 43D0D0 43D1A0 444C60 444C70 444FC0 444FD0 444FF0 4450B0 445190 4451C0 446060 446190 451DE0 452100 45E850 45F640 45FFB0 464450 464480 4644C0 464500 464520 464570 4646F0 464980 4649F0 464B80 465E30 466400 466430 466440 466550 4665C0 46B400 46BC80 46DA20 46F800 486C40 48DDD0 48DF50 48ED40 497EA0 498720 498770 4987C0 498810
0x92:0xF2,Graph92_F2_OpenBitmapDirectShowMovie,sub_486D30,70,406720 4068B0 406910 406970 4069D0 406CA0 406D30 406D40 4083F0 408870 408880 408890 408A10 408AB0 42D3B0 42D400 42D560 42D570 42D5B0 42D600 42EA80 42FA80 444C60 444C70 444FD0 444FF0 4450B0 4450D0 445190 44C860 44C940 44C9D0 44D080 44D450 44D790 45BB20 45BE40 45BE60 45E850 45F640 45FFB0 464450 464480 4644C0 464500 464520 464570 4646F0 464980 4649F0 464B80 465E30 466440 467BB0 46B400 46BC80 46DA20 46F800 486D30 48DDD0 48DF50 48ED40 48F7B0 4964C0 4964E0 496540 498720 498770 4987C0 498810
0x92:0xF4,Graph92_F4_SeekBitmapDirectShowMovie,sub_486E10,7,4085A0 408A90 4450B0 4450D0 44D2C0 486E10 48F8E0
0x92:0xF5,Graph92_F5_GetBitmapDirectShowMoviePosition,sub_486EA0,41,408600 408A90 42D3B0 42D400 42D560 42D570 42D5B0 42D600 444C60 444C70 444FD0 444FF0 4450B0 4450D0 445190 44D390 45E850 45F640 45FFB0 464450 464480 4644C0 464500 464520 464570 4646F0 464980 4649F0 465E30 46B400 46BC80 46DA20 486EA0 48DDD0 48DF50 48ED40 48F8F0 498720 498770 4987C0 498810
0x92:0xF6,Graph92_F6_SetBitmapDirectShowMovieVolume,sub_486F10,7,408650 408A90 4450B0 4450D0 44D450 486F10 48F900
0xA0:0x00,SoundA0_00_QueryChannelCount,sub_487010,2,4450D0 487010
0xA0:0x08,SoundA0_08_SetBgmPrimaryVolume,sub_487030,36,42D3B0 42D400 42D560 42D570 42D5B0 42D600 444C60 444FD0 444FF0 4450B0 445190 45E850 45F640 45FFB0 464450 464480 4644C0 464500 464520 464570 4646F0 464980 4649F0 465E30 46B400 46BC80 46DA20 487030 48ED40 493B60 4979F0 497A40 498720 498770 4987C0 498810
0xA0:0x09,SoundA0_09_SetSePrimaryVolume,sub_487070,36,42D3B0 42D400 42D560 42D570 42D5B0 42D600 444C60 444FD0 444FF0 4450B0 445190 45E850 45F640 45FFB0 464450 464480 4644C0 464500 464520 464570 4646F0 464980 4649F0 465E30 46B400 46BC80 46DA20 487070 48ED40 493B90 497950 4979F0 498720 498770 4987C0 498810
0xA0:0x10,SoundA0_10_LoadBgmFile,sub_4870B0,43,42D3B0 42D400 42D560 42D570 42D5B0 42D600 42EA80 42FA80 444C60 444C70 444FD0 444FF0 4450B0 445190 45E850 45F640 45FFB0 464450 464480 4644C0 464500 464520 464570 4646F0 464980 4649F0 464B80 465E30 46B400 46BC80 46DA20 46F800 4870B0 48DDD0 48DF50 48ED40 493C00 4979F0 497A40 498720 498770 4987C0 498810
0xA0:0x11,SoundA0_11_LoadBgmArchive,sub_487180,54,406720 406970 4069D0 406CA0 406D30 406D40 42D3B0 42D400 42D560 42D570 42D5B0 42D600 42EA80 42FA80 444C60 444C70 444FD0 444FF0 4450B0 445190 45E850 45F640 45FFB0 464450 464480 4644C0 464500 464520 464570 4646F0 464980 4649F0 464B80 465A20 465E30 46B400 46BC80 46DA20 46F6F0 46F710 46F800 487180 48DDD0 48DF50 48ED40 493CB0 493DB0 4979A0 4979F0 497A40 498720 498770 4987C0 498810
0xA0:0x12,SoundA0_12_LoadBgmPair,sub_487280,54,406720 406970 4069D0 406CA0 406D30 406D40 42D3B0 42D400 42D560 42D570 42D5B0 42D600 42EA80 42FA80 444C60 444C70 444FD0 444FF0 4450B0 445190 45E850 45F640 45FFB0 464450 464480 4644C0 464500 464520 464570 4646F0 464980 4649F0 464B80 465A20 465E30 46B400 46BC80 46DA20 46F6F0 46F710 46F800 487280 48DDD0 48DF50 48ED40 493F70 4940D0 4979A0 4979F0 497A40 498720 498770 4987C0 498810
0xA0:0x14,SoundA0_14_ControlBgm,sub_4873C0,34,42D3B0 42D400 42D560 42D570 42D5B0 42D600 444C60 444FD0 444FF0 4450B0 445190 45E850 45F640 45FFB0 464450 464480 4644C0 464500 464520 464570 4646F0 464980 4649F0 465E30 46B400 46BC80 46DA20 4873C0 48ED40 497A40 498720 498770 4987C0 498810
0xA0:0x15,SoundA0_15_QueryBgmState,sub_487400,39,42D3B0 42D400 42D560 42D570 42D5B0 42D600 444C60 444C70 444FD0 444FF0 4450B0 4450D0 445190 45E850 45F640 45FFB0 464450 464480 4644C0 464500 464520 464570 4646F0 464980 4649F0 465E30 46B400 46BC80 46DA20 487400 48DDD0 48DF50 48ED40 4942B0 497A40 498720 498770 4987C0 498810
0xA0:0x16,SoundA0_16_SetBgmVolume,sub_487450,35,42D3B0 42D400 42D560 42D570 42D5B0 42D600 444C60 444FD0 444FF0 4450B0 445190 45E850 45F640 45FFB0 464450 464480 4644C0 464500 464520 464570 4646F0 464980 4649F0 465E30 46B400 46BC80 46DA20 487450 48ED40 4979F0 497A40 498720 498770 4987C0 498810
0xA0:0x17,SoundA0_17_SetBgmPan,sub_4874A0,35,42D3B0 42D400 42D560 42D570 42D5B0 42D600 444C60 444FD0 444FF0 4450B0 445190 45E850 45F640 45FFB0 464450 464480 4644C0 464500 464520 464570 4646F0 464980 4649F0 465E30 46B400 46BC80 46DA20 4874A0 48ED40 4979A0 497A40 498720 498770 4987C0 498810
0xA0:0x18,SoundA0_18_FadeBgmToFull,sub_4874E0,34,42D3B0 42D400 42D560 42D570 42D5B0 42D600 444C60 444FD0 444FF0 4450B0 445190 45E850 45F640 45FFB0 464450 464480 4644C0 464500 464520 464570 4646F0 464980 4649F0 465E30 46B400 46BC80 46DA20 4874E0 48ED40 497A40 498720 498770 4987C0 498810
0xA0:0x19,SoundA0_19_FadeBgmToSilence,sub_487520,34,42D3B0 42D400 42D560 42D570 42D5B0 42D600 444C60 444FD0 444FF0 4450B0 445190 45E850 45F640 45FFB0 464450 464480 4644C0 464500 464520 464570 4646F0 464980 4649F0 465E30 46B400 46BC80 46DA20 487520 48ED40 497A40 498720 498770 4987C0 498810
0xA0:0x1C,SoundA0_1C_SetBgmSecondaryVolume,sub_487560,35,42D3B0 42D400 42D560 42D570 42D5B0 42D600 444C60 444FD0 444FF0 4450B0 445190 45E850 45F640 45FFB0 464450 464480 4644C0 464500 464520 464570 4646F0 464980 4649F0 465E30 46B400 46BC80 46DA20 487560 48ED40 4979F0 497A40 498720 498770 4987C0 498810
0xA0:0x20,SoundA0_20_LoadSe,sub_4875A0,62,406720 406970 406CA0 406D30 406D40 42D3B0 42D400 42D560 42D570 42D5B0 42D600 42EA80 42FA80 4318F0 439690 439AE0 439EF0 43D0D0 43D1A0 444C60 444C70 444FC0 444FD0 444FF0 4450B0 445190 4451C0 446060 446190 45E850 45F640 45FFB0 464450 464480 4644C0 464500 464520 464570 4646F0 464980 4649F0 464B80 465E30 466400 466430 466440 466550 4665C0 46B400 46BC80 46DA20 46F800 4875A0 48DDD0 48DF50 48ED40 497950 497EA0 498720 498770 4987C0 498810
0xA0:0x21,SoundA0_21_LoadSeScaled,sub_487650,62,406720 406970 406CA0 406D30 406D40 42D3B0 42D400 42D560 42D570 42D5B0 42D600 42EA80 42FA80 4318F0 439690 439AE0 439EF0 43D0D0 43D1A0 444C60 444C70 444FC0 444FD0 444FF0 4450B0 445190 4451C0 446060 446190 45E850 45F640 45FFB0 464450 464480 4644C0 464500 464520 464570 4646F0 464980 4649F0 464B80 465E30 466400 466430 466440 466550 4665C0 46B400 46BC80 46DA20 46F800 487650 48DDD0 48DF50 48ED40 497950 497EA0 498720 498770 4987C0 498810
0xA0:0x22,SoundA0_22_ReleaseSe,sub_487740,35,42D3B0 42D400 42D560 42D570 42D5B0 42D600 444C60 444FD0 444FF0 4450B0 445190 45E850 45F640 45FFB0 464450 464480 4644C0 464500 464520 464570 4646F0 464980 4649F0 465E30 46B400 46BC80 46DA20 487740 48ED40 494380 497950 498720 498770 4987C0 498810
0xA0:0x23,SoundA0_23_LoadSeDoubleRate,sub_487770,62,406720 406970 406CA0 406D30 406D40 42D3B0 42D400 42D560 42D570 42D5B0 42D600 42EA80 42FA80 4318F0 439690 439AE0 439EF0 43D0D0 43D1A0 444C60 444C70 444FC0 444FD0 444FF0 4450B0 445190 4451C0 446060 446190 45E850 45F640 45FFB0 464450 464480 4644C0 464500 464520 464570 4646F0 464980 4649F0 464B80 465E30 466400 466430 466440 466550 4665C0 46B400 46BC80 46DA20 46F800 487770 48DDD0 48DF50 48ED40 497950 497EA0 498720 498770 4987C0 498810
0xA0:0x24,SoundA0_24_PlaySe,sub_487860,39,42D3B0 42D400 42D560 42D570 42D5B0 42D600 444C60 444FD0 444FF0 4450B0 4450D0 445190 45E850 45F640 45FFB0 464450 464480 4644C0 464500 464520 464570 4646F0 464980 4649F0 465E30 46B400 46BC80 46DA20 487860 48ED40 4943A0 4943E0 497950 4979A0 4979F0 498720 498770 4987C0 498810
0xA0:0x25,SoundA0_25_StopSe,sub_4878F0,34,42D3B0 42D400 42D560 42D570 42D5B0 42D600 444C60 444FD0 444FF0 4450B0 445190 45E850 45F640 45FFB0 464450 464480 4644C0 464500 464520 464570 4646F0 464980 4649F0 465E30 46B400 46BC80 46DA20 4878F0 48ED40 497950 498720 498770 4987C0 498810
0xA0:0x26,SoundA0_26_FadeSeToSilence,sub_487920,35,42D3B0 42D400 42D560 42D570 42D5B0 42D600 444C60 444FD0 444FF0 4450B0 445190 45E850 45F640 45FFB0 464450 464480 4644C0 464500 464520 464570 4646F0 464980 4649F0 465E30 46B400 46BC80 46DA20 487920 48ED40 4943D0 497950 498720 498770 4987C0 498810
0xA0:0x27,SoundA0_27_LoadSeCustomRate,sub_487960,62,406720 406970 406CA0 406D30 406D40 42D3B0 42D400 42D560 42D570 42D5B0 42D600 42EA80 42FA80 4318F0 439690 439AE0 439EF0 43D0D0 43D1A0 444C60 444C70 444FC0 444FD0 444FF0 4450B0 445190 4451C0 446060 446190 45E850 45F640 45FFB0 464450 464480 4644C0 464500 464520 464570 4646F0 464980 4649F0 464B80 465E30 466400 466430 466440 466550 4665C0 46B400 46BC80 46DA20 46F800 487960 48DDD0 48DF50 48ED40 497950 497EA0 498720 498770 4987C0 498810
0xA0:0x28,SoundA0_28_RegisterSeMemory,sub_487A70,43,42D3B0 42D400 42D560 42D570 42D5B0 42D600 4318F0 43D0D0 43D1A0 444C60 444C70 444FC0 444FD0 444FF0 4450B0 445190 4451C0 452530 45E850 45F640 45FFB0 464450 464480 4644C0 464500 464520 464570 4646F0 464980 4649F0 465E30 46B400 46BC80 46DA20 487A70 48DDD0 48DF50 48ED40 497950 498720 498770 4987C0 498810
0xA0:0x2C,SoundA0_2C_SetSeSecondaryVolume,sub_487B60,35,42D3B0 42D400 42D560 42D570 42D5B0 42D600 444C60 444FD0 444FF0 4450B0 445190 45E850 45F640 45FFB0 464450 464480 4644C0 464500 464520 464570 4646F0 464980 4649F0 465E30 46B400 46BC80 46DA20 487B60 48ED40 497950 4979F0 498720 498770 4987C0 498810
0xA0:0x2F,SoundA0_2F_GetSePosition,sub_487BA0,36,42D3B0 42D400 42D560 42D570 42D5B0 42D600 444C60 444FD0 444FF0 4450B0 4450D0 445190 45E850 45F640 45FFB0 464450 464480 4644C0 464500 464520 464570 4646F0 464980 4649F0 465E30 46B400 46BC80 46DA20 487BA0 48ED40 4943E0 497950 498720 498770 4987C0 498810
0xA0:0x80,SoundA0_80_OpenCdAudio,sub_487BE0,5,42EA80 42FA80 487BE0 48D640 48D7C0
0xA0:0x81,SoundA0_81_CloseCdAudio,sub_487BF0,2,487BF0 48D7C0
0xA0:0x84,SoundA0_84_PlayCdTrack,sub_487C00,5,4450B0 4450D0 487C00 48D7F0 48D850
0xA0:0x85,SoundA0_85_StopCdAudio,sub_487C40,2,487C40 48D8F0
0xA0:0x86,SoundA0_86_QueryCdMode,sub_487C50,38,42D3B0 42D400 42D560 42D570 42D5B0 42D600 444C60 444C70 444FD0 444FF0 4450B0 4450D0 445190 45E850 45F640 45FFB0 464450 464480 4644C0 464500 464520 464570 4646F0 464980 4649F0 465E30 46B400 46BC80 46DA20 487C50 48D910 48DDD0 48DF50 48ED40 498720 498770 4987C0 498810
0xA0:0xC0,SoundA0_C0_PlayWaveAsync,sub_487C80,38,42D3B0 42D400 42D560 42D570 42D5B0 42D600 444C60 444C70 444FD0 444FF0 4450B0 4450D0 445190 45E850 45F640 45FFB0 464450 464480 4644C0 464500 464520 464570 4646F0 464980 4649F0 465E30 46B400 46BC80 46DA20 487C80 48DDD0 48DF50 48ED40 4944D0 498720 498770 4987C0 498810
0xB0:0x00,UserB0_00_DrawBitmapToWindow,sub_478030,56,407B30 407B40 407F20 408E30 408E50 42D3B0 42D400 42D560 42D570 42D5B0 42D600 444C60 444FD0 444FF0 4450B0 445190 45E580 45E600 45E750 45E850 45E880 45E8D0 45EBB0 45ECF0 45F640 45FFB0 461090 4610A0 4610B0 4610C0 4617E0 461980 4619C0 464450 464480 4644C0 464500 464520 464570 4646F0 464980 4649F0 465E30 46B400 46BC80 46DA20 478030 48ED40 4931C0 4931E0 493350 497B60 498720 498770 4987C0 498810
0xB0:0x02,UserB0_02_CenterMainWindow,sub_4780C0,10,4450D0 45E4D0 45E580 45E750 45F640 4610E0 4610F0 4615E0 461690 4780C0
0xB0:0x03,UserB0_03_SetMainWindowPosition,sub_4780E0,15,4450B0 4450D0 45E4D0 45E580 45E750 45F640 4610D0 4610E0 4610F0 4615E0 46F930 4780E0 49A110 49A150 49A220
0xB0:0x04,UserB0_04_BindCursorObject,sub_478170,67,41AD60 42D3B0 42D400 42D560 42D570 42D5B0 42D600 43E5D0 43F050 43F350 43F8B0 43FD30 4406C0 441240 4419C0 442220 442610 442E50 443260 443270 443310 443380 4434C0 444C60 444FD0 444FF0 4450B0 445190 45E580 45E600 45E750 45E850 45E880 45E8D0 45F640 45FFB0 461090 4610A0 4610B0 4610C0 461D80 461F10 461F20 461F50 464450 464480 4644C0 464500 464520 464570 4646F0 464980 4649F0 465E30 46B190 46B400 46BC80 46DA20 478170 48E680 48EBD0 48EC80 48ED40 498720 498770 4987C0 498810
0xB0:0x05,UserB0_05_SetCursorIdleTimeout,sub_4781C0,22,41AD60 43E5D0 43F050 43F350 43F8B0 43FD30 4406C0 441240 4419C0 442220 442610 443260 443270 443380 4450B0 461D80 461F20 4781C0 48E850 48ED40 48ED90 498720
0xB0:0x06,UserB0_06_QueryCursorVisible,sub_4781E0,4,4450D0 4781E0 48EDE0 48EE20
0xB0:0x08,UserB0_08_ShakeScreen,sub_478200,69,42D3B0 42D400 42D560 42D570 42D5B0 42D600 4318F0 43CBD0 43CCE0 444C60 444FC0 444FD0 444FF0 4450B0 445190 4451C0 45E580 45E600 45E750 45E850 45E880 45E8D0 45F640 45FFB0 461090 4610A0 4610B0 4610C0 461D10 464450 464480 4644C0 464500 464520 464570 4646F0 464980 4649F0 465E30 46B190 46B400 46BC80 46D550 46D560 46D660 46D6C0 46D720 46D7A0 46D7B0 46D810 46D830 46DA20 46DB00 46DB40 46DC80 46DE30 46DF00 46E5C0 478200 48E680 48EBC0 48ED40 48EE70 497B40 498720 498770 4987C0 498810 49A230
0xB0:0x10,UserB0_10_CreateDebugWindow,sub_4783D0,49,407B10 407B30 409030 409080 409110 409190 4091B0 40A710 40A7C0 40A840 40A910 42D3B0 42D400 42D560 42D570 42D5B0 42D600 42FB00 444C60 444C70 444FD0 444FF0 4450B0 4450D0 445190 45E850 45F640 45FFB0 464450 464480 4644C0 464500 464520 464570 4646F0 464980 4649F0 465E30 46B400 46BC80 46DA20 4783D0 48DDD0 48DF50 48ED40 498720 498770 4987C0 498810
0xB0:0x11,UserB0_11_CloseDebugWindow,sub_4784A0,35,42D3B0 42D400 42D560 42D570 42D5B0 42D600 42FBE0 42FC40 444C60 444FD0 444FF0 4450B0 445190 45E850 45F640 45FFB0 464450 464480 4644C0 464500 464520 464570 4646F0 464980 4649F0 465E30 46B400 46BC80 46DA20 4784A0 48ED40 498720 498770 4987C0 498810
0xB0:0x14,UserB0_14_SetDebugWindowVisible,sub_4784D0,35,42D3B0 42D400 42D560 42D570 42D5B0 42D600 42FBE0 42FC70 444C60 444FD0 444FF0 4450B0 445190 45E850 45F640 45FFB0 464450 464480 4644C0 464500 464520 464570 4646F0 464980 4649F0 465E30 46B400 46BC80 46DA20 4784D0 48ED40 498720 498770 4987C0 498810
0xB0:0x15,UserB0_15_SetDebugWindowTitle,sub_478510,38,42D3B0 42D400 42D560 42D570 42D5B0 42D600 42FBE0 42FD50 444C60 444C70 444FD0 444FF0 4450B0 445190 45E850 45F640 45FFB0 464450 464480 4644C0 464500 464520 464570 4646F0 464980 4649F0 465E30 46B400 46BC80 46DA20 478510 48DDD0 48DF50 48ED40 498720 498770 4987C0 498810
0xB0:0x16,UserB0_16_MoveDebugWindow,sub_478550,35,42D3B0 42D400 42D560 42D570 42D5B0 42D600 42FBE0 42FCC0 444C60 444FD0 444FF0 4450B0 445190 45E850 45F640 45FFB0 464450 464480 4644C0 464500 464520 464570 4646F0 464980 4649F0 465E30 46B400 46BC80 46DA20 478550 48ED40 498720 498770 4987C0 498810
0xB0:0x17,UserB0_17_GetDebugWindowPosition,sub_4785A0,36,42D3B0 42D400 42D560 42D570 42D5B0 42D600 42FBE0 42FD00 444C60 444FD0 444FF0 4450B0 4450D0 445190 45E850 45F640 45FFB0 464450 464480 4644C0 464500 464520 464570 4646F0 464980 4649F0 465E30 46B400 46BC80 46DA20 4785A0 48ED40 498720 498770 4987C0 498810
0xB0:0x18,UserB0_18_ClearDebugWindow,sub_4785F0,56,407B30 407B40 409110 409190 4091B0 40A710 40A7C0 40A840 40A910 42D3B0 42D400 42D560 42D570 42D5B0 42D600 42FBE0 42FD80 444C60 444FD0 444FF0 4450B0 445190 45E580 45E600 45E750 45E850 45E880 45E8D0 45EBB0 45ECF0 45F640 45FFB0 461090 4610A0 4610B0 4610C0 4617E0 464450 464480 4644C0 464500 464520 464570 4646F0 464980 4649F0 465E30 46B400 46BC80 46DA20 4785F0 48ED40 498720 498770 4987C0 498810
0xB0:0x19,UserB0_19_DrawDebugBitmap,sub_478630,144,407AE0 407B30 407B40 407F20 408E30 408E50 409110 409170 409190 4091B0 40A530 40A620 40A9A0 40A9E0 40ADF0 40AF50 40B080 40B0D0 40B130 40B200 40B320 40B3B0 40B4B0 40B5D0 40B6F0 40B9B0 40BC10 40BC60 40CA70 40CAE0 40CBF0 40CCD0 40CDD0 40CFF0 40D200 40D220 40D440 40D4A0 40D670 40D820 40DA40 40DAD0 40DB60 40DCE0 40DE60 40DF80 40DFF0 40E050 40E0D0 40E150 40E190 40E1F0 40E2E0 40E3E0 413900 413930 414C20 414C60 414D10 414F00 414F50 415000 4150E0 415250 4152A0 415350 415430 4158C0 415900 415A30 415AB0 419B10 419BA0 419C50 419CC0 419D00 419D60 419DE0 419FD0 41A040 42D3B0 42D400 42D560 42D570 42D5B0 42D600 42FBE0 42FDE0 444B50 444C60 444FD0 444FF0 4450B0 445190 4464C0 4464E0 4465D0 4465F0 446750 446780 4467C0 446810 446960 45E580 45E600 45E750 45E850 45E880 45E8D0 45EBB0 45ECF0 45F640 45FFB0 461090 4610A0 4610B0 4610C0 4617E0 464450 464480 4644C0 464500 464520 464570 4646F0 464980 4649F0 465E30 46B400 46BC80 46DA20 478630 48ED40 490AE0 4931C0 4931E0 493350 497B60 497C40 497DB0 498720 498770 4987C0 498810
0xB0:0x1A,UserB0_1A_DrawDebugText,sub_478780,179,407AE0 407B10 407B30 407B40 409030 409080 409110 409170 409190 4091B0 409290 4092B0 4092E0 409710 4097B0 4097D0 409800 409A80 40A530 40A620 40A9A0 40A9E0 40ADF0 40AF50 40B080 40B0D0 40B130 40B200 40B320 40B3B0 40B4B0 40B5D0 40B6F0 40B9B0 40BC10 40BC60 40CA70 40CAE0 40CBF0 40CCD0 40CDD0 40CFF0 40D200 40D220 40D440 40D4A0 40D670 40D820 40DA40 40DAD0 40DB60 40DCE0 40DE60 40DF80 40DFF0 40E050 40E0D0 40E150 40E190 40E1F0 40E2E0 40E3E0 413900 413930 414C20 414C60 414D10 414F00 414F50 415000 4150E0 415250 4152A0 415350 415430 4158C0 415900 415A30 415AB0 419B10 419BA0 419C50 419CC0 419D00 419D60 419DE0 419FD0 41A040 42D3B0 42D400 42D560 42D570 42D5B0 42D600 42D6A0 42D980 42DA00 42DA70 42DB60 42DBA0 42DD70 42DDF0 42DF40 42E370 42E8B0 42E970 42E990 42E9A0 42E9B0 42E9E0 42EA10 42EA30 42EAB0 42EB30 42EBD0 42ECA0 42EEC0 42F070 42F0F0 42F2D0 42FA80 42FBE0 42FEE0 444B50 444C60 444C70 444FD0 444FF0 4450B0 4450D0 445190 4464C0 4464E0 4465D0 4465F0 446750 446780 4467C0 446810 446960 45E580 45E600 45E750 45E850 45E880 45E8D0 45EBB0 45ECF0 45F640 45FFB0 461090 4610A0 4610B0 4610C0 4617E0 464450 464480 4644C0 464500 464520 464570 4646F0 464980 4649F0 465E30 468BB0 46B400 46BC80 46DA20 478780 48DDD0 48DF50 48ED40 490AE0 497AF0 498720 498770 4987C0 498810
0xB0:0x1C,UserB0_1C_SetDebugWindowCloseMessage,sub_478920,38,42D3B0 42D400 42D560 42D570 42D5B0 42D600 42FBE0 42FFD0 444C60 444C70 444FD0 444FF0 4450B0 445190 45E850 45F640 45FFB0 464450 464480 4644C0 464500 464520 464570 4646F0 464980 4649F0 465E30 46B400 46BC80 46DA20 478920 48DDD0 48DF50 48ED40 498720 498770 4987C0 498810
0xB0:0x20,UserB0_20_CreateEditControl,sub_478960,60,4090B0 4090E0 409110 42D3B0 42D400 42D560 42D570 42D5B0 42D600 42DA70 430830 430D10 443240 444C60 444FD0 444FF0 4450B0 445190 45E580 45E600 45E750 45E850 45E880 45E8D0 45EB60 45EBB0 45ECF0 45F640 45FFB0 461090 4610A0 4610B0 4610C0 461CB0 461D80 463F20 464190 464210 4642D0 464370 464450 464480 4644C0 464500 464520 464570 4646F0 464980 4649F0 465E30 468BB0 46B400 46BC80 46DA20 478960 48ED40 498720 498770 4987C0 498810
0xB0:0x21,UserB0_21_DestroyEditControl,sub_478AD0,7,4450D0 45E850 45F640 45FFB0 464190 464210 478AD0
0xB0:0x22,UserB0_22_SetEditFontScale,sub_478AF0,4,4450B0 4450D0 4641F0 478AF0
0xB0:0x23,UserB0_23_QueryEditActive,sub_478B20,3,4450D0 464280 478B20
0xB0:0x24,UserB0_24_SetEditVisible,sub_478B40,3,4450B0 464210 478B40
0xB0:0x25,UserB0_25_SetEditColor,sub_478B60,3,4450B0 464290 478B60
0xB0:0x26,UserB0_26_SetEditText,sub_478B80,37,42D3B0 42D400 42D560 42D570 42D5B0 42D600 444C60 444C70 444FD0 444FF0 4450B0 445190 45E850 45F640 45FFB0 464300 464450 464480 4644C0 464500 464520 464570 4646F0 464980 4649F0 465E30 46B400 46BC80 46DA20 478B80 48DDD0 48DF50 48ED40 498720 498770 4987C0 498810
0xB0:0x27,UserB0_27_GetEditText,sub_478BA0,38,42D3B0 42D400 42D560 42D570 42D5B0 42D600 444C60 444C70 444FD0 444FF0 4450B0 4450D0 445190 45E850 45F640 45FFB0 464320 464450 464480 4644C0 464500 464520 464570 4646F0 464980 4649F0 465E30 46B400 46BC80 46DA20 478BA0 48DDD0 48DF50 48ED40 498720 498770 4987C0 498810
0xB0:0x28,UserB0_28_SetEditHideOnEnter,sub_478BD0,3,4450B0 464350 478BD0
0xB0:0x29,UserB0_29_SetEditPrintableInput,sub_478BF0,3,4450B0 464360 478BF0
0xB0:0x80,UserB0_80_ShowMessage,sub_478C10,36,42D3B0 42D400 42D560 42D570 42D5B0 42D600 444C60 444C70 444FD0 444FF0 4450B0 445190 45E850 45F640 45FFB0 464450 464480 4644C0 464500 464520 464570 4646F0 464980 4649F0 465E30 46B400 46BC80 46DA20 478C10 48DDD0 48DF50 48ED40 498720 498770 4987C0 498810
0xB0:0x81,UserB0_81_ShowYesNoMessage,sub_478C40,37,42D3B0 42D400 42D560 42D570 42D5B0 42D600 444C60 444C70 444FD0 444FF0 4450B0 4450D0 445190 45E850 45F640 45FFB0 464450 464480 4644C0 464500 464520 464570 4646F0 464980 4649F0 465E30 46B400 46BC80 46DA20 478C40 48DDD0 48DF50 48ED40 498720 498770 4987C0 498810
0xB0:0x82,UserB0_82_ShowTypedMessage,sub_478CA0,37,42D3B0 42D400 42D560 42D570 42D5B0 42D600 444C60 444C70 444FD0 444FF0 4450B0 4450D0 445190 45E850 45F640 45FFB0 464450 464480 4644C0 464500 464520 464570 4646F0 464980 4649F0 465E30 46B400 46BC80 46DA20 478CA0 48DDD0 48DF50 48ED40 498720 498770 4987C0 498810
0xB0:0x83,UserB0_83_SetMessageTitle,sub_478D50,37,42D3B0 42D400 42D560 42D570 42D5B0 42D600 444C60 444C70 444FD0 444FF0 4450B0 445190 45E850 45F640 45FFB0 464450 464480 4644C0 464500 464520 464570 4646F0 464980 4649F0 465E30 46B400 46BC30 46BC80 46DA20 478D50 48DDD0 48DF50 48ED40 498720 498770 4987C0 498810
0xB0:0x84,UserB0_84_ShowInputDialog,sub_478D70,42,42D3B0 42D400 42D560 42D570 42D5B0 42D600 444C60 444C70 444FD0 444FF0 4450B0 4450D0 445190 45C870 45CB10 45E850 45F640 45FFB0 464450 464480 4644C0 464500 464520 464570 4646F0 464980 4649F0 465E30 46B400 46BC80 46DA20 46F6F0 46F710 478D70 48DDD0 48DF50 48ED40 498720 498770 4987C0 498810 49A220
0xB0:0x85,UserB0_85_ShowMultiFieldDialog,sub_478DC0,44,42D3B0 42D400 42D560 42D570 42D5B0 42D600 444C60 444C70 444FD0 444FF0 4450B0 4450D0 445190 45C870 45C880 45C8B0 45CBC0 45CEC0 45E850 45F640 45FFB0 464450 464480 4644C0 464500 464520 464570 4646F0 464980 4649F0 465E30 46B400 46BC80 46DA20 472B90 478DC0 48DDD0 48DF50 48ED40 498720 498770 4987C0 498810 49A220
0xB0:0x86,UserB0_86_ShowSelectionDialog,sub_478E60,45,42D3B0 42D400 42D560 42D570 42D5B0 42D600 42FA80 444C60 444C70 444FD0 444FF0 4450B0 4450D0 445190 45C870 45CF90 45CFC0 45D110 45D3A0 45E850 45F640 45FFB0 464450 464480 4644C0 464500 464520 464570 4646F0 464980 4649F0 465E30 46B400 46BC80 46DA20 472B90 478E60 48DDD0 48DF50 48ED40 498720 498770 4987C0 498810 49A220
0xB0:0x87,UserB0_87_ShowExtendedDialog,sub_478EC0,44,42D3B0 42D400 42D560 42D570 42D5B0 42D600 444C60 444C70 444FD0 444FF0 4450B0 4450D0 445190 45C870 45C880 45C8B0 45CBC0 45CEC0 45E850 45F640 45FFB0 464450 464480 4644C0 464500 464520 464570 4646F0 464980 4649F0 465E30 46B400 46BC80 46DA20 472B90 478EC0 48DDD0 48DF50 48ED40 498720 498770 4987C0 498810 49A220
0xB0:0x8C,UserB0_8C_ShowPathDialog,sub_478F80,42,42D3B0 42D400 42D560 42D570 42D5B0 42D600 444C60 444C70 444FD0 444FF0 4450B0 4450D0 445190 45C870 45DB40 45DD50 45E850 45F640 45FFB0 464450 464480 4644C0 464500 464520 464570 4646F0 464980 4649F0 465E30 46B400 46BC80 46DA20 472B90 478F80 48DDD0 48DF50 48ED40 498720 498770 4987C0 498810 49A220
0xB0:0x8F,UserB0_8F_ShowSixFieldDialog,sub_478FD0,44,42D3B0 42D400 42D560 42D570 42D5B0 42D600 444C60 444C70 444FD0 444FF0 4450B0 4450D0 445190 45C870 45D470 45D500 45DAA0 45E850 45F640 45FFB0 464450 464480 4644C0 464500 464520 464570 4646F0 464980 4649F0 465E30 46B400 46BC80 46DA20 472B90 478FD0 48DDD0 48DF50 48ED40 495970 498720 498770 4987C0 498810 49A220
0xB0:0xA0,UserB0_A0_CreateModelessDialog,sub_479040,44,42D3B0 42D400 42D560 42D570 42D5B0 42D600 444C60 444C70 444FD0 444FF0 4450B0 4450D0 445190 45C870 45DE00 45DE20 45DED0 45E310 45E850 45F640 45FFB0 464450 464480 4644C0 464500 464520 464570 4646F0 464980 4649F0 465E30 46B400 46BC80 46DA20 472B90 479040 48DDD0 48DF50 48ED40 498720 498770 4987C0 498810 49A220
0xB0:0xA1,UserB0_A1_CloseModelessDialog,sub_479090,6,4450B0 4450D0 45DDE0 45DE70 45E3B0 479090
0xB0:0xA2,UserB0_A2_SetModelessDialogVisible,sub_4790C0,8,4450B0 4450D0 45DDE0 45E420 45E850 45F640 45FFB0 4790C0
0xB0:0xA3,UserB0_A3_PollModelessDialog,sub_479100,39,42D3B0 42D400 42D560 42D570 42D5B0 42D600 444C60 444C70 444FD0 444FF0 4450B0 4450D0 445190 45DDE0 45DE70 45E850 45F640 45FFB0 464450 464480 4644C0 464500 464520 464570 4646F0 464980 4649F0 465E30 46B400 46BC80 46DA20 479100 48DDD0 48DF50 48ED40 498720 498770 4987C0 498810
0xB0:0xC0,UserB0_C0_InternFontName,sub_479190,39,42D3B0 42D400 42D560 42D570 42D5B0 42D600 42D780 444C60 444C70 444FD0 444FF0 4450B0 4450D0 445190 45E850 45F640 45FFB0 464450 464480 4644C0 464500 464520 464570 4646F0 464980 4649F0 465E30 468A70 46B400 46BC80 46DA20 479190 48DDD0 48DF50 48ED40 498720 498770 4987C0 498810
0xB0:0xC1,UserB0_C1_InternFontNameWithOption,sub_4791C0,39,42D3B0 42D400 42D560 42D570 42D5B0 42D600 42D780 444C60 444C70 444FD0 444FF0 4450B0 4450D0 445190 45E850 45F640 45FFB0 464450 464480 4644C0 464500 464520 464570 4646F0 464980 4649F0 465E30 468A70 46B400 46BC80 46DA20 4791C0 48DDD0 48DF50 48ED40 498720 498770 4987C0 498810
0xB0:0xC2,UserB0_C2_RegisterFontResource,sub_4791F0,89,402030 406720 406A50 406A70 406AF0 406CA0 406D30 406D40 42D3B0 42D400 42D520 42D560 42D570 42D5B0 42D5D0 42D600 42D650 42EA80 42FA80 444C60 444C70 444FD0 444FF0 4450B0 4450D0 445190 4461E0 446750 446780 4467B0 4467C0 4468A0 45E850 45F640 45FFB0 463B60 463D90 463EB0 464450 464480 4644C0 464500 464520 464570 4646F0 464980 4649F0 464B80 4652E0 465320 465580 4656C0 4658B0 4658D0 4659C0 465A20 465AB0 465E30 4662E0 468BD0 468FA0 4691A0 4692D0 469460 469710 4697E0 469AB0 469B80 469D50 469EE0 46B400 46BB70 46BB80 46BC80 46DA20 46F6F0 46F710 46F800 4791F0 48DDD0 48DF50 48ED40 490AE0 4922C0 4922D0 498720 498770 4987C0 498810
0xB0:0xC3,UserB0_C3_RegisterArchiveFontResource,sub_479220,89,402030 406720 406A50 406A70 406AF0 406CA0 406D30 406D40 42D3B0 42D400 42D520 42D560 42D570 42D5B0 42D5D0 42D600 42D650 42EA80 42FA80 444C60 444C70 444FD0 444FF0 4450B0 4450D0 445190 4461E0 446750 446780 4467B0 4467C0 4468A0 45E850 45F640 45FFB0 463B60 463D90 463EB0 464450 464480 4644C0 464500 464520 464570 4646F0 464980 4649F0 464B80 4652E0 465320 465580 4656C0 4658B0 4658D0 4659C0 465A20 465AB0 465E30 4662E0 468BD0 468FA0 4691A0 4692D0 469460 469710 4697E0 469AB0 469B80 469D50 469EE0 46B400 46BB70 46BB80 46BC80 46DA20 46F6F0 46F710 46F800 479220 48DDD0 48DF50 48ED40 490AE0 4922C0 4922D0 498720 498770 4987C0 498810
0xB0:0xC4,UserB0_C4_QueryFontAvailable,sub_479260,40,42D3B0 42D400 42D560 42D570 42D5B0 42D600 42DAE0 42EC50 444C60 444C70 444FD0 444FF0 4450B0 4450D0 445190 45E850 45F640 45FFB0 464450 464480 4644C0 464500 464520 464570 4646F0 464980 4649F0 465E30 468F50 46B400 46BC80 46DA20 479260 48DDD0 48DF50 48ED40 498720 498770 4987C0 498810
0xB0:0xC6,UserB0_C6_QueryFontCapability,sub_479290,41,42D3B0 42D400 42D560 42D570 42D5B0 42D600 42DB60 42DBA0 42ECA0 444C60 444C70 444FD0 444FF0 4450B0 4450D0 445190 45E850 45F640 45FFB0 464450 464480 4644C0 464500 464520 464570 4646F0 464980 4649F0 465E30 468F70 46B400 46BC80 46DA20 479290 48DDD0 48DF50 48ED40 498720 498770 4987C0 498810
0xB0:0xC7,UserB0_C7_SetFontAlias,sub_4792C0,38,42D3B0 42D400 42D560 42D570 42D5B0 42D600 42D820 444C60 444C70 444FD0 444FF0 4450B0 445190 45E850 45F640 45FFB0 464450 464480 4644C0 464500 464520 464570 4646F0 464980 4649F0 465E30 468F60 46B400 46BC80 46DA20 4792C0 48DDD0 48DF50 48ED40 498720 498770 4987C0 498810
0xB0:0xF0,UserB0_F0_SetDesktopWallpaper,sub_4792F0,37,42D3B0 42D400 42D560 42D570 42D5B0 42D600 444C60 444C70 444FD0 444FF0 4450B0 445190 45E850 45F640 45FFB0 464450 464480 4644C0 464500 464520 464570 4646F0 464980 4649F0 465E30 46B400 46BC80 46DA20 4792F0 48DDD0 48DF50 48ED40 498720 498770 4987C0 498810 498D30
0xC0:0x00,UserC0_00_CreateParticleScreen,sub_4755B0,88,407B10 407B30 409030 409080 409110 409190 4091B0 40A620 41A400 41ACD0 41AD40 41AD60 41ADA0 41ADE0 41ADF0 41AE00 41AF00 41AF60 41B2D0 41B320 41B370 41B520 41B580 41B600 41B620 41B660 41B6A0 41B6E0 41B8B0 41BEA0 41BEB0 41BED0 41BEF0 41BF10 41C020 41C0B0 41C1C0 4243C0 4246E0 424850 424B40 424BA0 424C30 424C90 42D3B0 42D400 42D560 42D570 42D5B0 42D600 430260 4306F0 4312B0 431320 441130 444C60 444FD0 444FF0 4450B0 4450D0 445190 44DC30 44F080 44F140 45E850 45F640 45FFB0 464450 464480 4644C0 464500 464520 464570 4646F0 464980 4649F0 465E30 46B400 46BC80 46DA20 4755B0 48ED40 490CD0 493130 498720 498770 4987C0 498810
0xC0:0x01,UserC0_01_ReleaseParticleScreen,sub_475650,41,41AF60 42D3B0 42D400 42D560 42D570 42D5B0 42D600 430770 4312E0 431320 441240 441280 443260 444C60 444FD0 444FF0 4450B0 445190 45E850 45F640 45FFB0 464450 464480 4644C0 464500 464520 464570 4646F0 464980 4649F0 465E30 46B400 46BC80 46DA20 475650 48ED40 490CE0 498720 498770 4987C0 498810
0xC0:0x04,UserC0_04_SetParticleScreenEnabled,sub_475680,37,42D3B0 42D400 42D560 42D570 42D5B0 42D600 441240 441300 443260 444C60 444FD0 444FF0 4450B0 445190 45E850 45F640 45FFB0 464450 464480 4644C0 464500 464520 464570 4646F0 464980 4649F0 465E30 46B400 46BC80 46DA20 475680 48ED40 490CF0 498720 498770 4987C0 498810
0xC0:0x05,UserC0_05_ConfigureParticleScreenDisplay,sub_4756C0,49,41AF60 41B600 42B360 42D3B0 42D400 42D560 42D570 42D5B0 42D600 4306F0 430770 4307D0 4312B0 4312E0 431320 441240 441370 443260 444C60 444FD0 444FF0 4450B0 445190 45E850 45F640 45FFB0 464450 464480 4644C0 464500 464520 464570 4646F0 464980 4649F0 465E30 46B400 46BC80 46DA20 4756C0 48ED40 490D00 497BB0 497C40 497DB0 498720 498770 4987C0 498810
0xC0:0x06,UserC0_06_ConfigureParticleFrameTables,sub_475750,62,407B10 407B30 409030 409080 409110 409190 4091B0 40A620 41AF00 41AF60 41C020 4246E0 424B40 424BA0 424C30 424C90 42D3B0 42D400 42D560 42D570 42D5B0 42D600 4306F0 430770 4307D0 4312B0 4312E0 431320 441240 4413E0 443260 444C60 444C70 444FD0 444FF0 4450B0 445190 45E850 45F640 45FFB0 464450 464480 4644C0 464500 464520 464570 4646F0 464980 4649F0 465E30 46B400 46BC80 46DA20 475750 48DDD0 48DF50 48ED40 490D20 498720 498770 4987C0 498810
0xC0:0x08,UserC0_08_CommitParticleScreen,sub_475800,142,407AE0 4090B0 4090E0 409110 409170 409190 4091B0 40A530 40A620 40A9A0 40A9E0 40ADF0 40AF50 40B080 40B0D0 40B130 40B200 40B320 40B3B0 40B4B0 40B5D0 40B6F0 40B9B0 40BC10 40BC60 40CA70 40CAE0 40CBF0 40CCD0 40CDD0 40CFF0 40D200 40D220 40D440 40D4A0 40D670 40D820 40DA40 40DAD0 40DB60 40DCE0 40DE60 40DF80 40DFF0 40E050 40E0D0 40E150 40E190 40E1F0 40E2E0 40E3E0 413900 413930 414C20 414C60 414D10 414F00 414F50 415000 4150E0 415250 4152A0 415350 415430 4158C0 415900 415A30 415AB0 419B10 419BA0 419C50 419CC0 419D00 419D60 419DE0 419FD0 41A040 424890 42D3B0 42D400 42D560 42D570 42D5B0 42D600 430830 430D10 441240 441480 443240 443260 444B50 444C60 444FD0 444FF0 4450B0 445190 4464C0 4464E0 4465D0 4465F0 446750 446780 4467C0 446810 446960 44DAC0 44DAF0 44E230 44E8E0 44E9E0 44EAE0 44ED30 44ED40 44EFF0 44F010 44F020 44F060 44F070 45E850 45F640 45FFB0 464450 464480 4644C0 464500 464520 464570 4646F0 464980 4649F0 465E30 46B400 46BC80 46DA20 475800 48ED40 490AE0 490D40 498720 498770 4987C0 498810
0xC0:0x09,UserC0_09_SetParticleAutoUpdate,sub_475830,36,42D3B0 42D400 42D560 42D570 42D5B0 42D600 441240 443260 444C60 444FD0 444FF0 4450B0 445190 45E850 45F640 45FFB0 464450 464480 4644C0 464500 464520 464570 4646F0 464980 4649F0 465E30 46B400 46BC80 46DA20 475830 48ED40 490C30 498720 498770 4987C0 498810
0xC0:0x0A,UserC0_0A_SetParticleCapacity,sub_475870,38,41D050 42D3B0 42D400 42D560 42D570 42D5B0 42D600 441240 4414B0 443260 444C60 444FD0 444FF0 4450B0 445190 45E850 45F640 45FFB0 464450 464480 4644C0 464500 464520 464570 4646F0 464980 4649F0 465E30 46B400 46BC80 46DA20 475870 48ED40 490D50 498720 498770 4987C0 498810
0xC0:0x0B,UserC0_0B_ConfigureParticleEmitterTransform,sub_4758B0,39,424A10 42D3B0 42D400 42D560 42D570 42D5B0 42D600 441240 4414E0 443260 444C60 444FD0 444FF0 4450B0 445190 44E150 45E850 45F640 45FFB0 464450 464480 4644C0 464500 464520 464570 4646F0 464980 4649F0 465E30 46B400 46BC80 46DA20 4758B0 48ED40 490D60 498720 498770 4987C0 498810
0xC0:0x0C,UserC0_0C_SetParticleEmissionPercent,sub_4759C0,39,424A50 42D3B0 42D400 42D560 42D570 42D5B0 42D600 441240 441540 443260 444C60 444FD0 444FF0 4450B0 445190 44F0E0 45E850 45F640 45FFB0 464450 464480 4644C0 464500 464520 464570 4646F0 464980 4649F0 465E30 46B400 46BC80 46DA20 4759C0 48ED40 490D90 498720 498770 4987C0 498810
0xC0:0x0D,UserC0_0D_AdvanceParticleScreen,sub_475A40,72,424550 42D3B0 42D400 42D560 42D570 42D5B0 42D600 441240 441580 443260 444B50 444C60 444FD0 444FF0 4450B0 445190 4464C0 4464E0 4465D0 4465F0 446750 446780 4467C0 446810 446960 44D7E0 44DA90 44DAC0 44DB10 44DBA0 44DBB0 44DBE0 44E2E0 44E3F0 44E440 44E4F0 44E610 44E620 44E7C0 44F010 44F020 44F0F0 44F470 44F890 44FC10 44FDD0 44FE00 44FF90 45E850 45F640 45FFB0 464450 464480 4644C0 464500 464520 464570 4646F0 464980 4649F0 465E30 46B400 46BC80 46DA20 475A40 48ED40 490AE0 490DA0 498720 498770 4987C0 498810
0xC0:0x0F,UserC0_0F_ResetParticleScreen,sub_475A80,39,424A60 42D3B0 42D400 42D560 42D570 42D5B0 42D600 441240 4415B0 443260 444C60 444FD0 444FF0 4450B0 445190 44E260 45E850 45F640 45FFB0 464450 464480 4644C0 464500 464520 464570 4646F0 464980 4649F0 465E30 46B400 46BC80 46DA20 475A80 48ED40 490DB0 498720 498770 4987C0 498810
0xC0:0x10,UserC0_10_ConfigureParticleEmitter,sub_475AB0,44,424A70 42D3B0 42D400 42D560 42D570 42D5B0 42D600 441240 4415E0 443260 444C60 444FD0 444FF0 4450B0 445190 44DA90 44E110 44F250 44F3A0 44F400 44F450 45E850 45F640 45FFB0 464450 464480 4644C0 464500 464520 464570 4646F0 464980 4649F0 465E30 46B400 46BC80 46DA20 475AB0 48ED40 490DC0 498720 498770 4987C0 498810
0xC0:0x18,UserC0_18_ConfigureParticleAnimationBank,sub_475B80,52,407B30 407F20 408E30 408E50 409030 42D3B0 42D400 42D560 42D570 42D5B0 42D600 444C60 444FD0 444FF0 4450B0 445190 44D880 44DA20 44DC10 44DDE0 44F7E0 450210 45E850 45F640 45FFB0 464450 464480 4644C0 464500 464520 464570 4646F0 464980 4649F0 465E30 46B400 46BC80 46DA20 475B80 48ED40 490E00 4931C0 4931E0 493350 494D90 495070 4951B0 495320 498720 498770 4987C0 498810
0xC0:0x1A,UserC0_1A_LoadParticleAnimationFrames,sub_475CD0,60,407B30 407F20 408E30 408E50 409030 424560 42D3B0 42D400 42D560 42D570 42D5B0 42D600 441780 444C60 444FD0 444FF0 4450B0 445190 44D880 44DA20 44DA90 44DBE0 44DC10 44DE60 44E380 44F820 44F890 44FDD0 45E850 45F640 45FFB0 464450 464480 4644C0 464500 464520 464570 4646F0 464980 4649F0 465E30 46B400 46BC80 46DA20 475CD0 48ED40 490AE0 490F60 4931C0 4931E0 493350 494D90 495070 4951B0 495320 497E00 498720 498770 4987C0 498810
0xC0:0x1B,UserC0_1B_CommitParticleAnimationFrames,sub_475E40,38,42D3B0 42D400 42D560 42D570 42D5B0 42D600 444C60 444FD0 444FF0 4450B0 445190 44DEC0 44F860 44F890 45E850 45F640 45FFB0 464450 464480 4644C0 464500 464520 464570 4646F0 464980 4649F0 465E30 46B400 46BC80 46DA20 475E40 48ED40 4910C0 497E00 498720 498770 4987C0 498810
0xC0:0x1F,UserC0_1F_SetParticleInterpolationMode,sub_475F20,34,42D3B0 42D400 42D560 42D570 42D5B0 42D600 444C60 444FD0 444FF0 4450B0 445190 45E850 45F640 45FFB0 464450 464480 4644C0 464500 464520 464570 4646F0 464980 4649F0 465E30 46B400 46BC80 46DA20 475F20 48ED40 4910E0 498720 498770 4987C0 498810
0xC0:0x20,UserC0_20_SetParticleStyle0,sub_475F80,40,424AB0 42D3B0 42D400 42D560 42D570 42D5B0 42D600 441240 441640 443260 444C60 444FD0 444FF0 4450B0 445190 44DFB0 44E800 45E850 45F640 45FFB0 464450 464480 4644C0 464500 464520 464570 4646F0 464980 4649F0 465E30 46B400 46BC80 46DA20 475F80 48ED40 491100 498720 498770 4987C0 498810
0xC0:0x24,UserC0_24_DefineParticleStyle0,sub_476040,52,407B30 407F20 408E30 408E50 409030 42D3B0 42D400 42D560 42D570 42D5B0 42D600 444C60 444FD0 444FF0 4450B0 445190 44D880 44DA20 44DC10 44DDE0 44F7E0 450210 45E850 45F640 45FFB0 464450 464480 4644C0 464500 464520 464570 4646F0 464980 4649F0 465E30 46B400 46BC80 46DA20 476040 48ED40 490E00 4931C0 4931E0 493350 494D90 495070 4951B0 495320 498720 498770 4987C0 498810
0xC0:0x25,UserC0_25_ConfigureParticleStyle0,sub_476110,39,42D3B0 42D400 42D560 42D570 42D5B0 42D600 444C60 444C70 444FD0 444FF0 4450B0 445190 44DF10 450170 45E850 45F640 45FFB0 464450 464480 4644C0 464500 464520 464570 4646F0 464980 4649F0 465E30 46B400 46BC80 46DA20 476110 48DDD0 48DF50 48ED40 491120 498720 498770 4987C0 498810
0xC0:0x28,UserC0_28_SetParticleStyle1,sub_476240,40,424AD0 42D3B0 42D400 42D560 42D570 42D5B0 42D600 441240 4416A0 443260 444C60 444FD0 444FF0 4450B0 445190 44DFD0 44E800 45E850 45F640 45FFB0 464450 464480 4644C0 464500 464520 464570 4646F0 464980 4649F0 465E30 46B400 46BC80 46DA20 476240 48ED40 491160 498720 498770 4987C0 498810
0xC0:0x29,UserC0_29_ConfigureParticleStyle1,sub_476300,39,424AF0 42D3B0 42D400 42D560 42D570 42D5B0 42D600 441240 441700 443260 444C60 444FD0 444FF0 4450B0 445190 44DFF0 45E850 45F640 45FFB0 464450 464480 4644C0 464500 464520 464570 4646F0 464980 4649F0 465E30 46B400 46BC80 46DA20 476300 48ED40 491180 498720 498770 4987C0 498810
0xC0:0x2C,UserC0_2C_DefineParticleStyle1,sub_476490,52,407B30 407F20 408E30 408E50 409030 42D3B0 42D400 42D560 42D570 42D5B0 42D600 444C60 444FD0 444FF0 4450B0 445190 44D880 44DA20 44DC10 44DDE0 44F7E0 450210 45E850 45F640 45FFB0 464450 464480 4644C0 464500 464520 464570 4646F0 464980 4649F0 465E30 46B400 46BC80 46DA20 476490 48ED40 490E00 4931C0 4931E0 493350 494D90 495070 4951B0 495320 498720 498770 4987C0 498810
0xC0:0x2D,UserC0_2D_ConfigureParticleAdvancedStyle,sub_476560,39,42D3B0 42D400 42D560 42D570 42D5B0 42D600 444C60 444C70 444FD0 444FF0 4450B0 445190 44DF50 44F6F0 45E850 45F640 45FFB0 464450 464480 4644C0 464500 464520 464570 4646F0 464980 4649F0 465E30 46B400 46BC80 46DA20 476560 48DDD0 48DF50 48ED40 4911D0 498720 498770 4987C0 498810
0xC0:0x40,UserC0_40_CreateRainScreen,sub_476720,78,407B10 407B30 409030 409080 409110 409190 4091B0 40A620 41A400 41ACD0 41AD40 41AD60 41ADA0 41ADE0 41ADF0 41AE00 41AF60 41B2D0 41B320 41B370 41B520 41B580 41B600 41B620 41B660 41B6A0 41B6E0 41B8B0 41BEA0 41BEB0 41BED0 41BEF0 41BF10 41C0B0 41C1C0 424D60 425050 42D3B0 42D400 42D560 42D570 42D5B0 42D600 430260 4306F0 4312B0 431320 4418B0 444C60 444FD0 444FF0 4450B0 4450D0 445190 45E850 45F640 45FFB0 464450 464480 4644C0 464500 464520 464570 4646F0 464980 4649F0 465E30 46B400 46BC80 46DA20 476720 48ED40 492150 493130 498720 498770 4987C0 498810
0xC0:0x41,UserC0_41_ReleaseRainScreen,sub_4767C0,41,41AF60 42D3B0 42D400 42D560 42D570 42D5B0 42D600 430770 4312E0 431320 4419C0 441A00 443260 444C60 444FD0 444FF0 4450B0 445190 45E850 45F640 45FFB0 464450 464480 4644C0 464500 464520 464570 4646F0 464980 4649F0 465E30 46B400 46BC80 46DA20 4767C0 48ED40 492160 498720 498770 4987C0 498810
0xC0:0x42,UserC0_42_InitializeRainScreen,sub_4767F0,52,424F80 42D3B0 42D400 42D560 42D570 42D5B0 42D600 4419C0 441A80 443260 444C60 444FD0 444FF0 4450B0 445190 45E850 45F640 45FFB0 464450 464480 4644C0 464500 464520 464570 4646F0 464980 4649F0 465E30 46B400 46BC80 46DA20 4767F0 48ED40 48FF50 4900A0 490110 490180 490290 490340 490360 4907E0 490800 490920 490980 490990 490A70 490AE0 492170 498720 498770 4987C0 498810
0xC0:0x43,UserC0_43_SetRainTexture,sub_476830,46,407F20 408300 408E30 408E50 41C020 425620 42D3B0 42D400 42D560 42D570 42D5B0 42D600 4419C0 441AB0 443260 444C60 444FD0 444FF0 4450B0 445190 45E850 45F640 45FFB0 464450 464480 4644C0 464500 464520 464570 4646F0 464980 4649F0 465E30 46B400 46BC80 46DA20 476830 48ED40 492180 4931C0 4931E0 493350 498720 498770 4987C0 498810
0xC0:0x44,UserC0_44_SetRainEnabled,sub_4768D0,37,42D3B0 42D400 42D560 42D570 42D5B0 42D600 4419C0 441B30 443260 444C60 444FD0 444FF0 4450B0 445190 45E850 45F640 45FFB0 464450 464480 4644C0 464500 464520 464570 4646F0 464980 4649F0 465E30 46B400 46BC80 46DA20 4768D0 48ED40 492190 498720 498770 4987C0 498810
0xC0:0x45,UserC0_45_ConfigureRainDisplay,sub_476910,49,41AF60 41B600 4255E0 42D3B0 42D400 42D560 42D570 42D5B0 42D600 4306F0 430770 4307D0 4312B0 4312E0 431320 4419C0 441BA0 443260 444C60 444FD0 444FF0 4450B0 445190 45E850 45F640 45FFB0 464450 464480 4644C0 464500 464520 464570 4646F0 464980 4649F0 465E30 46B400 46BC80 46DA20 476910 48ED40 4921A0 497BB0 497C40 497DB0 498720 498770 4987C0 498810
0xC0:0x46,UserC0_46_SetRainVolumeBounds,sub_4769B0,39,425160 42D3B0 42D400 42D560 42D570 42D5B0 42D600 4419C0 441C20 443260 444C60 444FD0 444FF0 4450B0 445190 45E850 45F640 45FFB0 464450 464480 4644C0 464500 464520 464570 4646F0 464980 4649F0 465E30 46B400 46BC80 46DA20 4769B0 48ED40 490110 4921C0 498720 498770 4987C0 498810
0xC0:0x47,UserC0_47_SetRainDropWidth,sub_476A40,39,4251D0 42D3B0 42D400 42D560 42D570 42D5B0 42D600 4419C0 441CB0 443260 444C60 444FD0 444FF0 4450B0 445190 45E850 45F640 45FFB0 464450 464480 4644C0 464500 464520 464570 4646F0 464980 4649F0 465E30 46B400 46BC80 46DA20 476A40 48ED40 490110 4921E0 498720 498770 4987C0 498810
0xC0:0x48,UserC0_48_SetRainDropHeight,sub_476AC0,39,425220 42D3B0 42D400 42D560 42D570 42D5B0 42D600 4419C0 441D30 443260 444C60 444FD0 444FF0 4450B0 445190 45E850 45F640 45FFB0 464450 464480 4644C0 464500 464520 464570 4646F0 464980 4649F0 465E30 46B400 46BC80 46DA20 476AC0 48ED40 490110 4921F0 498720 498770 4987C0 498810
0xC0:0x49,UserC0_49_SetRainColor,sub_476B40,39,425270 42D3B0 42D400 42D560 42D570 42D5B0 42D600 4419C0 441DB0 443260 444C60 444FD0 444FF0 4450B0 445190 45E850 45F640 45FFB0 464450 464480 4644C0 464500 464520 464570 4646F0 464980 4649F0 465E30 46B400 46BC80 46DA20 476B40 48ED40 490110 492200 498720 498770 4987C0 498810
0xC0:0x4A,UserC0_4A_SetRainDensity,sub_476B80,39,4252C0 42D3B0 42D400 42D560 42D570 42D5B0 42D600 4419C0 441E30 443260 444C60 444FD0 444FF0 4450B0 445190 45E850 45F640 45FFB0 464450 464480 4644C0 464500 464520 464570 4646F0 464980 4649F0 465E30 46B400 46BC80 46DA20 476B80 48ED40 490110 492210 498720 498770 4987C0 498810
0xC0:0x4B,UserC0_4B_SetRainSpeed,sub_476BC0,39,425310 42D3B0 42D400 42D560 42D570 42D5B0 42D600 4419C0 441EB0 443260 444C60 444FD0 444FF0 4450B0 445190 45E850 45F640 45FFB0 464450 464480 4644C0 464500 464520 464570 4646F0 464980 4649F0 465E30 46B400 46BC80 46DA20 476BC0 48ED40 490110 492220 498720 498770 4987C0 498810
0xC0:0x4C,UserC0_4C_SetRainOrigin,sub_476C40,39,425360 42D3B0 42D400 42D560 42D570 42D5B0 42D600 4419C0 441F30 443260 444C60 444FD0 444FF0 4450B0 445190 45E850 45F640 45FFB0 464450 464480 4644C0 464500 464520 464570 4646F0 464980 4649F0 465E30 46B400 46BC80 46DA20 476C40 48ED40 490180 492230 498720 498770 4987C0 498810
0xC0:0x4D,UserC0_4D_SetRainDirection,sub_476CA0,39,4253B0 42D3B0 42D400 42D560 42D570 42D5B0 42D600 4419C0 441FB0 443260 444C60 444FD0 444FF0 4450B0 445190 45E850 45F640 45FFB0 464450 464480 4644C0 464500 464520 464570 4646F0 464980 4649F0 465E30 46B400 46BC80 46DA20 476CA0 48ED40 490180 492250 498720 498770 4987C0 498810
0xC0:0x4E,UserC0_4E_SetRainLength,sub_476D00,39,425400 42D3B0 42D400 42D560 42D570 42D5B0 42D600 4419C0 442030 443260 444C60 444FD0 444FF0 4450B0 445190 45E850 45F640 45FFB0 464450 464480 4644C0 464500 464520 464570 4646F0 464980 4649F0 465E30 46B400 46BC80 46DA20 476D00 48ED40 490180 492270 498720 498770 4987C0 498810
0xC0:0x4F,UserC0_4F_SetRainStep,sub_476D80,36,424F60 42D3B0 42D400 42D560 42D570 42D5B0 42D600 444C60 444FD0 444FF0 4450B0 445190 45E850 45F640 45FFB0 461D70 464450 464480 4644C0 464500 464520 464570 4646F0 464980 4649F0 465E30 46B400 46BC80 46DA20 476D80 48ED40 492280 498720 498770 4987C0 498810
0xC0:0xC0,UserC0_C0_CreateSpline,sub_476DF0,5,444070 4441D0 4450D0 476DF0 494930
0xC0:0xC1,UserC0_C1_ReleaseSpline,sub_476E10,4,4450B0 4450D0 476E10 4949E0
0xC0:0xC2,UserC0_C2_ConfigureSpline,sub_476E40,47,42D3B0 42D400 42D560 42D570 42D5B0 42D600 4441D0 444270 4442C0 4444F0 444550 4445A0 444680 444710 444C60 444C70 444FD0 444FF0 4450B0 4450D0 445190 45E850 45F640 45FFB0 464450 464480 4644C0 464500 464520 464570 4646F0 464980 4649F0 465E30 46B400 46BC80 46DA20 476E40 48DDD0 48DF50 48ED40 4949C0 494A60 498720 498770 4987C0 498810
0xC0:0xC3,UserC0_C3_SampleSpline,sub_476E90,43,42D3B0 42D400 42D560 42D570 42D5B0 42D600 443E50 444000 4442E0 444420 444C60 444C70 444FD0 444FF0 4450B0 4450D0 445190 45E850 45F640 45FFB0 464450 464480 4644C0 464500 464520 464570 4646F0 464980 4649F0 465E30 46B400 46BC80 46DA20 476E90 48DDD0 48DF50 48ED40 4949C0 494AE0 498720 498770 4987C0 498810
0xC0:0xF0,UserC0_F0_LoadBwefTable,sub_476ED0,90,402030 406640 4066C0 406720 406A50 406A70 406AF0 406CA0 406D30 406D40 42D3B0 42D400 42D520 42D560 42D570 42D5B0 42D5D0 42D600 42D650 42EA80 42FA80 444C60 444C70 444FD0 444FF0 4450B0 4450D0 445190 4461E0 446750 446780 4467B0 4467C0 4468A0 45E850 45F640 45FFB0 463B60 463D90 463EB0 464450 464480 4644C0 464500 464520 464570 4646F0 464980 4649F0 464B80 4652E0 465320 465580 4656C0 4658B0 4658D0 4659C0 465A20 465AB0 465E30 4662E0 468FA0 4691A0 4692D0 469460 469710 4697E0 469AB0 469B80 469D50 469EE0 46B400 46BB70 46BB80 46BC80 46DA20 46F6F0 46F710 46F800 476ED0 48DDD0 48DF50 48ED40 490AE0 4922C0 4922D0 498720 498770 4987C0 498810
