address,end,name,decompilation
0x00401000,0x004010A2,sub_401000,ok
0x004010B0,0x00401104,sub_4010B0,ok
0x00401110,0x00401126,sub_401110,ok
0x00401130,0x0040113C,sub_401130,ok
0x00401140,0x0040114C,sub_401140,ok
0x00401150,0x004011AA,sub_401150,ok
0x004011B0,0x00401387,sub_4011B0,ok
0x00401390,0x004013AC,sub_401390,ok
0x004013B0,0x004013FF,sub_4013B0,ok
0x00401400,0x00401481,sub_401400,ok
0x00401490,0x004014A0,sub_401490,ok
0x004014A0,0x004014B5,sub_4014A0,ok
0x004014C0,0x004014CF,sub_4014C0,ok
0x004014D0,0x004015F3,sub_4014D0,ok
0x00401600,0x00401669,sub_401600,ok
0x00401670,0x004017DC,sub_401670,ok
0x004017F0,0x00401828,sub_4017F0,ok
0x00401830,0x004018FE,sub_401830,ok
0x00401900,0x00401974,sub_401900,ok
0x00401980,0x00401A4F,sub_401980,ok
0x00401A50,0x00401B67,sub_401A50,ok
0x00401B70,0x00401B75,sub_401B70,ok
0x00401B80,0x00401C10,sub_401B80,ok
0x00401C10,0x00401C6B,sub_401C10,ok
0x00401CB0,0x00401CD9,sub_401CB0,ok
0x00401CE0,0x00401DE2,sub_401CE0,ok
0x00401DF0,0x00401DFD,sub_401DF0,ok
0x00401E00,0x00401ECE,sub_401E00,ok
0x00401ED0,0x00401EEC,sub_401ED0,ok
0x00401EF0,0x0040201E,sub_401EF0,ok
0x00402030,0x0040206C,sub_402030,ok
0x00402070,0x00402080,sub_402070,ok
0x00402080,0x004020D0,sub_402080,ok
0x004020D0,0x00402110,sub_4020D0,ok
0x00402110,0x004022FD,sub_402110,ok
0x00402330,0x00402415,sub_402330,ok
0x00402420,0x0040243B,sub_402420,ok
0x00402440,0x0040246C,sub_402440,ok
0x00402470,0x00402496,sub_402470,ok
0x004024A0,0x004025DF,sub_4024A0,ok
0x004025E0,0x0040265C,sub_4025E0,ok
0x00402660,0x00402696,sub_402660,ok
0x004026A0,0x004026B2,sub_4026A0,ok
0x004026C0,0x004026D9,sub_4026C0,ok
0x004026E0,0x004026E7,sub_4026E0,ok
0x004026F0,0x00402703,sub_4026F0,ok
0x00402710,0x0040271B,sub_402710,ok
0x00402720,0x004027C6,sub_402720,ok
0x004027E0,0x0040294A,sub_4027E0,ok
0x00402970,0x00402A97,sub_402970,ok
0x00402AC0,0x00402B5D,sub_402AC0,ok
0x00402B90,0x00402C52,sub_402B90,ok
0x00402C60,0x00402C84,sub_402C60,ok
0x00402C90,0x00402E6B,sub_402C90,ok
0x00402EA0,0x00402F2F,sub_402EA0,ok
0x00402F30,0x00402FD0,sub_402F30,ok
0x00402FD0,0x00403070,sub_402FD0,ok
0x00403070,0x00403106,sub_403070,ok
0x00403110,0x00403181,sub_403110,ok
0x00403190,0x004032B9,sub_403190,ok
0x004032C0,0x00403392,sub_4032C0,ok
0x004033A0,0x00403445,sub_4033A0,ok
0x00403450,0x004034EF,sub_403450,ok
0x004034F0,0x00403595,sub_4034F0,ok
0x004035A0,0x00403600,sub_4035A0,ok
0x00403600,0x0040367E,sub_403600,ok
0x00403680,0x00403701,sub_403680,ok
0x00403710,0x00403838,sub_403710,ok
0x00403840,0x004039DF,sub_403840,ok
0x004039E0,0x00403B05,sub_4039E0,ok
0x00403B10,0x00403BA0,sub_403B10,ok
0x00403BA0,0x00403BF9,sub_403BA0,ok
0x00403C00,0x00403C07,sub_403C00,ok
0x00403C10,0x00403C15,sub_403C10,ok
0x00403C20,0x00403D0D,sub_403C20,ok
0x00403D10,0x00403DED,sub_403D10,ok
0x00403DF0,0x00403E36,sub_403DF0,ok
0x00403E40,0x00403EF9,sub_403E40,ok
0x00403F00,0x00403F3B,sub_403F00,ok
0x00403F40,0x00404128,sub_403F40,ok
0x00404130,0x0040428A,sub_404130,ok
0x00404290,0x004042DB,sub_404290,ok
0x004042E0,0x004044D5,sub_4042E0,ok
0x004044E0,0x00404526,sub_4044E0,ok
0x00404530,0x004046E4,sub_404530,ok
0x004046F0,0x00404735,sub_4046F0,ok
0x00404740,0x004048B1,sub_404740,ok
0x004048C0,0x00404907,sub_4048C0,ok
0x00404910,0x00404AAB,sub_404910,ok
0x00404AB0,0x00404AFD,sub_404AB0,ok
0x00404B00,0x00404C4B,sub_404B00,ok
0x00404C50,0x00404C9A,sub_404C50,ok
0x00404CA0,0x00404E1A,sub_404CA0,ok
0x00404E20,0x00404E65,sub_404E20,ok
0x00404E70,0x00404F9C,sub_404E70,ok
0x00404FA0,0x00404FD8,sub_404FA0,ok
0x00404FE0,0x00405081,sub_404FE0,ok
0x00405090,0x0040511A,sub_405090,ok
0x00405120,0x00405411,sub_405120,ok
0x00405420,0x0040544C,sub_405420,ok
0x00405450,0x00405552,sub_405450,ok
0x00405590,0x004056E6,sub_405590,ok
0x004056F0,0x004058C7,sub_4056F0,ok
0x004058D0,0x00405916,sub_4058D0,ok
0x00405920,0x00405A13,sub_405920,ok
0x00405A20,0x00405ACA,sub_405A20,ok
0x00405AD0,0x00405B28,sub_405AD0,ok
0x00405B30,0x00405B3C,sub_405B30,ok
0x00405B40,0x00405B4C,sub_405B40,ok
0x00405B50,0x00405CC7,sub_405B50,ok
0x00405CD0,0x00405DA7,sub_405CD0,ok
0x00405DB0,0x00405DD5,sub_405DB0,ok
0x00405DE0,0x00405DFC,sub_405DE0,ok
0x00405E00,0x00405F02,sub_405E00,ok
0x00405F10,0x00406119,sub_405F10,ok
0x00406120,0x004061CB,sub_406120,ok
0x004061D0,0x0040620A,sub_4061D0,ok
0x00406210,0x0040622C,sub_406210,ok
0x00406230,0x004062A4,sub_406230,ok
0x004062B0,0x004062C4,sub_4062B0,ok
0x004062D0,0x004064FB,sub_4062D0,ok
0x00406520,0x00406640,sub_406520,ok
0x00406640,0x004066B9,sub_406640,ok
0x004066C0,0x0040671C,sub_4066C0,ok
0x00406720,0x00406764,sub_406720,ok
0x00406770,0x00406791,sub_406770,ok
0x004067A0,0x004067BF,sub_4067A0,ok
0x004067C0,0x0040680D,sub_4067C0,ok
0x00406810,0x004068A2,sub_406810,ok
0x004068B0,0x0040690C,sub_4068B0,ok
0x00406910,0x0040696E,sub_406910,ok
0x00406970,0x004069C6,sub_406970,ok
0x004069D0,0x00406A46,sub_4069D0,ok
0x00406A50,0x00406A6C,sub_406A50,ok
0x00406A70,0x00406AE1,sub_406A70,ok
0x00406AF0,0x00406B49,sub_406AF0,ok
0x00406B50,0x00406BBC,sub_406B50,ok
0x00406BC0,0x00406C64,sub_406BC0,ok
0x00406C70,0x00406C97,sub_406C70,ok
0x00406CA0,0x00406D26,sub_406CA0,ok
0x00406D30,0x00406D3D,sub_406D30,ok
0x00406D40,0x00406D4D,sub_406D40,ok
0x00406D50,0x00406E6B,sub_406D50,ok
0x00406E70,0x00407123,sub_406E70,ok
0x00407130,0x00407139,sub_407130,ok
0x00407140,0x00407158,sub_407140,ok
0x00407160,0x0040724A,sub_407160,ok
0x00407250,0x00407283,sub_407250,ok
0x00407290,0x004074E6,sub_407290,ok
0x004074F0,0x004075D5,sub_4074F0,ok
0x004075E0,0x004076CE,sub_4075E0,ok
0x004076D0,0x00407752,sub_4076D0,ok
0x00407760,0x00407763,sub_407760,ok
0x00407770,0x00407A50,sub_407770,ok
0x00407A50,0x00407A88,sub_407A50,ok
0x00407A90,0x00407A96,sub_407A90,ok
0x00407AA0,0x00407AA6,sub_407AA0,ok
0x00407AB0,0x00407AB6,sub_407AB0,ok
0x00407AC0,0x00407AD9,sub_407AC0,ok
0x00407AE0,0x00407AFB,sub_407AE0,ok
0x00407B00,0x00407B06,sub_407B00,ok
0x00407B10,0x00407B16,sub_407B10,ok
0x00407B20,0x00407B2A,sub_407B20,ok
0x00407B30,0x00407B38,sub_407B30,ok
0x00407B40,0x00407B4C,sub_407B40,ok
0x00407B50,0x00407B56,sub_407B50,ok
0x00407B60,0x00407B66,sub_407B60,ok
0x00407B70,0x00407B8C,sub_407B70,ok
0x00407B90,0x00407B96,sub_407B90,ok
0x00407BA0,0x00407BA6,sub_407BA0,ok
0x00407BB0,0x00407BB9,sub_407BB0,ok
0x00407BC0,0x00407BDD,sub_407BC0,ok
0x00407BE0,0x00407BED,sub_407BE0,ok
0x00407BF0,0x00407C17,sub_407BF0,ok
0x00407C20,0x00407C3F,sub_407C20,ok
0x00407C40,0x00407C8E,sub_407C40,ok
0x00407C90,0x00407CB2,sub_407C90,ok
0x00407CF0,0x00407D9E,sub_407CF0,ok
0x00407DA0,0x00407EF1,sub_407DA0,ok
0x00407F00,0x00407F15,sub_407F00,ok
0x00407F20,0x00407FAF,sub_407F20,ok
0x00407FB0,0x00408016,sub_407FB0,ok
0x00408020,0x0040803D,sub_408020,ok
0x00408040,0x004080A1,sub_408040,ok
0x004080B0,0x004081AD,sub_4080B0,ok
0x004081B0,0x004081F9,sub_4081B0,ok
0x00408200,0x004082FF,sub_408200,ok
0x00408300,0x0040831F,sub_408300,ok
0x00408320,0x0040839C,sub_408320,ok
0x004083A0,0x004083E1,sub_4083A0,ok
0x004083F0,0x0040842C,sub_4083F0,ok
0x00408430,0x004084A1,sub_408430,ok
0x004084B0,0x00408548,sub_4084B0,ok
0x00408550,0x0040859D,sub_408550,ok
0x004085A0,0x004085FD,sub_4085A0,ok
0x00408600,0x00408650,sub_408600,ok
0x00408650,0x004086AC,sub_408650,ok
0x004086B0,0x004086D6,sub_4086B0,ok
0x004086E0,0x00408734,sub_4086E0,ok
0x00408740,0x00408781,sub_408740,ok
0x00408790,0x004087B2,sub_408790,ok
0x004087F0,0x00408817,sub_4087F0,ok
0x00408820,0x00408861,sub_408820,ok
0x00408870,0x0040887C,sub_408870,ok
0x00408880,0x0040888C,sub_408880,ok
0x00408890,0x00408A0D,sub_408890,ok
0x00408A10,0x00408A8C,sub_408A10,ok
0x00408A90,0x00408AB0,sub_408A90,ok
0x00408AB0,0x00408AD0,sub_408AB0,ok
0x00408AD0,0x00408B7F,sub_408AD0,ok
0x00408B80,0x00408BDE,sub_408B80,ok
0x00408BE0,0x00408CFE,sub_408BE0,ok
0x00408D00,0x00408DB9,sub_408D00,ok
0x00408DC0,0x00408E28,sub_408DC0,ok
0x00408E30,0x00408E4C,sub_408E30,ok
0x00408E50,0x00408E60,sub_408E50,ok
0x00408E60,0x00408E81,sub_408E60,ok
0x00408E90,0x00409029,sub_408E90,ok
0x00409030,0x0040907B,sub_409030,ok
0x00409080,0x004090A3,sub_409080,ok
0x004090B0,0x004090D7,sub_4090B0,ok
0x004090E0,0x00409107,sub_4090E0,ok
0x00409110,0x00409167,sub_409110,ok
0x00409170,0x00409183,sub_409170,ok
0x00409190,0x004091AC,sub_409190,ok
0x004091B0,0x00409206,sub_4091B0,ok
0x00409210,0x00409268,sub_409210,ok
0x00409290,0x004092B0,sub_409290,ok
0x004092B0,0x004092C3,sub_4092B0,ok
0x004092D0,0x004092DF,sub_4092D0,ok
0x004092E0,0x004094B6,sub_4092E0,ok
0x004094C0,0x00409702,sub_4094C0,ok
0x00409710,0x00409782,sub_409710,ok
0x00409790,0x004097A3,sub_409790,ok
0x004097B0,0x004097CE,sub_4097B0,ok
0x004097D0,0x00409800,sub_4097D0,ok
0x00409800,0x00409A7A,sub_409800,ok
0x00409A80,0x00409AA3,sub_409A80,ok
0x00409AB0,0x00409AED,sub_409AB0,ok
0x00409AF0,0x00409C52,sub_409AF0,ok
0x00409C60,0x00409F31,sub_409C60,ok
0x00409F40,0x00409FF0,sub_409F40,ok
0x00409FF0,0x0040A061,sub_409FF0,ok
0x0040A070,0x0040A251,sub_40A070,ok
0x0040A260,0x0040A29A,sub_40A260,ok
0x0040A2A0,0x0040A2EB,sub_40A2A0,ok
0x0040A2F0,0x0040A312,sub_40A2F0,ok
0x0040A320,0x0040A530,sub_40A320,ok
0x0040A530,0x0040A612,sub_40A530,ok
0x0040A620,0x0040A709,sub_40A620,ok
0x0040A710,0x0040A7A2,sub_40A710,ok
0x0040A7C0,0x0040A834,sub_40A7C0,ok
0x0040A840,0x0040A901,sub_40A840,ok
0x0040A910,0x0040A997,sub_40A910,ok
0x0040A9A0,0x0040A9C8,sub_40A9A0,ok
0x0040A9D0,0x0040A9DF,sub_40A9D0,ok
0x0040A9E0,0x0040AC9C,sub_40A9E0,ok
0x0040ADF0,0x0040AF48,sub_40ADF0,ok
0x0040AF50,0x0040B07B,sub_40AF50,ok
0x0040B080,0x0040B0CB,sub_40B080,ok
0x0040B0D0,0x0040B12F,sub_40B0D0,ok
0x0040B130,0x0040B200,sub_40B130,ok
0x0040B200,0x0040B313,sub_40B200,ok
0x0040B320,0x0040B3AC,sub_40B320,ok
0x0040B3B0,0x0040B4AE,sub_40B3B0,ok
0x0040B4B0,0x0040B5CB,sub_40B4B0,ok
0x0040B5D0,0x0040B6EF,sub_40B5D0,ok
0x0040B6F0,0x0040B9AE,sub_40B6F0,ok
0x0040B9B0,0x0040BC0A,sub_40B9B0,ok
0x0040BC10,0x0040BC51,sub_40BC10,ok
0x0040BC60,0x0040BD53,sub_40BC60,ok
0x0040BD60,0x0040BDA7,sub_40BD60,ok
0x0040BDB0,0x0040C0EB,sub_40BDB0,ok
0x0040C0F0,0x0040C1AA,sub_40C0F0,ok
0x0040C1B0,0x0040C427,sub_40C1B0,ok
0x0040C430,0x0040CA6A,sub_40C430,ok
0x0040CA70,0x0040CAD3,sub_40CA70,ok
0x0040CAE0,0x0040CBEA,sub_40CAE0,ok
0x0040CBF0,0x0040CCCC,sub_40CBF0,ok
0x0040CCD0,0x0040CDCE,sub_40CCD0,ok
0x0040CDD0,0x0040CFEF,sub_40CDD0,ok
0x0040CFF0,0x0040D1F8,sub_40CFF0,ok
0x0040D200,0x0040D21E,sub_40D200,ok
0x0040D220,0x0040D43F,sub_40D220,ok
0x0040D440,0x0040D49F,sub_40D440,ok
0x0040D4A0,0x0040D664,sub_40D4A0,ok
0x0040D670,0x0040D81A,sub_40D670,ok
0x0040D820,0x0040DA36,sub_40D820,ok
0x0040DA40,0x0040DACA,sub_40DA40,ok
0x0040DAD0,0x0040DB54,sub_40DAD0,ok
0x0040DB60,0x0040DCDC,sub_40DB60,ok
0x0040DCE0,0x0040DE54,sub_40DCE0,ok
0x0040DE60,0x0040DF71,sub_40DE60,ok
0x0040DF80,0x0040DFED,sub_40DF80,ok
0x0040DFF0,0x0040E04E,sub_40DFF0,ok
0x0040E050,0x0040E0C6,sub_40E050,ok
0x0040E0D0,0x0040E14D,sub_40E0D0,ok
0x0040E150,0x0040E187,sub_40E150,ok
0x0040E190,0x0040E1EF,sub_40E190,ok
0x0040E1F0,0x0040E2DE,sub_40E1F0,ok
0x0040E2E0,0x0040E3D1,sub_40E2E0,ok
0x0040E3E0,0x0040E4E3,sub_40E3E0,ok
0x0040E4F0,0x0040E512,sub_40E4F0,ok
0x0040E520,0x0040E680,sub_40E520,ok
0x0040E680,0x0040E6B9,sub_40E680,ok
0x0040E6C0,0x0040E756,sub_40E6C0,ok
0x0040E760,0x0040E7FD,sub_40E760,ok
0x0040E800,0x0040E85F,sub_40E800,ok
0x0040E860,0x0040E881,sub_40E860,ok
0x0040E890,0x0040E91F,sub_40E890,ok
0x0040E920,0x0040EA04,sub_40E920,fail
0x0040EA10,0x0040EA21,sub_40EA10,ok
0x0040EA30,0x0040EA39,sub_40EA30,ok
0x0040EA40,0x0040F62D,sub_40EA40,ok
0x0040F630,0x0040F969,sub_40F630,ok
0x0040F970,0x0040FA49,sub_40F970,ok
0x0040FA50,0x0040FB90,sub_40FA50,ok
0x0040FB90,0x0041003C,sub_40FB90,ok
0x00410040,0x00410419,sub_410040,ok
0x00410420,0x00410812,sub_410420,ok
0x00410820,0x0041092B,sub_410820,ok
0x00410930,0x00410C7D,sub_410930,ok
0x00410C80,0x00410CAF,sub_410C80,ok
0x00410CB0,0x00410CDB,sub_410CB0,ok
0x00410CE0,0x00410F4C,sub_410CE0,ok
0x00410F50,0x0041105D,sub_410F50,ok
0x00411060,0x0041108B,sub_411060,ok
0x00411090,0x004112C9,sub_411090,ok
0x004112D0,0x004113E2,sub_4112D0,ok
0x004113F0,0x00411413,sub_4113F0,ok
0x00411420,0x0041168A,sub_411420,ok
0x00411690,0x004116B3,sub_411690,ok
0x004116C0,0x00411805,sub_4116C0,ok
0x00411810,0x00411833,sub_411810,ok
0x00411840,0x00411985,sub_411840,ok
0x00411990,0x00411B79,sub_411990,ok
0x00411B80,0x00411BC8,sub_411B80,ok
0x00411BD0,0x00411D0C,sub_411BD0,ok
0x00411D10,0x00411E9E,sub_411D10,ok
0x00411EA0,0x00411F06,sub_411EA0,ok
0x00411F10,0x00412066,sub_411F10,ok
0x00412070,0x0041221D,sub_412070,ok
0x00412220,0x004124CE,sub_412220,ok
0x004124D0,0x004126E6,sub_4124D0,ok
0x004126F0,0x004128CA,sub_4126F0,ok
0x004128D0,0x00412AE0,sub_4128D0,ok
0x00412AE0,0x00412CD7,sub_412AE0,ok
0x00412CE0,0x00412F13,sub_412CE0,ok
0x00412F20,0x00413039,sub_412F20,ok
0x00413040,0x0041327D,sub_413040,ok
0x00413280,0x004134FF,sub_413280,ok
0x00413500,0x00413537,sub_413500,ok
0x00413540,0x00413607,sub_413540,ok
0x00413610,0x00413778,sub_413610,ok
0x00413780,0x004138FC,sub_413780,ok
0x00413900,0x0041392B,sub_413900,ok
0x00413930,0x004139FA,sub_413930,ok
0x00413A10,0x00413A69,sub_413A10,ok
0x00413A70,0x00413F01,sub_413A70,ok
0x00413F10,0x00413F87,sub_413F10,ok
0x00413F90,0x0041409E,sub_413F90,ok
0x004140A0,0x00414253,sub_4140A0,ok
0x00414260,0x00414288,sub_414260,ok
0x00414290,0x004142D7,sub_414290,ok
0x004142E0,0x0041455B,sub_4142E0,ok
0x00414560,0x004145A0,sub_414560,ok
0x004145A0,0x0041460B,sub_4145A0,ok
0x00414610,0x004149B0,sub_414610,ok
0x004149B0,0x00414A0D,sub_4149B0,ok
0x00414A10,0x00414AEA,sub_414A10,ok
0x00414AF0,0x00414C1C,sub_414AF0,ok
0x00414C20,0x00414C51,sub_414C20,ok
0x00414C60,0x00414D04,sub_414C60,ok
0x00414D10,0x00414EF1,sub_414D10,ok
0x00414F00,0x00414F42,sub_414F00,ok
0x00414F50,0x00414FFA,sub_414F50,ok
0x00415000,0x004150DD,sub_415000,ok
0x004150E0,0x00415249,sub_4150E0,ok
0x00415250,0x00415292,sub_415250,ok
0x004152A0,0x0041534A,sub_4152A0,ok
0x00415350,0x0041542D,sub_415350,ok
0x00415430,0x00415599,sub_415430,ok
0x004155A0,0x00415625,sub_4155A0,ok
0x00415630,0x004156EB,sub_415630,ok
0x004156F0,0x00415781,sub_4156F0,ok
0x00415790,0x004158BD,sub_415790,ok
0x004158C0,0x004158FC,sub_4158C0,ok
0x00415900,0x00415A22,sub_415900,ok
0x00415A30,0x00415AAB,sub_415A30,ok
0x00415AB0,0x00415B24,sub_415AB0,ok
0x00415B30,0x00415BA8,sub_415B30,ok
0x00415BB0,0x00415C55,sub_415BB0,ok
0x00415C60,0x00415CDA,sub_415C60,ok
0x00415CE0,0x00415D83,sub_415CE0,ok
0x00415D90,0x00415E00,sub_415D90,ok
0x00415E00,0x00415F56,sub_415E00,ok
0x00415F60,0x004160C7,sub_415F60,ok
0x004160D0,0x00416132,sub_4160D0,ok
0x00416140,0x004161F0,sub_416140,ok
0x004161F0,0x00416393,sub_4161F0,ok
0x004163A0,0x004163C9,sub_4163A0,ok
0x004163D0,0x00416505,sub_4163D0,ok
0x00416510,0x0041652E,sub_416510,ok
0x00416530,0x0041660D,sub_416530,ok
0x00416610,0x00416744,sub_416610,ok
0x00416750,0x004168D5,sub_416750,ok
0x004168E0,0x00416B92,sub_4168E0,ok
0x00416BA0,0x00417123,sub_416BA0,ok
0x00417130,0x0041725E,sub_417130,ok
0x00417260,0x00417553,sub_417260,ok
0x00417560,0x0041772A,sub_417560,ok
0x00417730,0x00417997,sub_417730,ok
0x004179A0,0x00417C47,sub_4179A0,ok
0x00417C50,0x00417EC0,sub_417C50,ok
0x00417EC0,0x0041815C,sub_417EC0,ok
0x00418160,0x0041827E,sub_418160,ok
0x00418280,0x00418367,sub_418280,ok
0x00418370,0x00418462,sub_418370,ok
0x00418470,0x0041849A,sub_418470,ok
0x004184A0,0x004187F6,sub_4184A0,ok
0x00418800,0x0041882B,sub_418800,ok
0x00418830,0x004188C3,sub_418830,ok
0x004188D0,0x0041895F,sub_4188D0,ok
0x00418960,0x00418B3F,sub_418960,ok
0x00418B40,0x00418B92,sub_418B40,ok
0x00418BA0,0x00418C06,sub_418BA0,ok
0x00418C10,0x00418CA6,sub_418C10,ok
0x00418CB0,0x00418CD7,sub_418CB0,ok
0x00418CE0,0x00418F9E,sub_418CE0,ok
0x00418FA0,0x004190B8,sub_418FA0,ok
0x004190C0,0x00419145,sub_4190C0,ok
0x00419150,0x004192D2,sub_419150,ok
0x004192E0,0x004197BF,sub_4192E0,ok
0x004197C0,0x004199CE,sub_4197C0,ok
0x004199D0,0x00419AF1,sub_4199D0,ok
0x00419B10,0x00419B9B,sub_419B10,ok
0x00419BA0,0x00419C4F,sub_419BA0,ok
0x00419C50,0x00419CBE,sub_419C50,ok
0x00419CC0,0x00419CF8,sub_419CC0,ok
0x00419D00,0x00419D53,sub_419D00,ok
0x00419D60,0x00419DDE,sub_419D60,ok
0x00419DE0,0x00419FBB,sub_419DE0,ok
0x00419FD0,0x0041A032,sub_419FD0,ok
0x0041A040,0x0041A07D,sub_41A040,ok
0x0041A080,0x0041A0BD,sub_41A080,ok
0x0041A0C0,0x0041A164,sub_41A0C0,ok
0x0041A170,0x0041A1AD,sub_41A170,ok
0x0041A1B0,0x0041A214,sub_41A1B0,ok
0x0041A220,0x0041A284,sub_41A220,ok
0x0041A290,0x0041A2DD,sub_41A290,ok
0x0041A2E0,0x0041A34E,sub_41A2E0,ok
0x0041A350,0x0041A3A8,sub_41A350,ok
0x0041A3B0,0x0041A3F1,sub_41A3B0,ok
0x0041A400,0x0041A5AE,sub_41A400,ok
0x0041A5B0,0x0041A5D1,sub_41A5B0,ok
0x0041A5E0,0x0041A642,sub_41A5E0,ok
0x0041A650,0x0041A65B,sub_41A650,ok
0x0041A660,0x0041A66B,sub_41A660,ok
0x0041A670,0x0041A676,sub_41A670,ok
0x0041A680,0x0041A68C,sub_41A680,ok
0x0041A690,0x0041AA5C,sub_41A690,ok
0x0041AAA0,0x0041AB02,sub_41AAA0,ok
0x0041AB10,0x0041AB32,sub_41AB10,ok
0x0041AB40,0x0041AC3E,sub_41AB40,ok
0x0041AC40,0x0041AC7E,sub_41AC40,ok
0x0041AC80,0x0041AC9A,sub_41AC80,ok
0x0041ACA0,0x0041ACC5,sub_41ACA0,ok
0x0041ACD0,0x0041ACD7,sub_41ACD0,ok
0x0041ACE0,0x0041ACE7,sub_41ACE0,ok
0x0041ACF0,0x0041AD0A,sub_41ACF0,ok
0x0041AD10,0x0041AD35,sub_41AD10,ok
0x0041AD40,0x0041AD47,sub_41AD40,ok
0x0041AD50,0x0041AD57,sub_41AD50,ok
0x0041AD60,0x0041AD95,sub_41AD60,ok
0x0041ADA0,0x0041ADD5,sub_41ADA0,ok
0x0041ADE0,0x0041ADE4,sub_41ADE0,ok
0x0041ADF0,0x0041ADF4,sub_41ADF0,ok
0x0041AE00,0x0041AE2C,sub_41AE00,ok
0x0041AE30,0x0041AE60,sub_41AE30,ok
0x0041AE60,0x0041AED2,sub_41AE60,ok
0x0041AEE0,0x0041AEF3,sub_41AEE0,ok
0x0041AF00,0x0041AF56,sub_41AF00,ok
0x0041AF60,0x0041AF81,sub_41AF60,ok
0x0041AF90,0x0041AFCA,sub_41AF90,ok
0x0041AFD0,0x0041B0AB,sub_41AFD0,ok
0x0041B0B0,0x0041B0B4,sub_41B0B0,ok
0x0041B0C0,0x0041B125,sub_41B0C0,ok
0x0041B130,0x0041B15B,sub_41B130,ok
0x0041B160,0x0041B199,sub_41B160,ok
0x0041B1A0,0x0041B1A7,sub_41B1A0,ok
0x0041B1B0,0x0041B1CA,sub_41B1B0,ok
0x0041B1D0,0x0041B238,sub_41B1D0,ok
0x0041B240,0x0041B255,sub_41B240,ok
0x0041B260,0x0041B2CB,sub_41B260,ok
0x0041B2D0,0x0041B309,sub_41B2D0,ok
0x0041B310,0x0041B31C,sub_41B310,ok
0x0041B320,0x0041B357,sub_41B320,ok
0x0041B360,0x0041B36C,sub_41B360,ok
0x0041B370,0x0041B46C,sub_41B370,ok
0x0041B470,0x0041B48A,sub_41B470,ok
0x0041B490,0x0041B4B1,sub_41B490,ok
0x0041B4C0,0x0041B512,sub_41B4C0,ok
0x0041B520,0x0041B55F,sub_41B520,ok
0x0041B560,0x0041B578,sub_41B560,ok
0x0041B580,0x0041B5D7,sub_41B580,ok
0x0041B5E0,0x0041B5F8,sub_41B5E0,ok
0x0041B600,0x0041B607,sub_41B600,ok
0x0041B610,0x0041B617,sub_41B610,ok
0x0041B620,0x0041B64F,sub_41B620,ok
0x0041B650,0x0041B657,sub_41B650,ok
0x0041B660,0x0041B68D,sub_41B660,ok
0x0041B690,0x0041B697,sub_41B690,ok
0x0041B6A0,0x0041B6CD,sub_41B6A0,ok
0x0041B6D0,0x0041B6D7,sub_41B6D0,ok
0x0041B6E0,0x0041B6EB,sub_41B6E0,ok
0x0041B6F0,0x0041B739,sub_41B6F0,ok
0x0041B740,0x0041B747,sub_41B740,ok
0x0041B750,0x0041B762,sub_41B750,ok
0x0041B770,0x0041B7DB,sub_41B770,ok
0x0041B8B0,0x0041B8CC,sub_41B8B0,ok
0x0041B8D0,0x0041B8D4,sub_41B8D0,ok
0x0041B8E0,0x0041B9F9,sub_41B8E0,ok
0x0041BAE0,0x0041BC53,sub_41BAE0,ok
0x0041BC70,0x0041BDC0,sub_41BC70,ok
0x0041BDD0,0x0041BDE6,sub_41BDD0,ok
0x0041BDF0,0x0041BE73,sub_41BDF0,ok
0x0041BE80,0x0041BE83,nullsub_2,ok
0x0041BE90,0x0041BE96,sub_41BE90,ok
0x0041BEA0,0x0041BEA4,sub_41BEA0,ok
0x0041BEB0,0x0041BEC6,sub_41BEB0,ok
0x0041BED0,0x0041BEE3,sub_41BED0,ok
0x0041BEF0,0x0041BEF7,sub_41BEF0,ok
0x0041BF00,0x0041BF07,sub_41BF00,ok
0x0041BF10,0x0041BF14,sub_41BF10,ok
0x0041BF20,0x0041BF85,sub_41BF20,ok
0x0041BF90,0x0041BFC0,sub_41BF90,ok
0x0041BFC0,0x0041C019,sub_41BFC0,ok
0x0041C020,0x0041C04D,sub_41C020,ok
0x0041C050,0x0041C05C,sub_41C050,ok
0x0041C060,0x0041C096,sub_41C060,ok
0x0041C0A0,0x0041C0AB,sub_41C0A0,ok
0x0041C0B0,0x0041C0B7,sub_41C0B0,ok
0x0041C0C0,0x0041C0C7,sub_41C0C0,ok
0x0041C0D0,0x0041C0D5,sub_41C0D0,ok
0x0041C0E0,0x0041C0FD,sub_41C0E0,ok
0x0041C100,0x0041C104,sub_41C100,ok
0x0041C110,0x0041C117,sub_41C110,ok
0x0041C120,0x0041C127,sub_41C120,ok
0x0041C130,0x0041C18E,sub_41C130,ok
0x0041C190,0x0041C1BD,sub_41C190,ok
0x0041C1C0,0x0041C1C7,sub_41C1C0,ok
0x0041C1D0,0x0041C1D7,sub_41C1D0,ok
0x0041C1E0,0x0041C1F1,sub_41C1E0,ok
0x0041C200,0x0041C21C,sub_41C200,ok
0x0041C220,0x0041C29D,sub_41C220,ok
0x0041C2A0,0x0041C2C2,sub_41C2A0,ok
0x0041C2D0,0x0041C318,sub_41C2D0,ok
0x0041C320,0x0041C330,sub_41C320,ok
0x0041C330,0x0041C33F,sub_41C330,ok
0x0041C340,0x0041C372,sub_41C340,ok
0x0041C380,0x0041C38B,sub_41C380,ok
0x0041C390,0x0041C3DC,sub_41C390,ok
0x0041C3E0,0x0041C41C,sub_41C3E0,ok
0x0041C420,0x0041C45D,sub_41C420,ok
0x0041C460,0x0041C4C9,sub_41C460,ok
0x0041C4D0,0x0041C4F2,sub_41C4D0,ok
0x0041C500,0x0041C549,sub_41C500,ok
0x0041C550,0x0041C601,sub_41C550,ok
0x0041C610,0x0041C773,sub_41C610,ok
0x0041C780,0x0041C807,sub_41C780,ok
0x0041C810,0x0041C832,sub_41C810,ok
0x0041C840,0x0041C898,sub_41C840,ok
0x0041C8A0,0x0041C921,sub_41C8A0,ok
0x0041C930,0x0041C943,sub_41C930,ok
0x0041C950,0x0041C963,sub_41C950,ok
0x0041C970,0x0041CA6C,sub_41C970,ok
0x0041CA70,0x0041CA8C,sub_41CA70,ok
0x0041CA90,0x0041CAB1,sub_41CA90,ok
0x0041CAC0,0x0041CAEF,sub_41CAC0,ok
0x0041CAF0,0x0041CD10,sub_41CAF0,ok
0x0041CD10,0x0041CD84,sub_41CD10,ok
0x0041CD90,0x0041CE22,sub_41CD90,ok
0x0041CE30,0x0041CE97,sub_41CE30,ok
0x0041CEA0,0x0041CEC2,sub_41CEA0,ok
0x0041CED0,0x0041CF19,sub_41CED0,ok
0x0041CF20,0x0041D04E,sub_41CF20,ok
0x0041D050,0x0041D057,sub_41D050,ok
0x0041D060,0x0041D095,sub_41D060,ok
0x0041D0A0,0x0041D207,sub_41D0A0,ok
0x0041D210,0x0041D28F,sub_41D210,ok
0x0041D290,0x0041D2B2,sub_41D290,ok
0x0041D2C0,0x0041D309,sub_41D2C0,ok
0x0041D310,0x0041D329,sub_41D310,ok
0x0041D330,0x0041D34B,sub_41D330,ok
0x0041D350,0x0041D438,sub_41D350,ok
0x0041D440,0x0041D4C4,sub_41D440,ok
0x0041D4D0,0x0041D50A,sub_41D4D0,ok
0x0041D510,0x0041D53A,sub_41D510,ok
0x0041D540,0x0041D581,sub_41D540,ok
0x0041D590,0x0041D90C,sub_41D590,ok
0x0041D910,0x0041D96B,sub_41D910,ok
0x0041D970,0x0041D992,sub_41D970,ok
0x0041D9A0,0x0041D9E9,sub_41D9A0,ok
0x0041D9F0,0x0041DA63,sub_41D9F0,ok
0x0041DA70,0x0041DA84,sub_41DA70,ok
0x0041DA90,0x0041DB12,sub_41DA90,ok
0x0041DB20,0x0041DB98,sub_41DB20,ok
0x0041DBA0,0x0041DBC2,sub_41DBA0,ok
0x0041DBD0,0x0041DC19,sub_41DBD0,ok
0x0041DC20,0x0041DC44,sub_41DC20,ok
0x0041DC50,0x0041DC76,sub_41DC50,ok
0x0041DC80,0x0041DCE1,sub_41DC80,ok
0x0041DCF0,0x0041DD22,sub_41DCF0,ok
0x0041DD30,0x0041DD53,sub_41DD30,ok
0x0041DD60,0x0041DD84,sub_41DD60,ok
0x0041DD90,0x0041DDB6,sub_41DD90,ok
0x0041DDC0,0x0041DE77,sub_41DDC0,ok
0x0041DE80,0x0041DEE2,sub_41DE80,ok
0x0041DEF0,0x0041DF1E,sub_41DEF0,ok
0x0041DF20,0x0041DF4E,sub_41DF20,ok
0x0041DF50,0x0041DF74,sub_41DF50,ok
0x0041DF80,0x0041DFAE,sub_41DF80,ok
0x0041DFB0,0x0041DFC4,sub_41DFB0,ok
0x0041DFD0,0x0041DFD9,sub_41DFD0,ok
0x0041DFE0,0x0041DFF6,sub_41DFE0,ok
0x0041E000,0x0041E02F,sub_41E000,ok
0x0041E030,0x0041E03F,sub_41E030,ok
0x0041E040,0x0041E05A,sub_41E040,ok
0x0041E060,0x0041E125,sub_41E060,ok
0x0041E190,0x0041E558,sub_41E190,ok
0x0041E560,0x0041E5D2,sub_41E560,ok
0x0041E5E0,0x0041E602,sub_41E5E0,ok
0x0041E610,0x0041E659,sub_41E610,ok
0x0041E660,0x0041E716,sub_41E660,ok
0x0041E720,0x0041E739,sub_41E720,ok
0x0041E740,0x0041E75C,sub_41E740,ok
0x0041E760,0x0041E88D,sub_41E760,ok
0x0041E890,0x0041E8EB,sub_41E890,ok
0x0041E8F0,0x0041E912,sub_41E8F0,ok
0x0041E920,0x0041E969,sub_41E920,ok
0x0041E970,0x0041E9A5,sub_41E970,ok
0x0041E9B0,0x0041EA2C,sub_41E9B0,ok
0x0041EA30,0x0041EAAE,sub_41EA30,ok
0x0041EAB0,0x0041EAD2,sub_41EAB0,ok
0x0041EAE0,0x0041EB37,sub_41EAE0,ok
0x0041EB40,0x0041EB59,sub_41EB40,ok
0x0041EB60,0x0041EB7B,sub_41EB60,ok
0x0041EB80,0x0041EB83,nullsub_3,ok
0x0041EB90,0x0041EBFF,sub_41EB90,ok
0x0041EC00,0x0041ED22,sub_41EC00,ok
0x0041ED30,0x0041ED67,sub_41ED30,ok
0x0041ED70,0x0041EDC6,sub_41ED70,ok
0x0041EDD0,0x0041EDF2,sub_41EDD0,ok
0x0041EE00,0x0041EE07,sub_41EE00,ok
0x0041EE10,0x0041EE8C,sub_41EE10,ok
0x0041EE90,0x0041EEAA,sub_41EE90,ok
0x0041EEB0,0x0041EEE5,sub_41EEB0,ok
0x0041EEF0,0x0041F037,sub_41EEF0,ok
0x0041F040,0x0041F09B,sub_41F040,ok
0x0041F0A0,0x0041F0C2,sub_41F0A0,ok
0x0041F0D0,0x0041F119,sub_41F0D0,ok
0x0041F120,0x0041F153,sub_41F120,ok
0x0041F160,0x0041F1BE,sub_41F160,ok
0x0041F1C0,0x0041F1EB,sub_41F1C0,ok
0x0041F1F0,0x0041F371,sub_41F1F0,ok
0x0041F380,0x0041F3F4,sub_41F380,ok
0x0041F400,0x0041F422,sub_41F400,ok
0x0041F430,0x0041F479,sub_41F430,ok
0x0041F480,0x0041F496,sub_41F480,ok
0x0041F4A0,0x0041F539,sub_41F4A0,ok
0x0041F540,0x0041F58B,sub_41F540,ok
0x0041F590,0x0041F637,sub_41F590,ok
0x0041F640,0x0041F830,sub_41F640,ok
0x0041F830,0x0041F88B,sub_41F830,ok
0x0041F890,0x0041F8B2,sub_41F890,ok
0x0041F8C0,0x0041F909,sub_41F8C0,ok
0x0041F910,0x0041F95F,sub_41F910,ok
0x0041F960,0x0041F979,sub_41F960,ok
0x0041F980,0x0041F99B,sub_41F980,ok
0x0041F9A0,0x0041F9CB,sub_41F9A0,ok
0x0041F9D0,0x0041FA26,sub_41F9D0,ok
0x0041FA30,0x0041FA6F,sub_41FA30,ok
0x0041FA70,0x0041FC92,sub_41FA70,ok
0x0041FCA0,0x0041FD57,sub_41FCA0,ok
0x0041FD60,0x0041FD82,sub_41FD60,ok
0x0041FD90,0x0041FE1E,sub_41FD90,ok
0x0041FE20,0x0041FE4D,sub_41FE20,ok
0x0041FE50,0x0041FE8E,sub_41FE50,ok
0x0041FE90,0x004200F7,sub_41FE90,ok
0x00420110,0x00420243,sub_420110,ok
0x00420250,0x0042029B,sub_420250,ok
0x004202A0,0x0042040A,sub_4202A0,ok
0x00420410,0x004204CA,sub_420410,ok
0x004204D0,0x00420513,sub_4204D0,ok
0x00420520,0x00420571,sub_420520,ok
0x00420580,0x004205AB,sub_420580,ok
0x004205B0,0x0042068F,sub_4205B0,ok
0x00420730,0x0042079E,sub_420730,ok
0x004207A0,0x004207A7,sub_4207A0,ok
0x004207B0,0x004207C3,sub_4207B0,ok
0x004207D0,0x00420861,sub_4207D0,ok
0x00420870,0x004208B7,sub_420870,ok
0x004208C0,0x004208DA,sub_4208C0,ok
0x004208E0,0x00420A2D,sub_4208E0,ok
0x00420A30,0x00420AA5,sub_420A30,ok
0x00420AB0,0x00420AD2,sub_420AB0,ok
0x00420AE0,0x00420B28,sub_420AE0,ok
0x00420B30,0x00420C42,sub_420B30,ok
0x00420C60,0x00420C9A,sub_420C60,ok
0x00420CA0,0x00420D63,sub_420CA0,ok
0x00420D70,0x00420DBE,sub_420D70,ok
0x00420DC0,0x00420DC7,sub_420DC0,ok
0x00420DD0,0x00420DD7,sub_420DD0,ok
0x00420DE0,0x00420E37,sub_420DE0,ok
0x00420E40,0x00420E62,sub_420E40,ok
0x00420E70,0x00420EB8,sub_420E70,ok
0x00420EC0,0x00420FDF,sub_420EC0,ok
0x00420FE0,0x00421002,sub_420FE0,ok
0x00421010,0x00421071,sub_421010,ok
0x00421080,0x0042108D,sub_421080,ok
0x00421090,0x0042109D,sub_421090,ok
0x004210A0,0x004210B1,sub_4210A0,ok
0x004210C0,0x004210D1,sub_4210C0,ok
0x004210E0,0x00421104,sub_4210E0,ok
0x00421110,0x00421119,sub_421110,ok
0x00421120,0x004211A9,sub_421120,ok
0x004211B0,0x004211D4,sub_4211B0,ok
0x004211E0,0x004211FC,sub_4211E0,ok
0x00421200,0x00421281,sub_421200,ok
0x00421290,0x00421297,sub_421290,ok
0x004212A0,0x004212F6,sub_4212A0,ok
0x00421300,0x0042142A,sub_421300,ok
0x00421430,0x004214FB,sub_421430,ok
0x00421500,0x00421512,sub_421500,ok
0x00421520,0x0042156C,sub_421520,ok
0x00421570,0x004215B6,sub_421570,ok
0x004215C0,0x004215D1,sub_4215C0,ok
0x004215E0,0x00421639,sub_4215E0,ok
0x00421640,0x00421699,sub_421640,ok
0x004216A0,0x00421776,sub_4216A0,ok
0x00421780,0x00421883,sub_421780,ok
0x00421890,0x004218B2,sub_421890,ok
0x004218C0,0x00421922,sub_4218C0,ok
0x00421930,0x00421E5C,sub_421930,ok
0x00421E60,0x0042204B,sub_421E60,ok
0x00422050,0x0042229A,sub_422050,ok
0x004222A0,0x004224C7,sub_4222A0,ok
0x004224D0,0x00422676,sub_4224D0,ok
0x00422680,0x00422729,sub_422680,ok
0x00422730,0x004227BC,sub_422730,ok
0x004227C0,0x004228A7,sub_4227C0,ok
0x004228B0,0x0042291D,sub_4228B0,ok
0x00422920,0x00422AE5,sub_422920,ok
0x00422AF0,0x00422B38,sub_422AF0,ok
0x00422B40,0x00423030,sub_422B40,ok
0x00423030,0x0042304A,sub_423030,ok
0x00423050,0x0042308F,sub_423050,ok
0x00423090,0x004230B4,sub_423090,ok
0x004230C0,0x00423192,sub_4230C0,ok
0x004231A0,0x004232E5,sub_4231A0,ok
0x004232F0,0x004233DE,sub_4232F0,ok
0x004233E0,0x0042344D,sub_4233E0,ok
0x00423450,0x0042349E,sub_423450,ok
0x004234A0,0x0042373C,sub_4234A0,ok
0x00423740,0x0042377A,sub_423740,ok
0x00423780,0x00423848,sub_423780,ok
0x00423850,0x0042390B,sub_423850,ok
0x00423910,0x0042391F,CompareFunction,ok
0x00423920,0x0042398D,sub_423920,ok
0x00423990,0x004239B2,sub_423990,ok
0x004239C0,0x00423A22,sub_4239C0,ok
0x00423A30,0x00423AEA,sub_423A30,ok
0x00423AF0,0x00423B40,sub_423AF0,ok
0x00423B40,0x00423CD2,sub_423B40,ok
0x00423CE0,0x00423D62,sub_423CE0,ok
0x00423D70,0x00423F07,sub_423D70,ok
0x00423F10,0x00423F82,sub_423F10,ok
0x00423F90,0x00423FEB,sub_423F90,ok
0x00423FF0,0x00424139,sub_423FF0,ok
0x00424140,0x004242B0,sub_424140,ok
0x004242B0,0x004242E2,sub_4242B0,ok
0x004242F0,0x00424342,sub_4242F0,ok
0x00424350,0x00424382,sub_424350,ok
0x00424390,0x004243B6,sub_424390,ok
0x004243C0,0x0042449B,sub_4243C0,ok
0x004244A0,0x004244C2,sub_4244A0,ok
0x004244D0,0x0042453C,sub_4244D0,ok
0x00424540,0x0042454D,sub_424540,ok
0x00424550,0x0042455E,sub_424550,ok
0x00424560,0x004245AB,sub_424560,ok
0x004245B0,0x004245D6,sub_4245B0,ok
0x004245E0,0x0042467C,sub_4245E0,ok
0x00424680,0x004246D5,sub_424680,ok
0x004246E0,0x0042484C,sub_4246E0,ok
0x00424850,0x0042488C,sub_424850,ok
0x00424890,0x00424A07,sub_424890,ok
0x00424A10,0x00424A4D,sub_424A10,ok
0x00424A50,0x00424A5B,sub_424A50,ok
0x00424A60,0x00424A6D,sub_424A60,ok
0x00424A70,0x00424AAE,sub_424A70,ok
0x00424AB0,0x00424ACB,sub_424AB0,ok
0x00424AD0,0x00424AEB,sub_424AD0,ok
0x00424AF0,0x00424B3D,sub_424AF0,ok
0x00424B40,0x00424B9F,sub_424B40,ok
0x00424BA0,0x00424C30,sub_424BA0,ok
0x00424C30,0x00424C8C,sub_424C30,ok
0x00424C90,0x00424D59,sub_424C90,ok
0x00424D60,0x00424E9E,sub_424D60,ok
0x00424EA0,0x00424EC2,sub_424EA0,ok
0x00424ED0,0x00424F51,sub_424ED0,ok
0x00424F60,0x00424F66,sub_424F60,ok
0x00424F70,0x00424F76,sub_424F70,ok
0x00424F80,0x00425049,sub_424F80,ok
0x00425050,0x004250B5,sub_425050,ok
0x004250C0,0x004250E4,sub_4250C0,ok
0x004250F0,0x00425151,sub_4250F0,ok
0x00425160,0x004251CA,sub_425160,ok
0x004251D0,0x00425219,sub_4251D0,ok
0x00425220,0x00425269,sub_425220,ok
0x00425270,0x004252B2,sub_425270,ok
0x004252C0,0x00425302,sub_4252C0,ok
0x00425310,0x00425355,sub_425310,ok
0x00425360,0x004253AC,sub_425360,ok
0x004253B0,0x00425400,sub_4253B0,ok
0x00425400,0x00425443,sub_425400,ok
0x00425450,0x0042546B,sub_425450,ok
0x00425470,0x004255DC,sub_425470,ok
0x004255E0,0x00425618,sub_4255E0,ok
0x00425620,0x004256B8,sub_425620,ok
0x004256C0,0x00425807,sub_4256C0,ok
0x00425810,0x00425832,sub_425810,ok
0x00425840,0x004258CA,sub_425840,ok
0x004258D0,0x00426F2D,sub_4258D0,ok
0x00426F50,0x00426FA0,sub_426F50,ok
0x00426FA0,0x00426FF8,sub_426FA0,ok
0x00427000,0x00427092,sub_427000,ok
0x004270A0,0x00427101,sub_4270A0,ok
0x00427110,0x0042716C,sub_427110,ok
0x00427170,0x0042721B,sub_427170,ok
0x00427220,0x004272E9,sub_427220,ok
0x004272F0,0x004273EA,sub_4272F0,ok
0x00427410,0x0042749F,sub_427410,ok
0x004274A0,0x004275AB,sub_4274A0,ok
0x004275B0,0x0042778B,sub_4275B0,ok
0x00427790,0x004278AD,sub_427790,ok
0x004278B0,0x00427A9E,sub_4278B0,ok
0x00427AA0,0x00427D8C,sub_427AA0,ok
0x00427D90,0x00427F78,sub_427D90,ok
0x00427F80,0x0042801B,sub_427F80,ok
0x00428020,0x00428051,sub_428020,ok
0x00428060,0x004280C7,sub_428060,ok
0x004280D0,0x004280FF,sub_4280D0,ok
0x00428100,0x00428126,sub_428100,ok
0x00428130,0x004281D5,sub_428130,ok
0x004281E0,0x0042827C,sub_4281E0,ok
0x00428280,0x004282AD,sub_428280,ok
0x004282B0,0x0042830D,sub_4282B0,ok
0x00428310,0x0042836D,sub_428310,ok
0x00428370,0x00428377,sub_428370,ok
0x00428380,0x00428422,sub_428380,ok
0x00428430,0x0042846B,sub_428430,ok
0x00428470,0x00428527,sub_428470,ok
0x00428540,0x00428592,sub_428540,ok
0x004285A0,0x004287B6,sub_4285A0,ok
0x004288F0,0x00428AB1,sub_4288F0,ok
0x00428AC0,0x00428BD5,sub_428AC0,ok
0x00428BE0,0x00428BF6,sub_428BE0,ok
0x00428C00,0x00428CC3,sub_428C00,ok
0x00428CD0,0x00428D4D,sub_428CD0,ok
0x00428D50,0x00428D84,sub_428D50,ok
0x00428D90,0x00428DDB,sub_428D90,ok
0x00428DE0,0x00428E67,sub_428DE0,ok
0x00428E70,0x00428FAA,sub_428E70,ok
0x00428FB0,0x00428FF7,sub_428FB0,ok
0x00429000,0x004290E9,sub_429000,ok
0x004290F0,0x00429137,sub_4290F0,ok
0x00429140,0x0042915A,sub_429140,ok
0x00429160,0x004291A7,sub_429160,ok
0x004291B0,0x004291D5,sub_4291B0,ok
0x004291E0,0x00429217,sub_4291E0,ok
0x00429220,0x004296BF,sub_429220,ok
0x004296C0,0x0042987F,sub_4296C0,ok
0x00429880,0x0042999B,sub_429880,ok
0x004299A0,0x00429AEC,sub_4299A0,ok
0x00429AF0,0x00429BE5,sub_429AF0,ok
0x00429BF0,0x00429E14,sub_429BF0,ok
0x00429E20,0x00429EC1,sub_429E20,ok
0x00429ED0,0x0042A087,sub_429ED0,ok
0x0042A090,0x0042A100,sub_42A090,ok
0x0042A100,0x0042A2BB,sub_42A100,ok
0x0042A2C0,0x0042A312,sub_42A2C0,ok
0x0042A330,0x0042A498,sub_42A330,ok
0x0042A4A0,0x0042A641,sub_42A4A0,ok
0x0042A650,0x0042A763,sub_42A650,ok
0x0042A770,0x0042A9B4,sub_42A770,ok
0x0042A9C0,0x0042AA15,sub_42A9C0,ok
0x0042AA20,0x0042AA92,sub_42AA20,ok
0x0042AAA0,0x0042AB47,sub_42AAA0,ok
0x0042AB50,0x0042AB99,sub_42AB50,ok
0x0042ABA0,0x0042ABD3,sub_42ABA0,ok
0x0042ABE0,0x0042AC42,sub_42ABE0,ok
0x0042AC50,0x0042ACB0,sub_42AC50,ok
0x0042ACB0,0x0042ACD2,sub_42ACB0,ok
0x0042ACE0,0x0042AD28,sub_42ACE0,ok
0x0042AD30,0x0042AD49,sub_42AD30,ok
0x0042AD50,0x0042AD69,sub_42AD50,ok
0x0042AD70,0x0042AD8F,sub_42AD70,ok
0x0042AD90,0x0042AE1B,sub_42AD90,ok
0x0042AE20,0x0042AFD4,sub_42AE20,ok
0x0042AFE0,0x0042B002,sub_42AFE0,ok
0x0042B010,0x0042B0C4,sub_42B010,ok
0x0042B0D0,0x0042B0D6,sub_42B0D0,ok
0x0042B0E0,0x0042B0E6,sub_42B0E0,ok
0x0042B0F0,0x0042B19E,sub_42B0F0,ok
0x0042B1A0,0x0042B292,sub_42B1A0,ok
0x0042B2A0,0x0042B352,sub_42B2A0,ok
0x0042B360,0x0042B396,sub_42B360,ok
0x0042B3A0,0x0042B3B0,sub_42B3A0,ok
0x0042B3B0,0x0042B3C0,sub_42B3B0,ok
0x0042B3C0,0x0042B3FC,sub_42B3C0,ok
0x0042B400,0x0042B525,sub_42B400,ok
0x0042B540,0x0042B547,sub_42B540,ok
0x0042B550,0x0042B557,sub_42B550,ok
0x0042B560,0x0042B5AC,sub_42B560,ok
0x0042B5B0,0x0042B6F9,sub_42B5B0,ok
0x0042B710,0x0042B8F8,sub_42B710,ok
0x0042B900,0x0042B96F,sub_42B900,ok
0x0042B970,0x0042B9A1,sub_42B970,ok
0x0042B9B0,0x0042B9C7,sub_42B9B0,ok
0x0042B9D0,0x0042BAAD,sub_42B9D0,ok
0x0042BAB0,0x0042BADE,sub_42BAB0,ok
0x0042BAE0,0x0042BB22,sub_42BAE0,ok
0x0042BB30,0x0042BBA6,sub_42BB30,ok
0x0042BBB0,0x0042BBC8,sub_42BBB0,ok
0x0042BBD0,0x0042BDDF,sub_42BBD0,ok
0x0042BDE0,0x0042BEC5,sub_42BDE0,ok
0x0042BED0,0x0042C055,sub_42BED0,ok
0x0042C060,0x0042C090,sub_42C060,ok
0x0042C090,0x0042C0C4,sub_42C090,ok
0x0042C0D0,0x0042C137,sub_42C0D0,ok
0x0042C140,0x0042C16F,sub_42C140,ok
0x0042C170,0x0042C1BC,sub_42C170,ok
0x0042C1C0,0x0042C212,sub_42C1C0,ok
0x0042C220,0x0042C271,sub_42C220,ok
0x0042C280,0x0042C295,sub_42C280,ok
0x0042C2A0,0x0042C2C4,sub_42C2A0,ok
0x0042C2D0,0x0042C2E4,sub_42C2D0,ok
0x0042C2F0,0x0042C323,sub_42C2F0,ok
0x0042C330,0x0042C3A1,sub_42C330,ok
0x0042C3B0,0x0042C449,sub_42C3B0,ok
0x0042C450,0x0042C457,sub_42C450,ok
0x0042C460,0x0042C467,sub_42C460,ok
0x0042C470,0x0042C487,sub_42C470,ok
0x0042C490,0x0042C497,sub_42C490,ok
0x0042C4A0,0x0042C4B5,sub_42C4A0,ok
0x0042C4C0,0x0042C4D3,sub_42C4C0,ok
0x0042C4E0,0x0042C509,sub_42C4E0,ok
0x0042C510,0x0042C517,sub_42C510,ok
0x0042C520,0x0042C527,sub_42C520,ok
0x0042C530,0x0042C537,sub_42C530,ok
0x0042C540,0x0042C547,sub_42C540,ok
0x0042C550,0x0042C56C,sub_42C550,ok
0x0042C570,0x0042C577,sub_42C570,ok
0x0042C580,0x0042C59C,sub_42C580,ok
0x0042C5A0,0x0042C5A7,sub_42C5A0,ok
0x0042C5B0,0x0042C5FB,sub_42C5B0,ok
0x0042C600,0x0042C67C,sub_42C600,ok
0x0042C680,0x0042C6D8,sub_42C680,ok
0x0042C6E0,0x0042C6FD,sub_42C6E0,ok
0x0042C700,0x0042C716,sub_42C700,ok
0x0042C720,0x0042C732,sub_42C720,ok
0x0042C740,0x0042C794,sub_42C740,ok
0x0042C7A0,0x0042C7D0,sub_42C7A0,ok
0x0042C7D0,0x0042C870,sub_42C7D0,ok
0x0042C870,0x0042C927,sub_42C870,ok
0x0042C940,0x0042CA00,sub_42C940,ok
0x0042CA00,0x0042CA22,sub_42CA00,ok
0x0042CA30,0x0042CD23,sub_42CA30,ok
0x0042CD30,0x0042CD63,sub_42CD30,ok
0x0042CD70,0x0042CDCF,sub_42CD70,ok
0x0042CDD0,0x0042CE34,sub_42CDD0,ok
0x0042CE40,0x0042CE61,sub_42CE40,ok
0x0042CE70,0x0042CEB3,sub_42CE70,ok
0x0042CEC0,0x0042CF0D,sub_42CEC0,ok
0x0042CF10,0x0042CF6A,sub_42CF10,ok
0x0042CF70,0x0042CFAB,sub_42CF70,ok
0x0042CFB0,0x0042CFE3,sub_42CFB0,ok
0x0042CFF0,0x0042D05C,?CheckStaticConstruction@SchedulerBase@details@Concurrency@@CAXXZ,ok
0x0042D060,0x0042D081,sub_42D060,ok
0x0042D090,0x0042D0AF,sub_42D090,ok
0x0042D0B0,0x0042D0FA,sub_42D0B0,ok
0x0042D100,0x0042D1D2,sub_42D100,ok
0x0042D1E0,0x0042D27C,sub_42D1E0,ok
0x0042D280,0x0042D2BD,sub_42D280,ok
0x0042D2C0,0x0042D2F0,sub_42D2C0,ok
0x0042D2F0,0x0042D32B,sub_42D2F0,ok
0x0042D330,0x0042D370,sub_42D330,ok
0x0042D370,0x0042D3B0,sub_42D370,ok
0x0042D3B0,0x0042D3C5,sub_42D3B0,ok
0x0042D3D0,0x0042D3F1,sub_42D3D0,ok
0x0042D400,0x0042D410,sub_42D400,ok
0x0042D410,0x0042D513,sub_42D410,ok
0x0042D520,0x0042D55A,sub_42D520,ok
0x0042D560,0x0042D564,sub_42D560,ok
0x0042D570,0x0042D5AE,sub_42D570,ok
0x0042D5B0,0x0042D5C7,sub_42D5B0,ok
0x0042D5D0,0x0042D5F7,sub_42D5D0,ok
0x0042D600,0x0042D627,sub_42D600,ok
0x0042D630,0x0042D64A,sub_42D630,ok
0x0042D650,0x0042D65D,sub_42D650,ok
0x0042D660,0x0042D67A,sub_42D660,ok
0x0042D680,0x0042D69A,sub_42D680,ok
0x0042D6A0,0x0042D6C0,sub_42D6A0,ok
0x0042D6C0,0x0042D6E1,sub_42D6C0,ok
0x0042D6F0,0x0042D718,sub_42D6F0,ok
0x0042D780,0x0042D816,sub_42D780,ok
0x0042D820,0x0042D97A,sub_42D820,ok
0x0042D980,0x0042D9F7,sub_42D980,ok
0x0042DA00,0x0042DA6A,sub_42DA00,ok
0x0042DA70,0x0042DADA,sub_42DA70,ok
0x0042DAE0,0x0042DB54,sub_42DAE0,ok
0x0042DB60,0x0042DB94,sub_42DB60,ok
0x0042DBA0,0x0042DC26,sub_42DBA0,ok
0x0042DC30,0x0042DC36,sub_42DC30,ok
0x0042DC40,0x0042DC53,sub_42DC40,ok
0x0042DC60,0x0042DC75,sub_42DC60,ok
0x0042DC80,0x0042DD59,sub_42DC80,ok
0x0042DD70,0x0042DDCB,sub_42DD70,ok
0x0042DDD0,0x0042DDE5,sub_42DDD0,ok
0x0042DDF0,0x0042DF36,sub_42DDF0,ok
0x0042DF40,0x0042E36D,sub_42DF40,ok
0x0042E370,0x0042E8A9,sub_42E370,ok
0x0042E8B0,0x0042E961,sub_42E8B0,ok
0x0042E970,0x0042E981,sub_42E970,ok
0x0042E990,0x0042E994,sub_42E990,ok
0x0042E9A0,0x0042E9A4,sub_42E9A0,ok
0x0042E9B0,0x0042E9B4,sub_42E9B0,ok
0x0042E9C0,0x0042E9D8,sub_42E9C0,ok
0x0042E9E0,0x0042E9F0,sub_42E9E0,ok
0x0042E9F0,0x0042EA0C,sub_42E9F0,ok
0x0042EA10,0x0042EA2C,sub_42EA10,ok
0x0042EA30,0x0042EA73,sub_42EA30,ok
0x0042EA80,0x0042EAAD,sub_42EA80,ok
0x0042EAB0,0x0042EB29,sub_42EAB0,ok
0x0042EB30,0x0042EBCB,sub_42EB30,ok
0x0042EBD0,0x0042EC29,sub_42EBD0,ok
0x0042EC30,0x0042EC4A,Proc,ok
0x0042EC50,0x0042EC93,sub_42EC50,ok
0x0042ECA0,0x0042ECCC,sub_42ECA0,ok
0x0042ECD0,0x0042ED11,sub_42ECD0,ok
0x0042ED20,0x0042ED41,sub_42ED20,ok
0x0042ED50,0x0042EDC3,sub_42ED50,ok
0x0042EDD0,0x0042EEBC,sub_42EDD0,ok
0x0042EEC0,0x0042EF0D,sub_42EEC0,ok
0x0042EF10,0x0042EF56,sub_42EF10,ok
0x0042EF60,0x0042F06D,sub_42EF60,ok
0x0042F070,0x0042F0E5,sub_42F070,ok
0x0042F0F0,0x0042F2C8,sub_42F0F0,ok
0x0042F2D0,0x0042F309,sub_42F2D0,ok
0x0042F310,0x0042F3E4,sub_42F310,ok
0x0042F3F0,0x0042F424,sub_42F3F0,ok
0x0042F430,0x0042F461,sub_42F430,ok
0x0042F470,0x0042F4E6,sub_42F470,ok
0x0042F4F0,0x0042F544,sub_42F4F0,ok
0x0042F550,0x0042F5EA,sub_42F550,ok
0x0042F5F0,0x0042F789,sub_42F5F0,ok
0x0042F790,0x0042F94E,sub_42F790,ok
0x0042F950,0x0042F9A5,sub_42F950,ok
0x0042F9B0,0x0042FA49,sub_42F9B0,ok
0x0042FA50,0x0042FA73,sub_42FA50,ok
0x0042FA80,0x0042FA97,sub_42FA80,ok
0x0042FAA0,0x0042FABF,sub_42FAA0,ok
0x0042FAC0,0x0042FAFB,sub_42FAC0,ok
0x0042FB00,0x0042FBD8,sub_42FB00,ok
0x0042FBE0,0x0042FC08,sub_42FBE0,ok
0x0042FC10,0x0042FC3C,sub_42FC10,ok
0x0042FC40,0x0042FC6B,sub_42FC40,ok
0x0042FC70,0x0042FCC0,sub_42FC70,ok
0x0042FCC0,0x0042FD00,sub_42FCC0,ok
0x0042FD00,0x0042FD4A,sub_42FD00,ok
0x0042FD50,0x0042FD76,sub_42FD50,ok
0x0042FD80,0x0042FDDB,sub_42FD80,ok
0x0042FDE0,0x0042FEC1,sub_42FDE0,ok
0x0042FEE0,0x0042FFC4,sub_42FEE0,ok
0x0042FFD0,0x00430023,sub_42FFD0,ok
0x00430030,0x00430194,sub_430030,ok
0x004301A0,0x004301DC,sub_4301A0,ok
0x004301E0,0x00430253,sub_4301E0,ok
0x00430260,0x00430272,sub_430260,ok
0x00430280,0x004302A1,sub_430280,ok
0x004302B0,0x004302C0,sub_4302B0,ok
0x004302C0,0x004302E0,sub_4302C0,ok
0x004302E0,0x0043030D,sub_4302E0,ok
0x00430310,0x00430344,sub_430310,ok
0x00430350,0x004303A0,sub_430350,ok
0x004303A0,0x004304A8,sub_4303A0,ok
0x004304B0,0x00430502,sub_4304B0,ok
0x00430510,0x0043051D,sub_430510,ok
0x00430520,0x00430562,sub_430520,ok
0x00430570,0x0043064C,sub_430570,ok
0x00430650,0x00430671,sub_430650,ok
0x00430680,0x004306A7,sub_430680,ok
0x004306B0,0x004306F0,sub_4306B0,ok
0x004306F0,0x00430762,sub_4306F0,ok
0x00430770,0x004307CC,sub_430770,ok
0x004307D0,0x004307F1,sub_4307D0,ok
0x00430830,0x00430CC9,sub_430830,ok
0x00430CD0,0x00430D07,sub_430CD0,ok
0x00430D10,0x00430D18,sub_430D10,ok
0x00430D20,0x00430D27,sub_430D20,ok
0x00430D30,0x00430DC6,sub_430D30,ok
0x00430DD0,0x00430EEB,sub_430DD0,ok
0x00430EF0,0x00431112,sub_430EF0,ok
0x00431120,0x00431124,sub_431120,ok
0x00431130,0x00431134,sub_431130,ok
0x00431140,0x00431144,sub_431140,ok
0x00431150,0x0043119B,sub_431150,ok
0x004311A0,0x004311CE,sub_4311A0,ok
0x004311D0,0x004311F3,sub_4311D0,ok
0x00431200,0x004312B0,sub_431200,ok
0x004312B0,0x004312D5,sub_4312B0,ok
0x004312E0,0x00431319,sub_4312E0,ok
0x00431320,0x00431444,sub_431320,ok
0x00431450,0x004314EC,sub_431450,ok
0x004314F0,0x00431547,sub_4314F0,ok
0x00431550,0x00431619,sub_431550,ok
0x00431620,0x0043162F,sub_431620,ok
0x00431630,0x0043163F,sub_431630,ok
0x00431640,0x004316A8,sub_431640,ok
0x004316B0,0x004316EB,sub_4316B0,ok
0x004316F0,0x00431819,sub_4316F0,ok
0x00431820,0x004318EF,sub_431820,ok
0x004318F0,0x0043191B,sub_4318F0,ok
0x00431920,0x00431941,sub_431920,ok
0x00431950,0x00431981,sub_431950,ok
0x00431990,0x0043199B,sub_431990,ok
0x004319A0,0x004319AB,sub_4319A0,ok
0x004319B0,0x004319B6,sub_4319B0,ok
0x004319C0,0x004319D8,sub_4319C0,ok
0x004319E0,0x004319EC,sub_4319E0,ok
0x004319F0,0x004319F6,sub_4319F0,ok
0x00431A00,0x00431A08,sub_431A00,ok
0x00431A10,0x00431A28,sub_431A10,ok
0x00431A30,0x00431A34,sub_431A30,ok
0x00431A40,0x00431A48,sub_431A40,ok
0x00431A50,0x00431A5D,sub_431A50,ok
0x00431A60,0x00431A86,sub_431A60,ok
0x00431A90,0x00431A98,sub_431A90,ok
0x00431AA0,0x00431AD9,sub_431AA0,ok
0x00431AE0,0x00431AE4,sub_431AE0,ok
0x00431AF0,0x00431B37,sub_431AF0,ok
0x00431B40,0x00431B82,sub_431B40,ok
0x00431B90,0x00431BC7,sub_431B90,ok
0x00431BD0,0x00431C59,sub_431BD0,ok
0x00431C60,0x00431C81,sub_431C60,ok
0x00431C90,0x00431D05,sub_431C90,ok
0x00431D10,0x00431D48,sub_431D10,ok
0x00431D50,0x00431D81,sub_431D50,ok
0x00431D90,0x00431E79,sub_431D90,ok
0x00431E80,0x00431F00,sub_431E80,ok
0x00431F00,0x004320AE,sub_431F00,ok
0x004320B0,0x004320D6,sub_4320B0,ok
0x004320E0,0x0043215F,sub_4320E0,ok
0x00432160,0x0043235E,sub_432160,ok
0x00432360,0x004323E1,sub_432360,ok
0x004323F0,0x00432412,sub_4323F0,ok
0x00432420,0x00432485,sub_432420,ok
0x00432490,0x004325E0,sub_432490,ok
0x004325E0,0x0043286C,sub_4325E0,ok
0x00432870,0x004328C8,sub_432870,ok
0x004328D0,0x004328F2,sub_4328D0,ok
0x00432900,0x00432962,sub_432900,ok
0x00432970,0x00432AC0,sub_432970,ok
0x00432AC0,0x00432BBF,sub_432AC0,ok
0x00432BC0,0x00432CCC,sub_432BC0,ok
0x00432CD0,0x00432CF1,sub_432CD0,ok
0x00432D00,0x00432D66,sub_432D00,ok
0x00432D70,0x00432D76,sub_432D70,ok
0x00432D80,0x00432DBC,sub_432D80,ok
0x00432DC0,0x00432DC6,sub_432DC0,ok
0x00432DD0,0x00432E24,sub_432DD0,ok
0x00432E30,0x00432E40,sub_432E30,ok
0x00432E40,0x00432F50,sub_432E40,ok
0x00432F50,0x00432FFD,sub_432F50,ok
0x00433000,0x00433024,sub_433000,ok
0x00433030,0x00433054,sub_433030,ok
0x00433060,0x00433171,sub_433060,ok
0x00433180,0x004332F4,sub_433180,ok
0x00433300,0x00433461,sub_433300,ok
0x00433470,0x0043347F,sub_433470,ok
0x00433480,0x00433486,sub_433480,ok
0x00433490,0x004334A9,sub_433490,ok
0x004334B0,0x004334BC,sub_4334B0,ok
0x004334C0,0x004334C6,sub_4334C0,ok
0x004334D0,0x004334E9,sub_4334D0,ok
0x004334F0,0x00433509,sub_4334F0,ok
0x00433510,0x0043351C,sub_433510,ok
0x00433520,0x00433526,sub_433520,ok
0x00433530,0x00433567,sub_433530,ok
0x00433570,0x0043359D,sub_433570,ok
0x004335A0,0x004335B6,sub_4335A0,ok
0x004335C0,0x004335CD,sub_4335C0,ok
0x004335D0,0x004335D4,sub_4335D0,ok
0x004335E0,0x004335E4,sub_4335E0,ok
0x004335F0,0x004335F4,sub_4335F0,ok
0x00433600,0x004336A2,sub_433600,ok
0x004336B0,0x00433774,sub_4336B0,ok
0x00433780,0x004337B4,sub_433780,ok
0x004337C0,0x004337CF,sub_4337C0,ok
0x004337D0,0x004337D4,sub_4337D0,ok
0x004337E0,0x004337E8,sub_4337E0,ok
0x004337F0,0x0043388B,sub_4337F0,ok
0x00433890,0x0043395B,sub_433890,ok
0x00433960,0x00433982,sub_433960,ok
0x00433990,0x00433998,sub_433990,ok
0x004339A0,0x00433A66,sub_4339A0,ok
0x00433A70,0x00433E35,sub_433A70,ok
0x00433E40,0x00433F3A,sub_433E40,ok
0x00433F40,0x00434130,sub_433F40,ok
0x00434130,0x00434147,sub_434130,ok
0x00434150,0x0043419F,sub_434150,ok
0x004341A0,0x004341C9,sub_4341A0,ok
0x004341D0,0x004342A1,sub_4341D0,ok
0x004342B0,0x004342D1,sub_4342B0,ok
0x004342E0,0x00434340,sub_4342E0,ok
0x00434340,0x004343A1,sub_434340,ok
0x004343B0,0x00434401,sub_4343B0,ok
0x00434410,0x00434435,sub_434410,ok
0x00434440,0x004344C8,sub_434440,ok
0x004344D0,0x004344D6,sub_4344D0,ok
0x004344E0,0x004344EC,sub_4344E0,ok
0x004344F0,0x004344FE,sub_4344F0,ok
0x00434500,0x00434515,sub_434500,ok
0x00434520,0x00434711,sub_434520,ok
0x00434730,0x004347C3,sub_434730,ok
0x004347D0,0x004347F8,sub_4347D0,ok
0x00434800,0x0043480D,sub_434800,ok
0x00434810,0x0043483D,sub_434810,ok
0x00434840,0x004348B1,sub_434840,ok
0x004348C0,0x00434912,sub_4348C0,ok
0x00434920,0x00434A33,sub_434920,ok
0x00434A40,0x00434B4A,sub_434A40,ok
0x00434B50,0x00434B8F,sub_434B50,ok
0x00434B90,0x00434B95,sub_434B90,ok
0x00434BA0,0x00434C48,sub_434BA0,ok
0x00434C50,0x00434D71,sub_434C50,ok
0x00434D80,0x00434D9A,sub_434D80,ok
0x00434DA0,0x00434DC9,sub_434DA0,ok
0x00434DD0,0x00434DE0,sub_434DD0,ok
0x00434DE0,0x00434DF6,sub_434DE0,ok
0x00434E00,0x00434E2C,sub_434E00,ok
0x00434E30,0x00434E84,sub_434E30,ok
0x00434E90,0x00434F00,sub_434E90,ok
0x00434F00,0x004350B5,sub_434F00,ok
0x004350C0,0x0043523F,sub_4350C0,ok
0x00435240,0x00435281,sub_435240,ok
0x00435290,0x00436F91,sub_435290,ok
0x00436FF0,0x00437025,sub_436FF0,ok
0x00437030,0x0043707D,sub_437030,ok
0x00437080,0x00437099,sub_437080,ok
0x004370A0,0x004370D3,sub_4370A0,ok
0x004370E0,0x00437101,sub_4370E0,ok
0x00437110,0x0043729B,sub_437110,ok
0x004372A0,0x004375F8,sub_4372A0,ok
0x00437600,0x00437620,sub_437600,ok
0x00437620,0x0043793E,sub_437620,ok
0x00437940,0x0043799F,sub_437940,ok
0x004379A0,0x004379AF,sub_4379A0,ok
0x004379B0,0x00437A0D,sub_4379B0,ok
0x00437A10,0x00437AA9,sub_437A10,ok
0x00437AB0,0x00437B03,sub_437AB0,ok
0x00437B10,0x00437B63,sub_437B10,ok
0x00437B70,0x00437BC3,sub_437B70,ok
0x00437BD0,0x00437BFC,sub_437BD0,ok
0x00437C00,0x00437C78,sub_437C00,ok
0x00437C80,0x00437CAB,sub_437C80,ok
0x00437CB0,0x00437E27,sub_437CB0,ok
0x00437E30,0x00437E3B,sub_437E30,ok
0x00437E40,0x00437EB0,sub_437E40,ok
0x00437EB0,0x00437ED8,sub_437EB0,ok
0x00437EE0,0x00437F9F,sub_437EE0,ok
0x00437FA0,0x0043804F,sub_437FA0,ok
0x00438050,0x00438056,sub_438050,ok
0x00438060,0x00438066,sub_438060,ok
0x00438070,0x0043810E,sub_438070,ok
0x00438110,0x00438182,sub_438110,ok
0x00438190,0x004381E4,sub_438190,ok
0x004381F0,0x00438211,sub_4381F0,ok
0x00438220,0x00438267,sub_438220,ok
0x00438270,0x0043838B,sub_438270,ok
0x00438390,0x004383CD,sub_438390,ok
0x004383D0,0x00438ADF,sub_4383D0,ok
0x00438AE0,0x00438B02,sub_438AE0,ok
0x00438B10,0x00438C09,sub_438B10,ok
0x00438C10,0x00438EF6,sub_438C10,ok
0x00438F00,0x00438F5F,sub_438F00,ok
0x00438F60,0x00439020,sub_438F60,ok
0x00439020,0x004390E4,sub_439020,ok
0x004390F0,0x00439116,sub_4390F0,ok
0x00439120,0x00439277,sub_439120,ok
0x00439280,0x00439301,sub_439280,ok
0x00439310,0x00439331,sub_439310,ok
0x00439340,0x004393A5,sub_439340,ok
0x004393B0,0x00439435,sub_4393B0,ok
0x00439440,0x00439461,sub_439440,ok
0x00439470,0x004394D5,sub_439470,ok
0x004394E0,0x0043950C,sub_4394E0,ok
0x00439510,0x0043959F,sub_439510,ok
0x004395A0,0x004395C2,sub_4395A0,ok
0x004395D0,0x00439618,sub_4395D0,ok
0x00439620,0x0043968B,sub_439620,ok
0x00439690,0x004396FA,sub_439690,ok
0x00439700,0x00439721,sub_439700,ok
0x00439730,0x004397DB,sub_439730,ok
0x004397E0,0x0043984C,sub_4397E0,ok
0x00439850,0x004398B5,sub_439850,ok
0x004398C0,0x0043992A,sub_4398C0,ok
0x00439930,0x0043994E,sub_439930,ok
0x00439950,0x0043996E,sub_439950,ok
0x00439970,0x0043998D,sub_439970,ok
0x00439990,0x00439ADB,sub_439990,ok
0x00439AE0,0x00439C6D,sub_439AE0,ok
0x00439C70,0x00439CD1,sub_439C70,ok
0x00439CE0,0x00439D02,sub_439CE0,ok
0x00439D10,0x00439D59,sub_439D10,ok
0x00439D60,0x00439ECB,sub_439D60,ok
0x00439EF0,0x00439F78,sub_439EF0,ok
0x00439F80,0x00439FA2,sub_439F80,ok
0x00439FB0,0x00439FF8,sub_439FB0,ok
0x0043A000,0x0043A143,sub_43A000,ok
0x0043A150,0x0043A275,sub_43A150,ok
0x0043A280,0x0043A2A2,sub_43A280,ok
0x0043A2B0,0x0043A359,sub_43A2B0,ok
0x0043A360,0x0043A366,sub_43A360,ok
0x0043A370,0x0043A384,sub_43A370,ok
0x0043A390,0x0043A3F3,sub_43A390,ok
0x0043A400,0x0043A70F,sub_43A400,ok
0x0043A710,0x0043A7A5,sub_43A710,ok
0x0043A7B0,0x0043A81D,sub_43A7B0,ok
0x0043A820,0x0043A827,sub_43A820,ok
0x0043A830,0x0043A874,sub_43A830,ok
0x0043A880,0x0043A9DE,sub_43A880,ok
0x0043A9E0,0x0043AA5D,sub_43A9E0,ok
0x0043AA60,0x0043AC42,sub_43AA60,ok
0x0043AC50,0x0043AD43,sub_43AC50,ok
0x0043AD50,0x0043ADEA,sub_43AD50,ok
0x0043ADF0,0x0043AE4C,sub_43ADF0,ok
0x0043AE50,0x0043AE72,sub_43AE50,ok
0x0043AE80,0x0043AEC9,sub_43AE80,ok
0x0043AED0,0x0043B230,sub_43AED0,ok
0x0043B230,0x0043B37A,sub_43B230,ok
0x0043B380,0x0043B478,sub_43B380,ok
0x0043B480,0x0043B4A2,sub_43B480,ok
0x0043B4B0,0x0043B556,sub_43B4B0,ok
0x0043B560,0x0043B566,sub_43B560,ok
0x0043B570,0x0043B584,sub_43B570,ok
0x0043B590,0x0043B596,sub_43B590,ok
0x0043B5A0,0x0043B5AC,sub_43B5A0,ok
0x0043B5B0,0x0043B5D1,sub_43B5B0,ok
0x0043B5E0,0x0043B670,sub_43B5E0,ok
0x0043B670,0x0043B8B6,sub_43B670,ok
0x0043B8C0,0x0043B8C4,sub_43B8C0,ok
0x0043B8D0,0x0043B8D7,sub_43B8D0,ok
0x0043B8E0,0x0043B8EF,sub_43B8E0,ok
0x0043B8F0,0x0043BA0C,sub_43B8F0,ok
0x0043BA10,0x0043BA94,sub_43BA10,ok
0x0043BAA0,0x0043BABB,sub_43BAA0,ok
0x0043BAC0,0x0043BB31,sub_43BAC0,ok
0x0043BB40,0x0043BE6E,sub_43BB40,ok
0x0043BE70,0x0043BEC7,sub_43BE70,ok
0x0043BED0,0x0043BED6,sub_43BED0,ok
0x0043BEE0,0x0043C06A,sub_43BEE0,ok
0x0043C070,0x0043C1C7,sub_43C070,ok
0x0043C1D0,0x0043C261,sub_43C1D0,ok
0x0043C270,0x0043C2D2,sub_43C270,ok
0x0043C2E0,0x0043C302,sub_43C2E0,ok
0x0043C310,0x0043C359,sub_43C310,ok
0x0043C360,0x0043C36F,sub_43C360,ok
0x0043C370,0x0043C3BF,sub_43C370,ok
0x0043C3C0,0x0043C4B1,sub_43C3C0,ok
0x0043C4C0,0x0043C5E0,sub_43C4C0,ok
0x0043C5E0,0x0043C64E,sub_43C5E0,ok
0x0043C650,0x0043C6AC,sub_43C650,ok
0x0043C6B0,0x0043C6D2,sub_43C6B0,ok
0x0043C6E0,0x0043C729,sub_43C6E0,ok
0x0043C730,0x0043C736,sub_43C730,ok
0x0043C740,0x0043C795,sub_43C740,ok
0x0043C7A0,0x0043C7FE,sub_43C7A0,ok
0x0043C800,0x0043C822,sub_43C800,ok
0x0043C830,0x0043C89E,sub_43C830,ok
0x0043C8A0,0x0043CAEC,sub_43C8A0,ok
0x0043CAF0,0x0043CBB5,sub_43CAF0,ok
0x0043CBD0,0x0043CC2E,sub_43CBD0,ok
0x0043CC30,0x0043CC52,sub_43CC30,ok
0x0043CC60,0x0043CCD9,sub_43CC60,ok
0x0043CCE0,0x0043CDCE,sub_43CCE0,ok
0x0043CDD0,0x0043CFED,sub_43CDD0,ok
0x0043CFF0,0x0043D026,sub_43CFF0,ok
0x0043D030,0x0043D0B3,sub_43D030,ok
0x0043D0D0,0x0043D11F,sub_43D0D0,ok
0x0043D120,0x0043D141,sub_43D120,ok
0x0043D150,0x0043D197,sub_43D150,ok
0x0043D1A0,0x0043D1A7,sub_43D1A0,ok
0x0043D1B0,0x0043D1B7,sub_43D1B0,ok
0x0043D1C0,0x0043D1C6,sub_43D1C0,ok
0x0043D1D0,0x0043D230,sub_43D1D0,ok
0x0043D230,0x0043D252,sub_43D230,ok
0x0043D260,0x0043D2A8,sub_43D260,ok
0x0043D2B0,0x0043D2D9,sub_43D2B0,ok
0x0043D2E0,0x0043D37B,sub_43D2E0,ok
0x0043D380,0x0043D3A2,sub_43D380,ok
0x0043D3B0,0x0043D421,sub_43D3B0,ok
0x0043D430,0x0043D4A3,sub_43D430,ok
0x0043D4B0,0x0043D4C6,sub_43D4B0,ok
0x0043D4D0,0x0043D535,sub_43D4D0,ok
0x0043D540,0x0043D562,sub_43D540,ok
0x0043D570,0x0043D5D0,sub_43D570,ok
0x0043D5D0,0x0043D678,sub_43D5D0,ok
0x0043D680,0x0043D6AA,sub_43D680,ok
0x0043D6B0,0x0043D6E8,sub_43D6B0,ok
0x0043D6F0,0x0043D750,sub_43D6F0,ok
0x0043D750,0x0043D83B,sub_43D750,ok
0x0043D840,0x0043D8A7,sub_43D840,ok
0x0043D8B0,0x0043D975,sub_43D8B0,ok
0x0043D980,0x0043DA09,sub_43D980,ok
0x0043DA10,0x0043DAFF,sub_43DA10,ok
0x0043DB00,0x0043DB8A,sub_43DB00,ok
0x0043DB90,0x0043DBFD,sub_43DB90,ok
0x0043DC00,0x0043DCA8,sub_43DC00,ok
0x0043DCB0,0x0043DD52,sub_43DCB0,ok
0x0043DD60,0x0043DDA9,sub_43DD60,ok
0x0043DDB0,0x0043DE0B,sub_43DDB0,ok
0x0043DE10,0x0043DE86,sub_43DE10,ok
0x0043DE90,0x0043DEFB,sub_43DE90,ok
0x0043DF00,0x0043DF6B,sub_43DF00,ok
0x0043DF70,0x0043DFF7,sub_43DF70,ok
0x0043E000,0x0043E08D,sub_43E000,ok
0x0043E090,0x0043E0DE,sub_43E090,ok
0x0043E0E0,0x0043E12E,sub_43E0E0,ok
0x0043E130,0x0043E18B,sub_43E130,ok
0x0043E190,0x0043E460,sub_43E190,ok
0x0043E490,0x0043E4B4,sub_43E490,ok
0x0043E4C0,0x0043E4CD,sub_43E4C0,ok
0x0043E4D0,0x0043E50F,sub_43E4D0,ok
0x0043E510,0x0043E5C3,sub_43E510,ok
0x0043E5D0,0x0043E602,sub_43E5D0,ok
0x0043E610,0x0043E682,sub_43E610,ok
0x0043E690,0x0043E72B,sub_43E690,ok
0x0043E730,0x0043E7EE,sub_43E730,ok
0x0043E7F0,0x0043E8B7,sub_43E7F0,ok
0x0043E8C0,0x0043E981,sub_43E8C0,ok
0x0043E990,0x0043EAAD,sub_43E990,ok
0x0043EAB0,0x0043EB9E,sub_43EAB0,ok
0x0043EBA0,0x0043EC9A,sub_43EBA0,ok
0x0043ECA0,0x0043ED19,sub_43ECA0,ok
0x0043ED20,0x0043ED96,sub_43ED20,ok
0x0043EDA0,0x0043EE62,sub_43EDA0,ok
0x0043EE70,0x0043EED8,sub_43EE70,ok
0x0043EEE0,0x0043EF3E,sub_43EEE0,ok
0x0043EF40,0x0043EF82,sub_43EF40,ok
0x0043EF90,0x0043F047,sub_43EF90,ok
0x0043F050,0x0043F083,sub_43F050,ok
0x0043F090,0x0043F108,sub_43F090,ok
0x0043F110,0x0043F1CA,sub_43F110,ok
0x0043F1D0,0x0043F238,sub_43F1D0,ok
0x0043F240,0x0043F282,sub_43F240,ok
0x0043F290,0x0043F347,sub_43F290,ok
0x0043F350,0x0043F383,sub_43F350,ok
0x0043F390,0x0043F407,sub_43F390,ok
0x0043F410,0x0043F4D4,sub_43F410,ok
0x0043F4E0,0x0043F55C,sub_43F4E0,ok
0x0043F560,0x0043F637,sub_43F560,ok
0x0043F640,0x0043F6CD,sub_43F640,ok
0x0043F6D0,0x0043F726,sub_43F6D0,ok
0x0043F730,0x0043F798,sub_43F730,ok
0x0043F7A0,0x0043F7E2,sub_43F7A0,ok
0x0043F7F0,0x0043F8A7,sub_43F7F0,ok
0x0043F8B0,0x0043F8E3,sub_43F8B0,ok
0x0043F8F0,0x0043F968,sub_43F8F0,ok
0x0043F970,0x0043F9D8,sub_43F970,ok
0x0043F9E0,0x0043FA6B,sub_43F9E0,ok
0x0043FA70,0x0043FB06,sub_43FA70,ok
0x0043FB10,0x0043FB4D,sub_43FB10,ok
0x0043FB50,0x0043FBB5,sub_43FB50,ok
0x0043FBC0,0x0043FBF7,sub_43FBC0,ok
0x0043FC00,0x0043FC42,sub_43FC00,ok
0x0043FC50,0x0043FD2B,sub_43FC50,ok
0x0043FD30,0x0043FD63,sub_43FD30,ok
0x0043FD70,0x0043FDE8,sub_43FD70,ok
0x0043FDF0,0x0043FE54,sub_43FDF0,ok
0x0043FE60,0x0043FEC8,sub_43FE60,ok
0x0043FED0,0x0043FF46,sub_43FED0,ok
0x0043FF50,0x0043FFF9,sub_43FF50,ok
0x00440000,0x004400B1,sub_440000,ok
0x004400C0,0x0044016A,sub_4400C0,ok
0x00440170,0x004401CF,sub_440170,ok
0x004401D0,0x004402B4,sub_4401D0,ok
0x004402D0,0x00440353,sub_4402D0,ok
0x00440360,0x004403FC,sub_440360,ok
0x00440400,0x0044047F,sub_440400,ok
0x00440480,0x00440506,sub_440480,ok
0x00440520,0x00440562,sub_440520,ok
0x00440570,0x004405AA,sub_440570,ok
0x004405B0,0x004406BD,sub_4405B0,ok
0x004406C0,0x004406F3,sub_4406C0,ok
0x00440700,0x00440778,sub_440700,ok
0x00440780,0x00440805,sub_440780,ok
0x00440830,0x0044089F,sub_440830,ok
0x004408A0,0x004408CE,sub_4408A0,ok
0x004408D0,0x00440910,sub_4408D0,ok
0x00440910,0x0044093E,sub_440910,ok
0x00440940,0x00440974,sub_440940,ok
0x00440980,0x004409B5,sub_440980,ok
0x004409C0,0x00440A4D,sub_4409C0,ok
0x00440A50,0x00440A86,sub_440A50,ok
0x00440A90,0x00440AF8,sub_440A90,ok
0x00440B00,0x00440B44,sub_440B00,ok
0x00440B50,0x00440B7E,sub_440B50,ok
0x00440B80,0x00440C54,sub_440B80,ok
0x00440C80,0x00440D51,sub_440C80,ok
0x00440D60,0x00440DBC,sub_440D60,ok
0x00440DC0,0x00440E07,sub_440DC0,ok
0x00440E10,0x00440EE5,sub_440E10,ok
0x00440F10,0x00440F79,sub_440F10,ok
0x00440F80,0x00440FDB,sub_440F80,ok
0x00440FE0,0x0044100E,sub_440FE0,ok
0x00441010,0x0044103E,sub_441010,ok
0x00441040,0x00441072,sub_441040,ok
0x00441080,0x004410AE,sub_441080,ok
0x004410B0,0x004410D7,sub_4410B0,ok
0x004410E0,0x00441122,sub_4410E0,ok
0x00441130,0x0044123D,sub_441130,ok
0x00441240,0x00441273,sub_441240,ok
0x00441280,0x004412F8,sub_441280,ok
0x00441300,0x00441368,sub_441300,ok
0x00441370,0x004413DF,sub_441370,ok
0x004413E0,0x00441472,sub_4413E0,ok
0x00441480,0x004414A9,sub_441480,ok
0x004414B0,0x004414DA,sub_4414B0,ok
0x004414E0,0x00441536,sub_4414E0,ok
0x00441540,0x00441576,sub_441540,ok
0x00441580,0x004415AE,sub_441580,ok
0x004415B0,0x004415D9,sub_4415B0,ok
0x004415E0,0x00441635,sub_4415E0,ok
0x00441640,0x0044169F,sub_441640,ok
0x004416A0,0x004416FF,sub_4416A0,ok
0x00441700,0x0044177D,sub_441700,ok
0x00441780,0x004417D8,sub_441780,ok
0x004417E0,0x00441809,sub_4417E0,ok
0x00441810,0x00441859,sub_441810,ok
0x00441860,0x004418A2,sub_441860,ok
0x004418B0,0x004419BE,sub_4418B0,ok
0x004419C0,0x004419F3,sub_4419C0,ok
0x00441A00,0x00441A78,sub_441A00,ok
0x00441A80,0x00441AAF,sub_441A80,ok
0x00441AB0,0x00441B22,sub_441AB0,ok
0x00441B30,0x00441B98,sub_441B30,ok
0x00441BA0,0x00441C15,sub_441BA0,ok
0x00441C20,0x00441CA8,sub_441C20,ok
0x00441CB0,0x00441D27,sub_441CB0,ok
0x00441D30,0x00441DA7,sub_441D30,ok
0x00441DB0,0x00441E25,sub_441DB0,ok
0x00441E30,0x00441EA5,sub_441E30,ok
0x00441EB0,0x00441F25,sub_441EB0,ok
0x00441F30,0x00441FAC,sub_441F30,ok
0x00441FB0,0x0044202C,sub_441FB0,ok
0x00442030,0x004420A7,sub_442030,ok
0x004420B0,0x004420F2,sub_4420B0,ok
0x00442100,0x00442216,sub_442100,ok
0x00442220,0x00442253,sub_442220,ok
0x00442260,0x004422AF,sub_442260,ok
0x004422B0,0x00442318,sub_4422B0,ok
0x00442320,0x0044237C,sub_442320,ok
0x00442380,0x004423BE,sub_442380,ok
0x004423C0,0x004423FF,sub_4423C0,ok
0x00442400,0x0044245A,sub_442400,ok
0x00442460,0x0044248E,sub_442460,ok
0x00442490,0x004424D3,sub_442490,ok
0x004424E0,0x0044250A,sub_4424E0,ok
0x00442510,0x00442552,sub_442510,ok
0x00442560,0x0044260E,sub_442560,ok
0x00442610,0x00442643,sub_442610,ok
0x00442650,0x0044269F,sub_442650,ok
0x004426A0,0x00442708,sub_4426A0,ok
0x00442710,0x0044277E,sub_442710,ok
0x00442780,0x004427F0,sub_442780,ok
0x004427F0,0x00442848,sub_4427F0,ok
0x00442850,0x00442C23,sub_442850,ok
0x00442C30,0x00442C8B,sub_442C30,ok
0x00442C90,0x00442C9B,sub_442C90,ok
0x00442CA0,0x00442D38,sub_442CA0,ok
0x00442D40,0x00442E0F,sub_442D40,ok
0x00442E10,0x00442E4C,sub_442E10,ok
0x00442E50,0x00442E6D,sub_442E50,ok
0x00442E70,0x00442E88,sub_442E70,ok
0x00442E90,0x00442EC0,sub_442E90,ok
0x00442EC0,0x00442ED7,sub_442EC0,ok
0x00442EE0,0x00442F75,sub_442EE0,ok
0x00442F80,0x00442FEC,sub_442F80,ok
0x00442FF0,0x00443074,sub_442FF0,ok
0x00443080,0x004430B3,sub_443080,ok
0x004430C0,0x004430EC,sub_4430C0,ok
0x004430F0,0x0044312E,sub_4430F0,ok
0x00443130,0x00443147,sub_443130,ok
0x00443160,0x00443168,sub_443160,ok
0x00443170,0x0044317D,sub_443170,ok
0x00443180,0x004431E2,sub_443180,ok
0x00443240,0x00443254,sub_443240,ok
0x00443260,0x00443266,sub_443260,ok
0x00443270,0x004432EC,sub_443270,ok
0x004432F0,0x004432FD,sub_4432F0,ok
0x00443300,0x0044330B,sub_443300,ok
0x00443310,0x00443378,sub_443310,ok
0x00443380,0x004433E6,sub_443380,ok
0x004433F0,0x00443456,sub_4433F0,ok
0x00443460,0x004434B7,sub_443460,ok
0x004434C0,0x0044351B,sub_4434C0,ok
0x00443520,0x004435A6,sub_443520,ok
0x004435B0,0x00443605,sub_4435B0,ok
0x00443610,0x00443665,sub_443610,ok
0x00443670,0x004436C4,sub_443670,ok
0x004436D0,0x0044372B,sub_4436D0,ok
0x00443730,0x00443789,sub_443730,ok
0x00443790,0x00443816,sub_443790,ok
0x00443820,0x004438A4,sub_443820,ok
0x004438B0,0x0044395D,sub_4438B0,ok
0x00443960,0x004439AD,sub_443960,ok
0x004439B0,0x00443A35,sub_4439B0,ok
0x00443A40,0x00443B84,sub_443A40,ok
0x00443B90,0x00443BCD,sub_443B90,ok
0x00443BD0,0x00443BF6,sub_443BD0,ok
0x00443C00,0x00443C4B,sub_443C00,ok
0x00443C50,0x00443C83,sub_443C50,ok
0x00443C90,0x00443D33,sub_443C90,ok
0x00443D40,0x00443D97,sub_443D40,ok
0x00443DA0,0x00443DE7,sub_443DA0,ok
0x00443DF0,0x00443E4E,sub_443DF0,ok
0x00443E50,0x00443FF1,sub_443E50,ok
0x00444000,0x00444067,sub_444000,ok
0x00444070,0x004440F3,sub_444070,ok
0x00444100,0x00444121,sub_444100,ok
0x00444130,0x004441CF,sub_444130,ok
0x004441D0,0x00444261,sub_4441D0,ok
0x00444270,0x004442B8,sub_444270,ok
0x004442C0,0x004442D1,sub_4442C0,ok
0x004442E0,0x00444420,sub_4442E0,ok
0x00444420,0x004444B9,sub_444420,ok
0x004444F0,0x00444548,sub_4444F0,ok
0x00444550,0x0044459E,sub_444550,ok
0x004445A0,0x00444673,sub_4445A0,ok
0x00444680,0x0044470C,sub_444680,ok
0x00444710,0x0044475A,sub_444710,ok
0x00444760,0x004447BA,sub_444760,ok
0x004447C0,0x00444989,sub_4447C0,ok
0x00444990,0x004449B1,sub_444990,ok
0x004449C0,0x00444A5B,sub_4449C0,ok
0x00444A60,0x00444A6A,sub_444A60,ok
0x00444A70,0x00444B01,sub_444A70,ok
0x00444B10,0x00444B44,sub_444B10,ok
0x00444B50,0x00444B54,sub_444B50,ok
0x00444B60,0x00444B87,sub_444B60,ok
0x00444B90,0x00444BC8,sub_444B90,ok
0x00444BD0,0x00444BEF,sub_444BD0,ok
0x00444BF0,0x00444C2E,sub_444BF0,ok
0x00444C30,0x00444C37,sub_444C30,ok
0x00444C40,0x00444C47,sub_444C40,ok
0x00444C50,0x00444C54,sub_444C50,ok
0x00444C60,0x00444C64,sub_444C60,ok
0x00444C70,0x00444C74,sub_444C70,ok
0x00444C80,0x00444C95,sub_444C80,ok
0x00444CA0,0x00444CB4,sub_444CA0,ok
0x00444CC0,0x00444CCC,sub_444CC0,ok
0x00444CD0,0x00444CD8,sub_444CD0,ok
0x00444CE0,0x00444D7B,sub_444CE0,ok
0x00444D80,0x00444DB2,sub_444D80,ok
0x00444DC0,0x00444F98,sub_444DC0,ok
0x00444FA0,0x00444FA4,sub_444FA0,ok
0x00444FB0,0x00444FB5,sub_444FB0,ok
0x00444FC0,0x00444FC4,sub_444FC0,ok
0x00444FD0,0x00444FD4,sub_444FD0,ok
0x00444FE0,0x00444FE7,sub_444FE0,ok
0x00444FF0,0x00444FF7,sub_444FF0,ok
0x00445000,0x00445007,sub_445000,ok
0x00445010,0x00445024,sub_445010,ok
0x00445030,0x0044503E,sub_445030,ok
0x00445040,0x00445051,sub_445040,ok
0x00445060,0x00445070,sub_445060,ok
0x00445070,0x004450A9,sub_445070,ok
0x004450B0,0x004450C5,sub_4450B0,ok
0x004450D0,0x004450E8,sub_4450D0,ok
0x004450F0,0x00445104,sub_4450F0,ok
0x00445110,0x00445124,sub_445110,ok
0x00445130,0x00445149,sub_445130,ok
0x00445150,0x00445181,sub_445150,ok
0x00445190,0x004451B3,sub_445190,ok
0x004451C0,0x004451E8,sub_4451C0,ok
0x004451F0,0x0044522F,sub_4451F0,ok
0x00445230,0x00445253,sub_445230,ok
0x00445260,0x00445281,sub_445260,ok
0x00445290,0x004452A8,sub_445290,ok
0x004452B0,0x004452B7,sub_4452B0,ok
0x004452C0,0x004452F7,sub_4452C0,ok
0x00445300,0x00445328,sub_445300,ok
0x00445330,0x00445333,sub_445330,ok
0x00445340,0x0044547E,sub_445340,ok
0x00445480,0x004454F8,sub_445480,ok
0x00445500,0x00445504,sub_445500,ok
0x00445510,0x00445580,sub_445510,ok
0x004455A0,0x00445630,sub_4455A0,ok
0x00445630,0x00445652,sub_445630,ok
0x00445660,0x004456FD,sub_445660,ok
0x00445700,0x00445821,sub_445700,ok
0x00445830,0x0044587A,sub_445830,ok
0x00445880,0x00445966,sub_445880,ok
0x00445970,0x0044599E,sub_445970,ok
0x004459A0,0x004459DB,sub_4459A0,ok
0x004459E0,0x00445AC0,sub_4459E0,ok
0x00445AC0,0x00445B57,sub_445AC0,ok
0x00445B60,0x00445B78,sub_445B60,ok
0x00445B80,0x00445C3A,sub_445B80,ok
0x00445C40,0x00445D1C,sub_445C40,ok
0x00445D20,0x00445DFC,sub_445D20,ok
0x00445E00,0x00445EA6,sub_445E00,ok
0x00445EB0,0x00445ED6,sub_445EB0,ok
0x00445EE0,0x00445F01,sub_445EE0,ok
0x00445F10,0x00445F31,sub_445F10,ok
0x00445F40,0x00446051,sub_445F40,ok
0x00446060,0x004460F3,sub_446060,ok
0x00446100,0x00446124,sub_446100,ok
0x00446130,0x00446185,sub_446130,ok
0x00446190,0x004461DB,sub_446190,ok
0x004461E0,0x00446350,sub_4461E0,ok
0x00446350,0x00446371,sub_446350,ok
0x00446380,0x0044645C,sub_446380,ok
0x00446460,0x0044647F,sub_446460,ok
0x004464C0,0x004464D0,sub_4464C0,ok
0x004464D0,0x004464E0,sub_4464D0,ok
0x004464E0,0x004465C9,sub_4464E0,ok
0x004465D0,0x004465ED,sub_4465D0,ok
0x004465F0,0x00446613,sub_4465F0,ok
0x00446620,0x004466CB,sub_446620,ok
0x004466D0,0x00446744,sub_4466D0,ok
0x00446750,0x00446779,sub_446750,ok
0x00446780,0x004467A9,sub_446780,ok
0x004467B0,0x004467B4,sub_4467B0,ok
0x004467C0,0x00446807,sub_4467C0,ok
0x00446810,0x00446896,sub_446810,ok
0x004468A0,0x0044694A,sub_4468A0,ok
0x00446960,0x00446ABB,sub_446960,ok
0x00446AC0,0x00446ACE,sub_446AC0,ok
0x00446AD0,0x00446AF1,sub_446AD0,ok
0x00446B00,0x00446B10,sub_446B00,ok
0x00446B10,0x00446B17,sub_446B10,ok
0x00446B20,0x00446B24,sub_446B20,ok
0x00446B30,0x00446B3B,sub_446B30,ok
0x00446B40,0x00446B73,sub_446B40,ok
0x00446B80,0x00446C7D,sub_446B80,ok
0x00446C80,0x00446CC3,sub_446C80,ok
0x00446CD0,0x00446D3C,sub_446CD0,ok
0x00446D40,0x00446DD3,sub_446D40,ok
0x00446DE0,0x00446E3C,sub_446DE0,ok
0x00446E40,0x00446EFC,sub_446E40,ok
0x00446F00,0x0044703C,sub_446F00,ok
0x00447040,0x004470D2,sub_447040,ok
0x004470E0,0x004470FE,sub_4470E0,ok
0x00447100,0x00447132,sub_447100,ok
0x00447140,0x00447323,sub_447140,ok
0x00447330,0x0044744C,sub_447330,ok
0x00447450,0x0044748C,sub_447450,ok
0x00447490,0x004474BB,sub_447490,ok
0x004474C0,0x00447504,sub_4474C0,ok
0x00447510,0x004475D0,sub_447510,ok
0x004475D0,0x00447607,sub_4475D0,ok
0x00447610,0x0044764F,sub_447610,ok
0x00447650,0x004476CD,sub_447650,ok
0x004476D0,0x0044770F,sub_4476D0,ok
0x00447710,0x00447731,sub_447710,ok
0x00447740,0x00447788,sub_447740,ok
0x00447790,0x0044779B,sub_447790,ok
0x004477A0,0x004477AB,sub_4477A0,ok
0x004477B0,0x004477B4,sub_4477B0,ok
0x004477C0,0x004477D7,sub_4477C0,ok
0x004477E0,0x00447859,sub_4477E0,ok
0x00447860,0x004478C8,sub_447860,ok
0x004478D0,0x004478D8,sub_4478D0,ok
0x004478E0,0x004478FE,sub_4478E0,ok
0x00447900,0x00447923,sub_447900,ok
0x00447930,0x00447977,sub_447930,ok
0x00447980,0x00447988,sub_447980,ok
0x00447990,0x00447AD9,sub_447990,ok
0x00447AE0,0x00447B01,sub_447AE0,ok
0x00447B10,0x00447B90,sub_447B10,ok
0x00447B90,0x00447BAF,sub_447B90,ok
0x00447BB0,0x00447BE0,sub_447BB0,ok
0x00447BF0,0x00447C04,sub_447BF0,ok
0x00447C10,0x00448311,sub_447C10,ok
0x00448320,0x004484AB,sub_448320,ok
0x004484B0,0x004484B4,sub_4484B0,ok
0x004484C0,0x00448516,sub_4484C0,ok
0x00448520,0x00448524,sub_448520,ok
0x00448530,0x00448558,sub_448530,ok
0x00448560,0x004485A0,sub_448560,ok
0x004485A0,0x00448651,sub_4485A0,ok
0x00448660,0x00448661,nullsub_1,ok
0x00448670,0x00448690,sub_448670,ok
0x00448690,0x0044956D,sub_448690,ok
0x004495C0,0x0044975E,sub_4495C0,ok
0x00449760,0x0044979E,sub_449760,ok
0x004497A0,0x004499E5,sub_4497A0,ok
0x004499F0,0x00449A51,sub_4499F0,ok
0x00449A60,0x00449BB5,sub_449A60,ok
0x00449BC0,0x00449D60,sub_449BC0,ok
0x00449D60,0x00449DE7,sub_449D60,ok
0x00449DF0,0x00449EC7,sub_449DF0,ok
0x00449ED0,0x00449F9F,sub_449ED0,ok
0x00449FA0,0x00449FF8,sub_449FA0,ok
0x0044A000,0x0044A04A,sub_44A000,ok
0x0044A050,0x0044A1C2,sub_44A050,ok
0x0044A1D0,0x0044A217,sub_44A1D0,ok
0x0044A220,0x0044A24A,sub_44A220,ok
0x0044A250,0x0044A3B9,sub_44A250,ok
0x0044A3E0,0x0044A5B2,sub_44A3E0,ok
0x0044A5D0,0x0044A5FE,sub_44A5D0,ok
0x0044A600,0x0044A63C,sub_44A600,ok
0x0044A640,0x0044A66E,sub_44A640,ok
0x0044A670,0x0044A688,sub_44A670,ok
0x0044A690,0x0044A698,sub_44A690,ok
0x0044A6A0,0x0044A6E7,sub_44A6A0,ok
0x0044A6F0,0x0044A7BA,sub_44A6F0,ok
0x0044A7C0,0x0044A867,sub_44A7C0,ok
0x0044A870,0x0044A892,sub_44A870,ok
0x0044A8A0,0x0044A8FA,sub_44A8A0,ok
0x0044A900,0x0044B254,sub_44A900,ok
0x0044B260,0x0044B455,sub_44B260,ok
0x0044B460,0x0044B534,sub_44B460,ok
0x0044B540,0x0044B96D,sub_44B540,ok
0x0044B970,0x0044B9D9,sub_44B970,ok
0x0044B9E0,0x0044BA3A,sub_44B9E0,ok
0x0044BA40,0x0044BB6D,sub_44BA40,ok
0x0044BB70,0x0044BEBA,sub_44BB70,ok
0x0044BEC0,0x0044C10D,sub_44BEC0,ok
0x0044C110,0x0044C16F,sub_44C110,ok
0x0044C170,0x0044C230,sub_44C170,ok
0x0044C230,0x0044C2CF,sub_44C230,ok
0x0044C2D0,0x0044C35A,sub_44C2D0,ok
0x0044C360,0x0044C498,sub_44C360,ok
0x0044C4A0,0x0044C658,sub_44C4A0,ok
0x0044C660,0x0044C6BB,sub_44C660,ok
0x0044C6C0,0x0044C6E2,sub_44C6C0,ok
0x0044C6F0,0x0044C751,sub_44C6F0,ok
0x0044C760,0x0044C7BC,sub_44C760,ok
0x0044C7C0,0x0044C7E2,sub_44C7C0,ok
0x0044C7F0,0x0044C838,sub_44C7F0,ok
0x0044C840,0x0044C85B,sub_44C840,ok
0x0044C860,0x0044C8DB,sub_44C860,ok
0x0044C8E0,0x0044C938,sub_44C8E0,ok
0x0044C940,0x0044C984,sub_44C940,ok
0x0044C990,0x0044C9B1,sub_44C990,ok
0x0044C9C0,0x0044C9D0,sub_44C9C0,ok
0x0044C9D0,0x0044CFEF,sub_44C9D0,ok
0x0044CFF0,0x0044D040,sub_44CFF0,ok
0x0044D040,0x0044D07E,sub_44D040,ok
0x0044D080,0x0044D110,sub_44D080,ok
0x0044D110,0x0044D209,sub_44D110,ok
0x0044D210,0x0044D233,sub_44D210,ok
0x0044D240,0x0044D2B3,sub_44D240,ok
0x0044D2C0,0x0044D390,sub_44D2C0,ok
0x0044D390,0x0044D44A,sub_44D390,ok
0x0044D450,0x0044D4CF,sub_44D450,ok
0x0044D4D0,0x0044D555,sub_44D4D0,ok
0x0044D560,0x0044D680,sub_44D560,ok
0x0044D680,0x0044D687,sub_44D680,ok
0x0044D690,0x0044D70E,sub_44D690,ok
0x0044D710,0x0044D78E,sub_44D710,ok
0x0044D790,0x0044D7A5,sub_44D790,ok
0x0044D7B0,0x0044D7BA,sub_44D7B0,ok
0x0044D7C0,0x0044D7CA,sub_44D7C0,ok
0x0044D7D0,0x0044D7DA,sub_44D7D0,ok
0x0044D7E0,0x0044D82A,sub_44D7E0,ok
0x0044D830,0x0044D851,sub_44D830,ok
0x0044D860,0x0044D867,sub_44D860,ok
0x0044D870,0x0044D87B,sub_44D870,ok
0x0044D880,0x0044DA1C,sub_44D880,ok
0x0044DA20,0x0044DA8A,sub_44DA20,ok
0x0044DA90,0x0044DABD,sub_44DA90,ok
0x0044DAC0,0x0044DAD2,sub_44DAC0,ok
0x0044DAE0,0x0044DAE5,sub_44DAE0,ok
0x0044DAF0,0x0044DAF4,sub_44DAF0,ok
0x0044DB00,0x0044DB04,sub_44DB00,ok
0x0044DB10,0x0044DB40,sub_44DB10,ok
0x0044DB40,0x0044DB95,sub_44DB40,ok
0x0044DBA0,0x0044DBA4,sub_44DBA0,ok
0x0044DBB0,0x0044DBB8,sub_44DBB0,ok
0x0044DBC0,0x0044DBC5,sub_44DBC0,ok
0x0044DBD0,0x0044DBD5,sub_44DBD0,ok
0x0044DBE0,0x0044DC07,sub_44DBE0,ok
0x0044DC10,0x0044DC23,sub_44DC10,ok
0x0044DC30,0x0044DD30,sub_44DC30,ok
0x0044DD30,0x0044DD51,sub_44DD30,ok
0x0044DD60,0x0044DD90,sub_44DD60,ok
0x0044DD90,0x0044DD9B,sub_44DD90,ok
0x0044DDA0,0x0044DDAB,sub_44DDA0,ok
0x0044DDB0,0x0044DDCE,sub_44DDB0,ok
0x0044DDD0,0x0044DDDA,sub_44DDD0,ok
0x0044DDE0,0x0044DE5A,sub_44DDE0,ok
0x0044DE60,0x0044DEBD,sub_44DE60,ok
0x0044DEC0,0x0044DF02,sub_44DEC0,ok
0x0044DF10,0x0044DF41,sub_44DF10,ok
0x0044DF50,0x0044DFA3,sub_44DF50,ok
0x0044DFB0,0x0044DFC4,sub_44DFB0,ok
0x0044DFD0,0x0044DFE4,sub_44DFD0,ok
0x0044DFF0,0x0044E0E5,sub_44DFF0,ok
0x0044E110,0x0044E14E,sub_44E110,ok
0x0044E150,0x0044E225,sub_44E150,ok
0x0044E230,0x0044E252,sub_44E230,ok
0x0044E260,0x0044E2BD,sub_44E260,ok
0x0044E2C0,0x0044E2D6,sub_44E2C0,ok
0x0044E2E0,0x0044E371,sub_44E2E0,ok
0x0044E380,0x0044E3E3,sub_44E380,ok
0x0044E3F0,0x0044E43B,sub_44E3F0,ok
0x0044E440,0x0044E4ED,sub_44E440,ok
0x0044E4F0,0x0044E60E,sub_44E4F0,ok
0x0044E610,0x0044E61E,sub_44E610,ok
0x0044E620,0x0044E7BD,sub_44E620,ok
0x0044E7C0,0x0044E7FD,sub_44E7C0,ok
0x0044E800,0x0044E8D9,sub_44E800,ok
0x0044E8E0,0x0044E9D4,sub_44E8E0,ok
0x0044E9E0,0x0044EAD3,sub_44E9E0,ok
0x0044EAE0,0x0044ED27,sub_44EAE0,ok
0x0044ED30,0x0044ED3F,sub_44ED30,ok
0x0044ED40,0x0044EFF0,sub_44ED40,ok
0x0044EFF0,0x0044F002,sub_44EFF0,ok
0x0044F010,0x0044F01B,sub_44F010,ok
0x0044F020,0x0044F052,sub_44F020,ok
0x0044F060,0x0044F06B,sub_44F060,ok
0x0044F070,0x0044F080,sub_44F070,ok
0x0044F080,0x0044F098,sub_44F080,ok
0x0044F0A0,0x0044F0C1,sub_44F0A0,ok
0x0044F0D0,0x0044F0D7,sub_44F0D0,ok
0x0044F0E0,0x0044F0EA,sub_44F0E0,ok
0x0044F0F0,0x0044F119,sub_44F0F0,ok
0x0044F120,0x0044F136,sub_44F120,ok
0x0044F140,0x0044F18F,sub_44F140,ok
0x0044F190,0x0044F1B1,sub_44F190,ok
0x0044F1C0,0x0044F207,sub_44F1C0,ok
0x0044F210,0x0044F24C,sub_44F210,ok
0x0044F250,0x0044F2D8,sub_44F250,ok
0x0044F2E0,0x0044F3A0,sub_44F2E0,ok
0x0044F3A0,0x0044F3FC,sub_44F3A0,ok
0x0044F400,0x0044F44C,sub_44F400,ok
0x0044F450,0x0044F46E,sub_44F450,ok
0x0044F470,0x0044F5DD,sub_44F470,ok
0x0044F5E0,0x0044F601,sub_44F5E0,ok
0x0044F610,0x0044F669,sub_44F610,ok
0x0044F670,0x0044F6F0,sub_44F670,ok
0x0044F6F0,0x0044F7DC,sub_44F6F0,ok
0x0044F7E0,0x0044F811,sub_44F7E0,ok
0x0044F820,0x0044F85E,sub_44F820,ok
0x0044F860,0x0044F88F,sub_44F860,ok
0x0044F890,0x0044F8A8,sub_44F890,ok
0x0044F900,0x0044FAF8,sub_44F900,ok
0x0044FB00,0x0044FB2E,sub_44FB00,ok
0x0044FB30,0x0044FB79,sub_44FB30,ok
0x0044FB80,0x0044FC09,sub_44FB80,ok
0x0044FC10,0x0044FDCF,sub_44FC10,ok
0x0044FDD0,0x0044FDFD,sub_44FDD0,ok
0x0044FE00,0x0044FF8A,sub_44FE00,ok
0x0044FF90,0x0045009A,sub_44FF90,ok
0x004500A0,0x004500C1,sub_4500A0,ok
0x004500D0,0x00450117,sub_4500D0,ok
0x00450120,0x00450169,sub_450120,ok
0x00450170,0x00450207,sub_450170,ok
0x00450210,0x00450241,sub_450210,ok
0x00450250,0x00450275,sub_450250,ok
0x00450280,0x004502E2,sub_450280,ok
0x004502F0,0x0045030F,sub_4502F0,ok
0x00450310,0x0045033B,sub_450310,ok
0x00450340,0x00450361,sub_450340,ok
0x00450370,0x00450380,sub_450370,ok
0x00450380,0x00450474,sub_450380,ok
0x00450480,0x004504E7,sub_450480,ok
0x004504F0,0x0045050D,sub_4504F0,ok
0x00450510,0x00450677,sub_450510,ok
0x00450680,0x004506E0,sub_450680,ok
0x004506E0,0x00450761,sub_4506E0,ok
0x00450770,0x00450791,sub_450770,ok
0x004507A0,0x00450809,sub_4507A0,ok
0x00450810,0x00450881,sub_450810,ok
0x00450890,0x0045090D,sub_450890,ok
0x00450910,0x00450992,sub_450910,ok
0x004509A0,0x004509C1,sub_4509A0,ok
0x004509D0,0x00450A42,sub_4509D0,ok
0x00450A50,0x00450A72,sub_450A50,ok
0x00450A80,0x00450B0D,sub_450A80,ok
0x00450B10,0x00450B32,sub_450B10,ok
0x00450B40,0x00450BBF,sub_450B40,ok
0x00450BC0,0x0045103A,sub_450BC0,ok
0x00451040,0x0045106F,sub_451040,ok
0x00451070,0x004512D5,sub_451070,ok
0x004512E0,0x004512FE,sub_4512E0,ok
0x00451300,0x00451476,sub_451300,ok
0x00451480,0x0045151C,sub_451480,ok
0x00451520,0x00451541,sub_451520,ok
0x00451550,0x00451612,sub_451550,ok
0x00451620,0x0045162C,?__uncaught_exception@@YA_NXZ,ok
0x00451630,0x0045165B,sub_451630,ok
0x00451660,0x00451675,sub_451660,ok
0x00451680,0x0045197F,sub_451680,ok
0x00451980,0x00451A9A,sub_451980,ok
0x00451AA0,0x00451AF5,sub_451AA0,ok
0x00451B00,0x00451B5A,sub_451B00,ok
0x00451B60,0x00451CC7,sub_451B60,ok
0x00451CF0,0x00451D86,sub_451CF0,ok
0x00451D90,0x00451DBD,sub_451D90,ok
0x00451DC0,0x00451DDB,sub_451DC0,ok
0x00451DE0,0x00451EC2,sub_451DE0,ok
0x00451ED0,0x00451EF1,sub_451ED0,ok
0x00451F00,0x00451F84,sub_451F00,ok
0x00451F90,0x004520F6,sub_451F90,ok
0x00452100,0x00452176,sub_452100,ok
0x00452180,0x004521A2,sub_452180,ok
0x004521B0,0x00452213,sub_4521B0,ok
0x00452220,0x00452283,sub_452220,ok
0x00452290,0x004522E8,sub_452290,ok
0x004522F0,0x00452312,sub_4522F0,ok
0x00452320,0x00452369,sub_452320,ok
0x00452370,0x004523EC,sub_452370,ok
0x004523F0,0x00452455,sub_4523F0,ok
0x00452460,0x00452482,sub_452460,ok
0x00452490,0x004524F3,sub_452490,ok
0x00452500,0x0045252B,sub_452500,ok
0x00452530,0x004525A6,sub_452530,ok
0x004525B0,0x004525D1,sub_4525B0,ok
0x004525E0,0x00452633,sub_4525E0,ok
0x00452640,0x004526D8,sub_452640,ok
0x004526E0,0x00452765,sub_4526E0,ok
0x00452770,0x00452791,sub_452770,ok
0x004527A0,0x004527C0,sub_4527A0,ok
0x004527C0,0x0045282C,sub_4527C0,ok
0x00452830,0x00452847,sub_452830,ok
0x00452850,0x00452873,sub_452850,ok
0x00452880,0x00452952,sub_452880,ok
0x00452960,0x004529FE,sub_452960,ok
0x00452A00,0x00452A94,sub_452A00,ok
0x00452AA0,0x00452ADA,sub_452AA0,ok
0x00452AE0,0x00452B03,sub_452AE0,ok
0x00452B10,0x00452B78,sub_452B10,ok
0x00452B80,0x00452BA2,sub_452B80,ok
0x00452BB0,0x00452C1A,sub_452BB0,ok
0x00452C20,0x00452CD0,sub_452C20,ok
0x00452CD0,0x00452CE1,sub_452CD0,ok
0x00452CF0,0x00452D01,sub_452CF0,ok
0x00452D10,0x00452D21,sub_452D10,ok
0x00452D30,0x00452D3D,sub_452D30,ok
0x00452D40,0x00452D6C,sub_452D40,ok
0x00452D70,0x00452D7D,sub_452D70,ok
0x00452D80,0x00452D91,sub_452D80,ok
0x00452DA0,0x00452DB1,sub_452DA0,ok
0x00452DC0,0x00452DF5,sub_452DC0,ok
0x00452E00,0x00452E21,sub_452E00,ok
0x00452E30,0x00452E40,sub_452E30,ok
0x00452E40,0x00452E71,sub_452E40,ok
0x00452E80,0x0045305C,sub_452E80,ok
0x00453060,0x004530D6,sub_453060,ok
0x004530E0,0x00453105,sub_4530E0,ok
0x00453110,0x00453184,sub_453110,ok
0x00453190,0x0045320C,sub_453190,ok
0x00453210,0x0045325B,sub_453210,ok
0x00453260,0x0045328D,sub_453260,ok
0x00453290,0x004532C2,sub_453290,ok
0x004532D0,0x004532F9,sub_4532D0,ok
0x00453300,0x00453331,sub_453300,ok
0x00453340,0x00453363,sub_453340,ok
0x00453370,0x004533AE,sub_453370,ok
0x004533B0,0x004533D9,sub_4533B0,ok
0x004533E0,0x0045340E,sub_4533E0,ok
0x00453410,0x00453493,sub_453410,ok
0x004534A0,0x0045350B,sub_4534A0,ok
0x00453510,0x0045358F,sub_453510,ok
0x00453590,0x00453629,sub_453590,ok
0x00453630,0x00453693,sub_453630,ok
0x004536A0,0x00453708,sub_4536A0,ok
0x00453710,0x0045375F,sub_453710,ok
0x00453760,0x004537B5,sub_453760,ok
0x004537C0,0x004537FE,sub_4537C0,ok
0x00453800,0x00453D72,sub_453800,ok
0x00453D80,0x00453E29,sub_453D80,ok
0x00453E30,0x00453E3F,sub_453E30,ok
0x00453E40,0x00453E65,sub_453E40,ok
0x00453E70,0x00453E83,sub_453E70,ok
0x00453E90,0x00453EE3,sub_453E90,ok
0x00453EF0,0x00453F39,sub_453EF0,ok
0x00453F40,0x00453F60,sub_453F40,ok
0x00453F60,0x00454066,sub_453F60,ok
0x00454070,0x004540C4,sub_454070,ok
0x004540D0,0x004540F1,sub_4540D0,ok
0x00454100,0x00454147,sub_454100,ok
0x00454150,0x00454182,sub_454150,ok
0x00454190,0x004541C8,sub_454190,ok
0x004541D0,0x0045433E,sub_4541D0,ok
0x00454340,0x00454449,sub_454340,ok
0x00454450,0x00454467,sub_454450,ok
0x00454470,0x00454493,sub_454470,ok
0x004544B0,0x004544F4,sub_4544B0,ok
0x00454510,0x00454645,sub_454510,ok
0x00454650,0x00454671,sub_454650,ok
0x00454680,0x004546D9,sub_454680,ok
0x004546E0,0x00454733,sub_4546E0,ok
0x00454760,0x0045478E,sub_454760,ok
0x00454790,0x004549A4,sub_454790,ok
0x004549B0,0x00454A03,sub_4549B0,ok
0x00454A10,0x00454ABD,sub_454A10,ok
0x00454AD0,0x00454B15,sub_454AD0,ok
0x00454B20,0x00454B43,sub_454B20,ok
0x00454B50,0x00454CD4,sub_454B50,ok
0x00454CE0,0x00454D46,sub_454CE0,ok
0x00454D50,0x00454DB3,sub_454D50,ok
0x00454DC0,0x00454DED,sub_454DC0,ok
0x00454DF0,0x00454F05,sub_454DF0,ok
0x00454F10,0x00454F2E,sub_454F10,ok
0x00454F30,0x0045537B,sub_454F30,ok
0x00455380,0x004553FA,sub_455380,ok
0x00455410,0x0045542E,sub_455410,ok
0x00455430,0x00455483,sub_455430,ok
0x00455490,0x004554F7,sub_455490,ok
0x00455500,0x00455539,sub_455500,ok
0x00455540,0x00455561,sub_455540,ok
0x00455570,0x0045558C,sub_455570,ok
0x00455590,0x00455777,sub_455590,ok
0x00455780,0x00455811,sub_455780,ok
0x00455820,0x00455905,sub_455820,ok
0x00455910,0x0045593B,sub_455910,ok
0x00455940,0x00455A8D,sub_455940,ok
0x00455A90,0x00455ABB,sub_455A90,ok
0x00455AC0,0x00455C8B,sub_455AC0,ok
0x00455C90,0x00455CC8,sub_455C90,ok
0x00455CD0,0x00455D2E,sub_455CD0,ok
0x00455D30,0x00455D95,sub_455D30,ok
0x00455DA0,0x004565B9,sub_455DA0,ok
0x004565C0,0x00456616,sub_4565C0,ok
0x00456620,0x0045666B,sub_456620,ok
0x00456670,0x004568B5,sub_456670,ok
0x004568C0,0x004569E9,sub_4568C0,ok
0x004569F0,0x00456FB2,sub_4569F0,ok
0x00456FC0,0x00457059,sub_456FC0,ok
0x00457060,0x00457077,sub_457060,ok
0x00457080,0x0045716F,sub_457080,ok
0x00457170,0x004571B8,sub_457170,ok
0x004571C0,0x004573F4,sub_4571C0,ok
0x00457400,0x0045748A,sub_457400,ok
0x00457490,0x004574A3,sub_457490,ok
0x004574B0,0x004574E9,sub_4574B0,ok
0x004574F0,0x00457511,sub_4574F0,ok
0x00457520,0x00457539,sub_457520,ok
0x00457540,0x004575B6,sub_457540,ok
0x004575C0,0x00457690,sub_4575C0,ok
0x00457690,0x00457781,sub_457690,ok
0x00457790,0x004577ED,sub_457790,ok
0x004577F0,0x00457853,sub_4577F0,ok
0x00457860,0x004578B9,sub_457860,ok
0x004578C0,0x004578F7,sub_4578C0,ok
0x00457900,0x00457A91,sub_457900,ok
0x00457AA0,0x00457ACD,sub_457AA0,ok
0x00457AD0,0x00457B24,sub_457AD0,ok
0x00457B30,0x00457B9A,sub_457B30,ok
0x00457BA0,0x00457C5D,sub_457BA0,ok
0x00457C60,0x00457C8F,sub_457C60,ok
0x00457C90,0x00457E3C,sub_457C90,ok
0x00457E40,0x00457E57,sub_457E40,ok
0x00457E60,0x00457F40,sub_457E60,ok
0x00457F40,0x00457F61,sub_457F40,ok
0x00457F70,0x00457FAD,sub_457F70,ok
0x00457FB0,0x00457FC9,sub_457FB0,ok
0x00457FD0,0x00458125,sub_457FD0,ok
0x00458130,0x00458159,sub_458130,ok
0x00458160,0x004584BC,sub_458160,ok
0x004584C0,0x004584EC,sub_4584C0,ok
0x004584F0,0x004591F2,sub_4584F0,ok
0x00459220,0x0045923B,sub_459220,ok
0x00459240,0x00459296,sub_459240,ok
0x004592A0,0x004592AD,sub_4592A0,ok
0x004592B0,0x004592FF,sub_4592B0,ok
0x00459300,0x0045936E,sub_459300,ok
0x00459370,0x0045961A,sub_459370,ok
0x00459620,0x00459762,sub_459620,ok
0x00459770,0x00459E9F,sub_459770,ok
0x00459EA0,0x00459F25,sub_459EA0,ok
0x00459F30,0x00459F51,sub_459F30,ok
0x00459F60,0x00459FA5,sub_459F60,ok
0x00459FB0,0x0045B584,sub_459FB0,ok
0x0045B5A0,0x0045B5B1,sub_45B5A0,ok
0x0045B5C0,0x0045B5D5,sub_45B5C0,ok
0x0045B5E0,0x0045B667,sub_45B5E0,ok
0x0045B670,0x0045B685,sub_45B670,ok
0x0045B690,0x0045B706,sub_45B690,ok
0x0045B710,0x0045B732,sub_45B710,ok
0x0045B740,0x0045B7AB,sub_45B740,ok
0x0045B7B0,0x0045B85A,sub_45B7B0,ok
0x0045B860,0x0045BABF,sub_45B860,ok
0x0045BAC0,0x0045BACD,sub_45BAC0,ok
0x0045BAD0,0x0045BADD,sub_45BAD0,ok
0x0045BAE0,0x0045BAED,sub_45BAE0,ok
0x0045BAF0,0x0045BAFD,sub_45BAF0,ok
0x0045BB00,0x0045BB0D,sub_45BB00,ok
0x0045BB10,0x0045BB1D,sub_45BB10,ok
0x0045BB20,0x0045BBB1,sub_45BB20,ok
0x0045BBC0,0x0045BBE2,sub_45BBC0,ok
0x0045BBF0,0x0045BC5B,sub_45BBF0,ok
0x0045BC60,0x0045BCF7,sub_45BC60,ok
0x0045BD00,0x0045BE31,sub_45BD00,ok
0x0045BE40,0x0045BE59,sub_45BE40,ok
0x0045BE60,0x0045BF0B,sub_45BE60,ok
0x0045BF10,0x0045BF32,sub_45BF10,ok
0x0045BF40,0x0045BFAA,sub_45BF40,ok
0x0045BFB0,0x0045C0A6,sub_45BFB0,ok
0x0045C0B0,0x0045C14B,sub_45C0B0,ok
0x0045C160,0x0045C16D,sub_45C160,ok
0x0045C170,0x0045C3CA,sub_45C170,ok
0x0045C3D0,0x0045C502,sub_45C3D0,ok
0x0045C510,0x0045C706,sub_45C510,ok
0x0045C710,0x0045C7F4,sub_45C710,ok
0x0045C800,0x0045C862,sub_45C800,ok
0x0045C870,0x0045C880,sub_45C870,ok
0x0045C880,0x0045C8A4,sub_45C880,ok
0x0045C8B0,0x0045C93C,sub_45C8B0,ok
0x0045C940,0x0045CB0F,DialogFunc,ok
0x0045CB10,0x0045CBBC,sub_45CB10,ok
0x0045CBC0,0x0045CEBB,sub_45CBC0,ok
0x0045CEC0,0x0045CF8B,sub_45CEC0,ok
0x0045CF90,0x0045CFB4,sub_45CF90,ok
0x0045CFC0,0x0045D104,sub_45CFC0,ok
0x0045D110,0x0045D39E,sub_45D110,ok
0x0045D3A0,0x0045D46B,sub_45D3A0,ok
0x0045D470,0x0045D4FC,sub_45D470,ok
0x0045D500,0x0045DA9B,sub_45D500,ok
0x0045DAA0,0x0045DB34,sub_45DAA0,ok
0x0045DB40,0x0045DD4A,sub_45DB40,ok
0x0045DD50,0x0045DDD3,sub_45DD50,ok
0x0045DDE0,0x0045DDFC,sub_45DDE0,ok
0x0045DE00,0x0045DE1D,sub_45DE00,ok
0x0045DE20,0x0045DE6F,sub_45DE20,ok
0x0045DE70,0x0045DECC,sub_45DE70,ok
0x0045DED0,0x0045E28E,sub_45DED0,ok
0x0045E2E0,0x0045E301,sub_45E2E0,ok
0x0045E310,0x0045E3A5,sub_45E310,ok
0x0045E3B0,0x0045E411,sub_45E3B0,ok
0x0045E420,0x0045E46C,sub_45E420,ok
0x0045E470,0x0045E476,sub_45E470,ok
0x0045E480,0x0045E48F,sub_45E480,ok
0x0045E490,0x0045E4C6,sub_45E490,ok
0x0045E4D0,0x0045E4EA,sub_45E4D0,ok
0x0045E4F0,0x0045E54E,sub_45E4F0,ok
0x0045E550,0x0045E580,sub_45E550,ok
0x0045E580,0x0045E5E7,sub_45E580,ok
0x0045E5F0,0x0045E5F6,sub_45E5F0,ok
0x0045E600,0x0045E610,sub_45E600,ok
0x0045E610,0x0045E737,sub_45E610,ok
0x0045E740,0x0045E74C,sub_45E740,ok
0x0045E750,0x0045E762,sub_45E750,ok
0x0045E770,0x0045E7BC,sub_45E770,ok
0x0045E7C0,0x0045E822,sub_45E7C0,ok
0x0045E830,0x0045E843,sub_45E830,ok
0x0045E850,0x0045E856,sub_45E850,ok
0x0045E860,0x0045E873,sub_45E860,ok
0x0045E880,0x0045E8C8,sub_45E880,ok
0x0045E8D0,0x0045EB57,sub_45E8D0,ok
0x0045EB60,0x0045EBA9,sub_45EB60,ok
0x0045EBB0,0x0045ECEF,sub_45EBB0,ok
0x0045ECF0,0x0045ED35,sub_45ECF0,ok
0x0045ED40,0x0045EE6C,sub_45ED40,ok
0x0045EE70,0x0045F010,sub_45EE70,ok
0x0045F010,0x0045F016,sub_45F010,ok
0x0045F020,0x0045F026,sub_45F020,ok
0x0045F030,0x0045F2AD,sub_45F030,ok
0x0045F2B0,0x0045F33F,sub_45F2B0,ok
0x0045F340,0x0045F583,sub_45F340,ok
0x0045F590,0x0045F63C,sub_45F590,ok
0x0045F640,0x0045F646,sub_45F640,ok
0x0045F650,0x0045F662,sub_45F650,ok
0x0045F670,0x0045F676,sub_45F670,ok
0x0045F680,0x0045F686,sub_45F680,ok
0x0045F690,0x0045F6E1,sub_45F690,ok
0x0045F6F0,0x0045F6F6,sub_45F6F0,ok
0x0045F700,0x0045F706,sub_45F700,ok
0x0045F710,0x0045F72E,sub_45F710,ok
0x0045F730,0x0045FC30,sub_45F730,ok
0x0045FC30,0x0045FEEA,sub_45FC30,ok
0x0045FEF0,0x0045FEF6,sub_45FEF0,ok
0x0045FF00,0x0045FFA9,sub_45FF00,ok
0x0045FFB0,0x00460021,sub_45FFB0,ok
0x00460030,0x00460036,sub_460030,ok
0x00460040,0x004602BA,sub_460040,ok
0x004602C0,0x00460314,sub_4602C0,ok
0x00460320,0x00460326,sub_460320,ok
0x00460330,0x004603FD,sub_460330,ok
0x00460400,0x0046041C,sub_460400,ok
0x00460420,0x0046054E,sub_460420,ok
0x00460550,0x00460588,sub_460550,ok
0x00460590,0x00460596,sub_460590,ok
0x004605A0,0x004605AC,?__uncaught_exception@@YA_NXZ_0,ok
0x004605B0,0x00460611,sub_4605B0,ok
0x00460620,0x0046065F,sub_460620,ok
0x00460660,0x004606D8,sub_460660,ok
0x004606E0,0x00460819,sub_4606E0,ok
0x00460820,0x0046089A,sub_460820,ok
0x004608A0,0x00460998,sub_4608A0,ok
0x004609A0,0x004609F5,sub_4609A0,ok
0x00460A00,0x00460A46,sub_460A00,ok
0x00460A50,0x00460A80,sub_460A50,ok
0x00460A80,0x00460DED,sub_460A80,ok
0x00460E40,0x00460E5B,sub_460E40,ok
0x00460E60,0x00461029,sub_460E60,ok
0x00461030,0x0046103A,sub_461030,ok
0x00461040,0x00461073,sub_461040,ok
0x00461080,0x00461086,sub_461080,ok
0x00461090,0x00461098,sub_461090,ok
0x004610A0,0x004610AA,sub_4610A0,ok
0x004610B0,0x004610B8,sub_4610B0,ok
0x004610C0,0x004610CA,sub_4610C0,ok
0x004610D0,0x004610E0,sub_4610D0,ok
0x004610E0,0x004610F0,sub_4610E0,ok
0x004610F0,0x00461104,sub_4610F0,ok
0x00461110,0x004613EF,sub_461110,ok
0x00461410,0x0046143F,sub_461410,ok
0x00461440,0x0046144B,sub_461440,ok
0x00461450,0x0046154D,sub_461450,ok
0x00461550,0x004615D8,sub_461550,ok
0x004615E0,0x00461688,sub_4615E0,ok
0x00461690,0x004616DD,sub_461690,ok
0x004616E0,0x0046173F,sub_4616E0,ok
0x00461740,0x004617A2,sub_461740,ok
0x004617B0,0x004617D5,sub_4617B0,ok
0x004617E0,0x0046197D,sub_4617E0,ok
0x00461980,0x004619BA,sub_461980,ok
0x004619C0,0x00461A14,sub_4619C0,ok
0x00461A20,0x00461A62,sub_461A20,ok
0x00461A70,0x00461AA5,sub_461A70,ok
0x00461AB0,0x00461AEA,sub_461AB0,ok
0x00461AF0,0x00461B9A,sub_461AF0,ok
0x00461BA0,0x00461C77,sub_461BA0,ok
0x00461C80,0x00461C85,sub_461C80,ok
0x00461C90,0x00461C9F,sub_461C90,ok
0x00461CA0,0x00461CA5,sub_461CA0,ok
0x00461CB0,0x00461CF2,sub_461CB0,ok
0x00461D00,0x00461D06,sub_461D00,ok
0x00461D10,0x00461D16,sub_461D10,ok
0x00461D20,0x00461D4B,sub_461D20,ok
0x00461D70,0x00461D7A,sub_461D70,ok
0x00461D80,0x00461D87,sub_461D80,ok
0x00461D90,0x00461DA2,sub_461D90,ok
0x00461DB0,0x00461DDD,sub_461DB0,ok
0x00461DE0,0x00461E0C,sub_461DE0,ok
0x00461E10,0x00461E15,sub_461E10,ok
0x00461E20,0x00461E25,sub_461E20,ok
0x00461E30,0x00461E3C,sub_461E30,ok
0x00461E40,0x00461E53,sub_461E40,ok
0x00461E60,0x00461E65,sub_461E60,ok
0x00461E70,0x00461E7E,sub_461E70,ok
0x00461E80,0x00461E93,sub_461E80,ok
0x00461EA0,0x00461EAB,sub_461EA0,ok
0x00461EB0,0x00461EB5,sub_461EB0,ok
0x00461EC0,0x00461EC5,sub_461EC0,ok
0x00461ED0,0x00461EE7,sub_461ED0,ok
0x00461EF0,0x00461F0F,sub_461EF0,ok
0x00461F10,0x00461F1E,sub_461F10,ok
0x00461F20,0x00461F2E,sub_461F20,ok
0x00461F30,0x00461F3E,sub_461F30,ok
0x00461F40,0x00461F4E,sub_461F40,ok
0x00461F50,0x00461F5F,sub_461F50,ok
0x00461F60,0x00461F73,sub_461F60,ok
0x00461F80,0x00461F8E,sub_461F80,ok
0x00461F90,0x00461F9E,sub_461F90,ok
0x00461FA0,0x00461FAE,sub_461FA0,ok
0x00461FB0,0x00461FBF,sub_461FB0,ok
0x00461FC0,0x00461FCF,sub_461FC0,ok
0x00461FD0,0x00461FE3,sub_461FD0,ok
0x00461FF0,0x00462003,sub_461FF0,ok
0x00462010,0x00462023,sub_462010,ok
0x00462030,0x00462038,sub_462030,ok
0x00462040,0x0046204E,sub_462040,ok
0x00462050,0x00462057,sub_462050,ok
0x00462060,0x00462065,sub_462060,ok
0x00462070,0x004620D7,sub_462070,ok
0x004620E0,0x004620E5,sub_4620E0,ok
0x004620F0,0x004620F7,sub_4620F0,ok
0x00462100,0x00462113,sub_462100,ok
0x00462120,0x0046212E,sub_462120,ok
0x00462130,0x00462137,sub_462130,ok
0x00462140,0x00462150,sub_462140,ok
0x00462150,0x0046216C,sub_462150,ok
0x00462170,0x00462198,sub_462170,ok
0x004621A0,0x004621B0,sub_4621A0,ok
0x004621B0,0x004621C8,sub_4621B0,ok
0x004621D0,0x004621E0,sub_4621D0,ok
0x004621E0,0x004621F8,sub_4621E0,ok
0x00462200,0x00462218,sub_462200,ok
0x00462220,0x00462230,sub_462220,ok
0x00462230,0x00462248,sub_462230,ok
0x00462250,0x00462278,sub_462250,ok
0x00462280,0x00462287,sub_462280,ok
0x00462290,0x00462298,sub_462290,ok
0x004622A0,0x004622A8,sub_4622A0,ok
0x004622B0,0x004622B7,sub_4622B0,ok
0x004622C0,0x004622C7,sub_4622C0,ok
0x004622D0,0x004622DE,sub_4622D0,ok
0x004622E0,0x004622F2,sub_4622E0,ok
0x00462300,0x0046230F,sub_462300,ok
0x00462310,0x0046231F,sub_462310,ok
0x00462320,0x00462330,sub_462320,ok
0x00462330,0x0046233E,sub_462330,ok
0x00462340,0x00462345,sub_462340,ok
0x00462350,0x00462355,sub_462350,ok
0x00462360,0x00462367,sub_462360,ok
0x00462370,0x0046238F,sub_462370,ok
0x00462390,0x004623B7,sub_462390,ok
0x004623C0,0x004623FD,sub_4623C0,ok
0x00462400,0x0046242B,sub_462400,ok
0x00462430,0x0046245B,sub_462430,ok
0x00462460,0x004624AD,sub_462460,ok
0x004624B0,0x00462509,sub_4624B0,ok
0x00462510,0x00462518,sub_462510,ok
0x00462520,0x00462528,sub_462520,ok
0x00462530,0x0046253E,sub_462530,ok
0x00462540,0x00462548,sub_462540,ok
0x00462550,0x00462560,sub_462550,ok
0x00462560,0x00462565,sub_462560,ok
0x00462570,0x00462577,sub_462570,ok
0x00462580,0x0046259F,sub_462580,ok
0x004625A0,0x004625A8,sub_4625A0,ok
0x004625B0,0x004625B5,sub_4625B0,ok
0x004625C0,0x004625C7,sub_4625C0,ok
0x004625D0,0x004625EB,sub_4625D0,ok
0x004625F0,0x00462603,sub_4625F0,ok
0x00462610,0x0046262B,sub_462610,ok
0x00462630,0x00462657,sub_462630,ok
0x00462660,0x0046266F,sub_462660,ok
0x00462670,0x0046267E,sub_462670,ok
0x00462680,0x00462685,sub_462680,ok
0x00462690,0x00462697,sub_462690,ok
0x004626A0,0x004626A8,sub_4626A0,ok
0x004626B0,0x004626CF,sub_4626B0,ok
0x004626D0,0x004626E8,sub_4626D0,ok
0x004626F0,0x00462704,sub_4626F0,ok
0x00462710,0x0046272C,sub_462710,ok
0x00462730,0x00462738,sub_462730,ok
0x00462740,0x0046275C,sub_462740,ok
0x00462760,0x00462767,sub_462760,ok
0x00462770,0x004627D7,sub_462770,ok
0x004627E0,0x004627E8,sub_4627E0,ok
0x004627F0,0x0046280B,sub_4627F0,ok
0x00462810,0x0046282C,sub_462810,ok
0x00462830,0x0046284F,sub_462830,ok
0x00462850,0x00462863,sub_462850,ok
0x00462870,0x00462884,sub_462870,ok
0x00462890,0x004628AC,sub_462890,ok
0x004628B0,0x004628C0,sub_4628B0,ok
0x004628C0,0x004628D3,sub_4628C0,ok
0x004628E0,0x004628F4,sub_4628E0,ok
0x00462900,0x00462914,sub_462900,ok
0x00462920,0x00462934,sub_462920,ok
0x00462940,0x0046297B,sub_462940,ok
0x00462980,0x00462987,sub_462980,ok
0x00462990,0x004629D2,sub_462990,ok
0x00462AF0,0x00462B0B,sub_462AF0,ok
0x00462B10,0x00462B18,sub_462B10,ok
0x00462B20,0x00462B58,sub_462B20,ok
0x00462B60,0x00462B8A,sub_462B60,ok
0x00462B90,0x00462BB6,sub_462B90,ok
0x00462BC0,0x00462BE6,sub_462BC0,ok
0x00462BF0,0x00462C5F,sub_462BF0,ok
0x00462C60,0x00462C98,sub_462C60,ok
0x00462CA0,0x00462CA8,sub_462CA0,ok
0x00462CB0,0x00462CB8,sub_462CB0,ok
0x00462CC0,0x00462CEA,sub_462CC0,ok
0x00462CF0,0x00462D74,sub_462CF0,ok
0x00462E80,0x00462EB8,sub_462E80,ok
0x00462EC0,0x00462EF8,sub_462EC0,ok
0x00462F00,0x00462F08,sub_462F00,ok
0x00462F10,0x00462F94,sub_462F10,ok
0x004630A0,0x004630EC,sub_4630A0,ok
0x004630F0,0x004630F7,sub_4630F0,ok
0x00463100,0x00463110,sub_463100,ok
0x00463110,0x00463118,sub_463110,ok
0x00463120,0x0046314A,sub_463120,ok
0x00463150,0x00463155,sub_463150,ok
0x00463160,0x00463165,sub_463160,ok
0x00463170,0x00463175,sub_463170,ok
0x00463180,0x00463185,sub_463180,ok
0x00463190,0x004631AD,sub_463190,ok
0x004631B0,0x004631BB,sub_4631B0,ok
0x004631C0,0x004631D3,sub_4631C0,ok
0x004631E0,0x004631E5,sub_4631E0,ok
0x004631F0,0x00463201,sub_4631F0,ok
0x00463210,0x00463215,sub_463210,ok
0x00463220,0x00463225,sub_463220,ok
0x00463230,0x00463235,sub_463230,ok
0x00463240,0x00463245,sub_463240,ok
0x00463250,0x00463255,sub_463250,ok
0x00463260,0x00463265,sub_463260,ok
0x00463270,0x00463298,sub_463270,ok
0x004632A0,0x004632AA,sub_4632A0,ok
0x004632B0,0x004632B5,sub_4632B0,ok
0x004632C0,0x004632E7,sub_4632C0,ok
0x004632F0,0x0046330D,sub_4632F0,ok
0x00463310,0x00463315,sub_463310,ok
0x00463320,0x0046332A,sub_463320,ok
0x00463330,0x00463335,sub_463330,ok
0x00463340,0x0046334B,sub_463340,ok
0x00463350,0x0046336F,sub_463350,ok
0x00463370,0x00463375,sub_463370,ok
0x00463380,0x00463385,sub_463380,ok
0x00463390,0x00463395,sub_463390,ok
0x004633A0,0x004633A5,sub_4633A0,ok
0x004633B0,0x004633B5,sub_4633B0,ok
0x004633C0,0x004633D5,sub_4633C0,ok
0x004633E0,0x004633E8,sub_4633E0,ok
0x004633F0,0x004633FF,sub_4633F0,ok
0x00463400,0x0046343E,sub_463400,ok
0x00463450,0x00463455,sub_463450,ok
0x00463460,0x00463468,sub_463460,ok
0x00463470,0x00463480,sub_463470,ok
0x00463480,0x00463490,sub_463480,ok
0x00463490,0x00463498,sub_463490,ok
0x004634A0,0x004634A8,sub_4634A0,ok
0x004634B0,0x004634EC,sub_4634B0,ok
0x004634F0,0x0046352C,sub_4634F0,ok
0x00463530,0x00463538,sub_463530,ok
0x00463540,0x00463545,sub_463540,ok
0x00463550,0x00463555,sub_463550,ok
0x00463560,0x00463568,sub_463560,ok
0x00463570,0x00463584,sub_463570,ok
0x00463590,0x004635E6,sub_463590,ok
0x00463600,0x00463649,sub_463600,ok
0x00463650,0x00463696,sub_463650,ok
0x004636A0,0x0046371E,sub_4636A0,ok
0x00463720,0x0046377F,sub_463720,ok
0x00463780,0x004637B2,sub_463780,ok
0x004637C0,0x00463812,sub_4637C0,ok
0x00463820,0x00463826,sub_463820,ok
0x00463830,0x00463836,sub_463830,ok
0x00463840,0x00463846,sub_463840,ok
0x00463850,0x0046387C,sub_463850,ok
0x00463880,0x0046388F,sub_463880,ok
0x00463890,0x004638E0,sub_463890,ok
0x004638E0,0x0046391C,sub_4638E0,ok
0x00463920,0x00463966,sub_463920,ok
0x00463970,0x00463992,sub_463970,ok
0x004639A0,0x004639B1,sub_4639A0,ok
0x004639C0,0x00463A7E,sub_4639C0,ok
0x00463A80,0x00463AA7,sub_463A80,ok
0x00463AB0,0x00463ADC,sub_463AB0,ok
0x00463AE0,0x00463B23,sub_463AE0,ok
0x00463B30,0x00463B5D,sub_463B30,ok
0x00463B60,0x00463D84,sub_463B60,ok
0x00463D90,0x00463EAB,sub_463D90,ok
0x00463EB0,0x00463EF3,sub_463EB0,ok
0x00463F00,0x00463F0C,?__uncaught_exception@@YA_NXZ_1,ok
0x00463F10,0x00463F16,sub_463F10,ok
0x00463F20,0x00464183,sub_463F20,ok
0x00464190,0x004641ED,sub_464190,ok
0x004641F0,0x00464209,sub_4641F0,ok
0x00464210,0x0046427A,sub_464210,ok
0x00464280,0x00464286,sub_464280,ok
0x00464290,0x004642B2,sub_464290,ok
0x004642C0,0x004642C6,sub_4642C0,ok
0x004642D0,0x004642F4,sub_4642D0,ok
0x00464300,0x00464312,sub_464300,ok
0x00464320,0x0046434B,sub_464320,ok
0x00464350,0x00464356,sub_464350,ok
0x00464360,0x00464366,sub_464360,ok
0x00464370,0x0046443A,sub_464370,ok
0x00464440,0x00464446,sub_464440,ok
0x00464450,0x00464456,sub_464450,ok
0x00464460,0x00464479,sub_464460,ok
0x00464480,0x004644B2,sub_464480,ok
0x004644C0,0x00464500,sub_4644C0,ok
0x00464500,0x0046451B,sub_464500,ok
0x00464520,0x0046456A,sub_464520,ok
0x00464570,0x004646F0,sub_464570,ok
0x004646F0,0x00464757,sub_4646F0,ok
0x00464760,0x004648ED,sub_464760,ok
0x004648F0,0x00464979,sub_4648F0,ok
0x00464980,0x00464994,sub_464980,ok
0x004649A0,0x004649E3,sub_4649A0,ok
0x004649F0,0x00464A08,sub_4649F0,ok
0x00464A10,0x00464A7D,sub_464A10,ok
0x00464A80,0x00464AFE,sub_464A80,ok
0x00464B00,0x00464B6A,sub_464B00,ok
0x00464B80,0x00464D15,sub_464B80,ok
0x00464D20,0x00464D66,sub_464D20,ok
0x00464D70,0x00464F40,sub_464D70,ok
0x00464F40,0x00464FFA,sub_464F40,ok
0x00465000,0x00465082,sub_465000,ok
0x00465090,0x004650BB,sub_465090,ok
0x004650C0,0x004650F0,sub_4650C0,ok
0x004650F0,0x0046523F,sub_4650F0,ok
0x00465240,0x00465246,sub_465240,ok
0x00465250,0x00465287,sub_465250,ok
0x00465290,0x004652D6,sub_465290,ok
0x004652E0,0x0046531C,sub_4652E0,ok
0x00465320,0x0046557A,sub_465320,ok
0x00465580,0x004656BE,sub_465580,ok
0x004656C0,0x00465893,sub_4656C0,ok
0x004658B0,0x004658C8,sub_4658B0,ok
0x004658D0,0x004659BB,sub_4658D0,ok
0x004659C0,0x004659E3,sub_4659C0,ok
0x004659F0,0x00465A11,sub_4659F0,ok
0x00465A20,0x00465AAC,sub_465A20,ok
0x00465AB0,0x00465C27,sub_465AB0,ok
0x00465C30,0x00465DB6,sub_465C30,ok
0x00465E30,0x00465F02,sub_465E30,ok
0x00465F10,0x00465F6A,sub_465F10,ok
0x00465F70,0x00465F8A,sub_465F70,ok
0x00465F90,0x00466075,sub_465F90,ok
0x00466080,0x004660E1,sub_466080,ok
0x004660F0,0x00466194,sub_4660F0,ok
0x004661A0,0x004661F1,sub_4661A0,ok
0x00466200,0x00466231,sub_466200,ok
0x00466240,0x004662DA,sub_466240,ok
0x004662E0,0x004663F2,sub_4662E0,ok
0x00466400,0x00466425,sub_466400,ok
0x00466430,0x0046643C,sub_466430,ok
0x00466440,0x00466543,sub_466440,ok
0x00466550,0x004665BE,sub_466550,ok
0x004665C0,0x004666BC,sub_4665C0,ok
0x004666C0,0x0046679F,sub_4666C0,ok
0x004667A0,0x00466874,sub_4667A0,ok
0x00466880,0x00466919,sub_466880,ok
0x00466920,0x00466B0A,sub_466920,ok
0x00466B10,0x00466BA7,sub_466B10,ok
0x00466BB0,0x00466EFD,sub_466BB0,ok
0x00466F00,0x0046707F,sub_466F00,ok
0x00467080,0x004670D6,sub_467080,ok
0x004670E0,0x0046717B,sub_4670E0,ok
0x00467180,0x004671A6,sub_467180,ok
0x004671B0,0x00467251,sub_4671B0,ok
0x00467260,0x004674F9,sub_467260,ok
0x00467500,0x0046756B,sub_467500,ok
0x00467570,0x004677D1,sub_467570,ok
0x004677E0,0x00467917,sub_4677E0,ok
0x00467920,0x00467A57,sub_467920,ok
0x00467A60,0x00467BA5,sub_467A60,ok
0x00467BB0,0x00467CBB,sub_467BB0,ok
0x00467CC0,0x00467DC6,sub_467CC0,ok
0x00467DD0,0x00467EBB,sub_467DD0,ok
0x00467EC0,0x00467F4F,sub_467EC0,ok
0x00467F50,0x004680F1,sub_467F50,ok
0x00468140,0x0046830D,sub_468140,ok
0x00468310,0x00468411,sub_468310,ok
0x00468420,0x004685C5,sub_468420,ok
0x004685D0,0x0046866B,sub_4685D0,ok
0x00468670,0x004686C3,sub_468670,ok
0x004686D0,0x00468792,sub_4686D0,ok
0x004687A0,0x0046884C,sub_4687A0,ok
0x00468850,0x004688F4,sub_468850,ok
0x00468900,0x00468A6C,sub_468900,ok
0x00468A70,0x00468B2B,sub_468A70,ok
0x00468B30,0x00468B6B,sub_468B30,ok
0x00468B70,0x00468BAB,sub_468B70,ok
0x00468BB0,0x00468BD0,sub_468BB0,ok
0x00468BD0,0x00468DFA,sub_468BD0,ok
0x00468E00,0x00468E70,sub_468E00,ok
0x00468E70,0x00468F42,sub_468E70,ok
0x00468F50,0x00468F55,sub_468F50,ok
0x00468F60,0x00468F68,sub_468F60,ok
0x00468F70,0x00468F75,sub_468F70,ok
0x00468F80,0x00468F85,sub_468F80,ok
0x00468F90,0x00468F95,sub_468F90,ok
0x00468FA0,0x00468FDE,sub_468FA0,ok
0x00468FE0,0x00469041,sub_468FE0,ok
0x00469080,0x00469197,sub_469080,ok
0x004691A0,0x004692C2,sub_4691A0,ok
0x004692D0,0x00469453,sub_4692D0,ok
0x00469460,0x00469641,sub_469460,ok
0x00469650,0x00469704,sub_469650,ok
0x00469710,0x0046979F,sub_469710,ok
0x004697A0,0x004697D2,sub_4697A0,ok
0x004697E0,0x00469989,sub_4697E0,ok
0x00469990,0x00469A4B,sub_469990,ok
0x00469A50,0x00469AA5,sub_469A50,ok
0x00469AB0,0x00469AE8,sub_469AB0,ok
0x00469AF0,0x00469B50,sub_469AF0,ok
0x00469B50,0x00469B76,sub_469B50,ok
0x00469B80,0x00469BA6,sub_469B80,ok
0x00469BB0,0x00469C47,sub_469BB0,ok
0x00469C50,0x00469D4F,sub_469C50,ok
0x00469D50,0x00469DB7,sub_469D50,ok
0x00469DC0,0x00469ED2,sub_469DC0,ok
0x00469EE0,0x0046A0AC,sub_469EE0,ok
0x0046A0C0,0x0046A0EA,sub_46A0C0,ok
0x0046A110,0x0046A197,sub_46A110,ok
0x0046A1A0,0x0046A201,sub_46A1A0,ok
0x0046A210,0x0046A23C,sub_46A210,ok
0x0046A240,0x0046A257,sub_46A240,ok
0x0046A260,0x0046A2F8,sub_46A260,ok
0x0046A300,0x0046A50B,sub_46A300,ok
0x0046A510,0x0046A5FA,sub_46A510,ok
0x0046A600,0x0046A863,sub_46A600,ok
0x0046A880,0x0046A8AE,sub_46A880,ok
0x0046A8B0,0x0046A95C,sub_46A8B0,ok
0x0046A960,0x0046A9B0,sub_46A960,ok
0x0046A9B0,0x0046A9CC,sub_46A9B0,ok
0x0046A9D0,0x0046AA24,sub_46A9D0,ok
0x0046AA30,0x0046AA5D,sub_46AA30,ok
0x0046AA60,0x0046AA91,sub_46AA60,ok
0x0046AAA0,0x0046AACC,sub_46AAA0,ok
0x0046AAD0,0x0046ABE0,sub_46AAD0,ok
0x0046ABE0,0x0046AC1D,sub_46ABE0,ok
0x0046AC20,0x0046AD84,sub_46AC20,ok
0x0046ADB0,0x0046AF40,sub_46ADB0,ok
0x0046AF40,0x0046AF89,sub_46AF40,ok
0x0046AF90,0x0046B0F4,sub_46AF90,ok
0x0046B100,0x0046B131,sub_46B100,ok
0x0046B140,0x0046B184,sub_46B140,ok
0x0046B190,0x0046B1B3,sub_46B190,ok
0x0046B1C0,0x0046B234,sub_46B1C0,ok
0x0046B240,0x0046B2F5,sub_46B240,ok
0x0046B300,0x0046B381,sub_46B300,ok
0x0046B390,0x0046B3F5,sub_46B390,ok
0x0046B400,0x0046B415,sub_46B400,ok
0x0046B420,0x0046B426,sub_46B420,ok
0x0046B430,0x0046B444,sub_46B430,ok
0x0046B450,0x0046B45F,sub_46B450,ok
0x0046B460,0x0046B474,sub_46B460,ok
0x0046B480,0x0046B48E,sub_46B480,ok
0x0046B490,0x0046B4A2,sub_46B490,ok
0x0046B4B0,0x0046B4BE,sub_46B4B0,ok
0x0046B4C0,0x0046B67F,sub_46B4C0,ok
0x0046B680,0x0046BA1C,sub_46B680,ok
0x0046BA20,0x0046BB22,sub_46BA20,ok
0x0046BB30,0x0046BB3C,sub_46BB30,ok
0x0046BB40,0x0046BB62,sub_46BB40,ok
0x0046BB70,0x0046BB7C,sub_46BB70,ok
0x0046BB80,0x0046BB8C,sub_46BB80,ok
0x0046BB90,0x0046BBDE,sub_46BB90,ok
0x0046BBE0,0x0046BC28,sub_46BBE0,ok
0x0046BC30,0x0046BC7B,sub_46BC30,ok
0x0046BC80,0x0046BCF0,sub_46BC80,ok
0x0046BCF0,0x0046BD57,sub_46BCF0,ok
0x0046BD60,0x0046BDA8,sub_46BD60,ok
0x0046BDB0,0x0046BFCF,sub_46BDB0,ok
0x0046BFD0,0x0046C087,sub_46BFD0,ok
0x0046C090,0x0046C096,sub_46C090,ok
0x0046C0A0,0x0046C195,sub_46C0A0,ok
0x0046C1A0,0x0046C1C1,sub_46C1A0,ok
0x0046C1D0,0x0046C21F,sub_46C1D0,ok
0x0046C220,0x0046C27C,sub_46C220,ok
0x0046C280,0x0046C29C,sub_46C280,ok
0x0046C2A0,0x0046C2D5,sub_46C2A0,ok
0x0046C2E0,0x0046C378,sub_46C2E0,ok
0x0046C380,0x0046C3DD,sub_46C380,ok
0x0046C3E0,0x0046C463,sub_46C3E0,ok
0x0046C470,0x0046C483,sub_46C470,ok
0x0046C490,0x0046C496,sub_46C490,ok
0x0046C4A0,0x0046C4CF,sub_46C4A0,ok
0x0046C4D0,0x0046C4F0,sub_46C4D0,ok
0x0046C4F0,0x0046C536,sub_46C4F0,ok
0x0046C540,0x0046C56B,sub_46C540,ok
0x0046C570,0x0046C5AC,sub_46C570,ok
0x0046C5B0,0x0046C5DC,sub_46C5B0,ok
0x0046C5E0,0x0046C606,sub_46C5E0,ok
0x0046C610,0x0046C630,sub_46C610,ok
0x0046C630,0x0046C6EE,sub_46C630,ok
0x0046C6F0,0x0046C6F5,sub_46C6F0,ok
0x0046C700,0x0046C742,sub_46C700,ok
0x0046C750,0x0046C8D9,sub_46C750,ok
0x0046C8E0,0x0046C97F,sub_46C8E0,ok
0x0046C980,0x0046C9C2,sub_46C980,ok
0x0046C9D0,0x0046CB5F,sub_46C9D0,ok
0x0046CB60,0x0046CC00,sub_46CB60,ok
0x0046CC00,0x0046CC1C,sub_46CC00,ok
0x0046CC20,0x0046CC41,sub_46CC20,ok
0x0046CC50,0x0046CC6E,sub_46CC50,ok
0x0046CC70,0x0046CC97,sub_46CC70,ok
0x0046CCA0,0x0046CD0D,sub_46CCA0,ok
0x0046CD10,0x0046CDA4,sub_46CD10,ok
0x0046CDB0,0x0046CE45,sub_46CDB0,ok
0x0046CE50,0x0046D16B,sub_46CE50,ok
0x0046D170,0x0046D1BC,sub_46D170,ok
0x0046D1C0,0x0046D1E2,sub_46D1C0,ok
0x0046D1F0,0x0046D3CC,sub_46D1F0,ok
0x0046D3D0,0x0046D400,sub_46D3D0,fail
0x0046D400,0x0046D471,sub_46D400,ok
0x0046D480,0x0046D53E,sub_46D480,ok
0x0046D540,0x0046D546,sub_46D540,ok
0x0046D550,0x0046D556,sub_46D550,ok
0x0046D560,0x0046D5E1,sub_46D560,ok
0x0046D5F0,0x0046D619,sub_46D5F0,ok
0x0046D620,0x0046D637,sub_46D620,ok
0x0046D640,0x0046D658,sub_46D640,ok
0x0046D660,0x0046D6B6,sub_46D660,ok
0x0046D6C0,0x0046D6DA,sub_46D6C0,ok
0x0046D6E0,0x0046D715,sub_46D6E0,ok
0x0046D720,0x0046D751,sub_46D720,ok
0x0046D7A0,0x0046D7AA,sub_46D7A0,ok
0x0046D7B0,0x0046D7BA,sub_46D7B0,ok
0x0046D7C0,0x0046D7F5,sub_46D7C0,ok
0x0046D800,0x0046D805,sub_46D800,ok
0x0046D810,0x0046D830,sub_46D810,ok
0x0046D830,0x0046D966,sub_46D830,ok
0x0046D970,0x0046D976,sub_46D970,ok
0x0046D980,0x0046D986,sub_46D980,ok
0x0046D990,0x0046D996,sub_46D990,ok
0x0046D9A0,0x0046D9CD,sub_46D9A0,ok
0x0046D9D0,0x0046DA17,sub_46D9D0,ok
0x0046DA20,0x0046DA3D,sub_46DA20,ok
0x0046DA40,0x0046DA60,sub_46DA40,ok
0x0046DA60,0x0046DA72,sub_46DA60,ok
0x0046DA80,0x0046DAEA,sub_46DA80,ok
0x0046DB00,0x0046DB1F,sub_46DB00,ok
0x0046DB20,0x0046DB32,sub_46DB20,ok
0x0046DB40,0x0046DC2B,sub_46DB40,ok
0x0046DC40,0x0046DC64,sub_46DC40,ok
0x0046DC70,0x0046DC7B,sub_46DC70,ok
0x0046DC80,0x0046DE27,sub_46DC80,ok
0x0046DE30,0x0046DEFA,sub_46DE30,ok
0x0046DF00,0x0046DF93,sub_46DF00,ok
0x0046DFA0,0x0046E06B,sub_46DFA0,ok
0x0046E070,0x0046E265,sub_46E070,ok
0x0046E270,0x0046E35B,sub_46E270,ok
0x0046E490,0x0046E4F9,sub_46E490,ok
0x0046E500,0x0046E543,sub_46E500,ok
0x0046E550,0x0046E57C,sub_46E550,ok
0x0046E580,0x0046E59D,sub_46E580,ok
0x0046E5A0,0x0046E5A5,sub_46E5A0,ok
0x0046E5B0,0x0046E5B7,sub_46E5B0,ok
0x0046E5C0,0x0046E5C6,sub_46E5C0,ok
0x0046E5D0,0x0046E877,sub_46E5D0,ok
0x0046E890,0x0046E92E,sub_46E890,ok
0x0046E930,0x0046E96B,sub_46E930,ok
0x0046E970,0x0046E97B,sub_46E970,ok
0x0046E980,0x0046E98B,sub_46E980,ok
0x0046E990,0x0046E99B,sub_46E990,ok
0x0046E9A0,0x0046E9AB,sub_46E9A0,ok
0x0046E9B0,0x0046EAEE,sub_46E9B0,ok
0x0046EAF0,0x0046EB14,sub_46EAF0,ok
0x0046EB20,0x0046EB99,sub_46EB20,ok
0x0046EBA0,0x0046F0DB,sub_46EBA0,ok
0x0046F2B0,0x0046F308,sub_46F2B0,ok
0x0046F310,0x0046F377,sub_46F310,ok
0x0046F380,0x0046F3BF,sub_46F380,ok
0x0046F3C0,0x0046F5CE,sub_46F3C0,ok
0x0046F5D0,0x0046F6E8,sub_46F5D0,ok
0x0046F6F0,0x0046F70A,sub_46F6F0,ok
0x0046F710,0x0046F715,sub_46F710,ok
0x0046F720,0x0046F7F1,sub_46F720,ok
0x0046F800,0x0046F854,sub_46F800,ok
0x0046F860,0x0046F896,sub_46F860,ok
0x0046F8A0,0x0046F902,fnEnum,ok
0x0046F910,0x0046F922,sub_46F910,ok
0x0046F930,0x0046F9BA,sub_46F930,ok
0x0046F9C0,0x0046FA45,sub_46F9C0,ok
0x0046FA50,0x0046FB03,sub_46FA50,ok
0x0046FB10,0x0046FB83,sub_46FB10,ok
0x0046FB90,0x0046FD10,sub_46FB90,ok
0x0046FD10,0x0046FD80,sub_46FD10,ok
0x0046FD80,0x0046FDE9,sub_46FD80,ok
0x0046FDF0,0x0046FE36,sub_46FDF0,ok
0x0046FE40,0x0046FE57,sub_46FE40,ok
0x0046FE60,0x0046FFDE,sub_46FE60,ok
0x0046FFE0,0x004708E0,StartAddress,ok
0x004708F0,0x00470AD3,sub_4708F0,ok
0x00470AE0,0x00470B4A,sub_470AE0,ok
0x00470B50,0x00470B70,sub_470B50,ok
0x00470B70,0x00470BAF,sub_470B70,ok
0x00470BB0,0x00470F63,sub_470BB0,ok
0x00470F70,0x004712BD,sub_470F70,ok
0x004712C0,0x004713E8,sub_4712C0,ok
0x004713F0,0x00471530,sub_4713F0,ok
0x00471530,0x004718CB,sub_471530,ok
0x004718D0,0x004719CA,sub_4718D0,ok
0x004719D0,0x00471A98,sub_4719D0,ok
0x00471AA0,0x00471B9C,sub_471AA0,ok
0x00471BA0,0x00471C01,sub_471BA0,ok
0x00471C10,0x00471E0B,sub_471C10,ok
0x00471E10,0x00471FA8,sub_471E10,ok
0x00471FB0,0x00472049,sub_471FB0,ok
0x00472050,0x004720AA,sub_472050,ok
0x004720B0,0x0047214C,sub_4720B0,ok
0x00472150,0x0047248B,sub_472150,ok
0x00472490,0x004724A4,sub_472490,ok
0x004724B0,0x0047287F,sub_4724B0,ok
0x00472880,0x0047289B,sub_472880,ok
0x004728A0,0x004728A6,sub_4728A0,ok
0x004728B0,0x00472B52,sub_4728B0,ok
0x00472B60,0x00472B81,sub_472B60,ok
0x00472B90,0x00472BF8,sub_472B90,ok
0x00472C00,0x00472C38,sub_472C00,ok
0x00472C40,0x00472CB8,sub_472C40,ok
0x00472CC0,0x00473058,sub_472CC0,ok
0x00473060,0x0047320E,sub_473060,ok
0x00473210,0x004734FF,sub_473210,ok
0x00473510,0x00473516,sub_473510,ok
0x00473520,0x00473570,sub_473520,ok
0x00473570,0x00473576,sub_473570,ok
0x00473580,0x00473586,sub_473580,ok
0x00473590,0x004735AB,sub_473590,ok
0x004735B0,0x004735CB,sub_4735B0,ok
0x004735D0,0x004735EA,sub_4735D0,ok
0x004735F0,0x0047361B,sub_4735F0,ok
0x00473620,0x0047364A,sub_473620,ok
0x00473650,0x00473674,sub_473650,ok
0x00473680,0x004736EE,sub_473680,ok
0x004736F0,0x0047370E,sub_4736F0,ok
0x00473710,0x00473750,sub_473710,ok
0x00473750,0x00473789,sub_473750,ok
0x00473790,0x004737B9,sub_473790,ok
0x004737C0,0x00473873,sub_4737C0,ok
0x00473880,0x0047389C,sub_473880,ok
0x004738A0,0x00473906,sub_4738A0,ok
0x00473910,0x00473983,sub_473910,ok
0x00473990,0x00473A55,sub_473990,ok
0x00473A70,0x00473ABD,sub_473A70,ok
0x00473AC0,0x00473AF9,sub_473AC0,ok
0x00473B00,0x00473B25,sub_473B00,ok
0x00473B30,0x00473B59,sub_473B30,ok
0x00473B60,0x00473B8A,sub_473B60,ok
0x00473B90,0x00473BD0,sub_473B90,ok
0x00473BD0,0x00473C10,sub_473BD0,ok
0x00473C10,0x00473C39,sub_473C10,ok
0x00473C40,0x00473C69,sub_473C40,ok
0x00473C70,0x00473C99,sub_473C70,ok
0x00473CA0,0x00473CBE,sub_473CA0,ok
0x00473CC0,0x00473CEB,sub_473CC0,ok
0x00473CF0,0x00473D1B,sub_473CF0,ok
0x00473D20,0x00473D4B,sub_473D20,ok
0x00473D50,0x00473D7C,sub_473D50,ok
0x00473D80,0x00473DAC,sub_473D80,ok
0x00473DB0,0x00473DDC,sub_473DB0,ok
0x00473DE0,0x00473E0C,sub_473DE0,ok
0x00473E10,0x00473E3C,sub_473E10,ok
0x00473E40,0x00473E6C,sub_473E40,ok
0x00473E70,0x00473EAE,sub_473E70,ok
0x00473EB0,0x00473EF1,sub_473EB0,ok
0x00473F00,0x00473F1F,sub_473F00,ok
0x00473F20,0x00473F54,sub_473F20,ok
0x00473F60,0x00473FBF,sub_473F60,ok
0x00473FC0,0x00473FEF,sub_473FC0,ok
0x00473FF0,0x0047404D,sub_473FF0,ok
0x00474050,0x00474093,sub_474050,ok
0x004740A0,0x004740E3,sub_4740A0,ok
0x004740F0,0x00474128,sub_4740F0,ok
0x00474130,0x00474168,sub_474130,ok
0x00474170,0x004741B3,sub_474170,ok
0x004741C0,0x00474203,sub_4741C0,ok
0x00474210,0x00474253,sub_474210,ok
0x00474260,0x00474294,sub_474260,ok
0x004742A0,0x004742C4,sub_4742A0,ok
0x004742D0,0x004742FE,sub_4742D0,ok
0x00474300,0x0047439B,sub_474300,ok
0x004743A0,0x004743FB,sub_4743A0,ok
0x00474400,0x004744C2,sub_474400,ok
0x004744D0,0x0047451E,sub_4744D0,ok
0x00474520,0x0047456D,sub_474520,ok
0x00474570,0x0047459A,sub_474570,ok
0x004745A0,0x004745FB,sub_4745A0,ok
0x00474600,0x00474630,sub_474600,ok
0x00474630,0x00474669,sub_474630,ok
0x00474670,0x004746BC,sub_474670,ok
0x004746C0,0x004746D6,sub_4746C0,ok
0x004746E0,0x0047471D,sub_4746E0,ok
0x00474720,0x00474D63,sub_474720,ok
0x00474E40,0x00474E6B,sub_474E40,ok
0x00474E70,0x00474EC1,sub_474E70,ok
0x00474ED0,0x00474F59,sub_474ED0,ok
0x00474F60,0x00474F78,sub_474F60,ok
0x00474F80,0x00474FBD,sub_474F80,ok
0x00474FC0,0x00474FE5,sub_474FC0,ok
0x00474FF0,0x0047504A,sub_474FF0,ok
0x00475050,0x00475099,sub_475050,ok
0x004750A0,0x00475122,sub_4750A0,ok
0x00475130,0x00475363,sub_475130,ok
0x00475370,0x004753A1,sub_475370,ok
0x004753B0,0x004754D2,sub_4753B0,ok
0x004754E0,0x00475503,sub_4754E0,ok
0x00475510,0x004755AF,sub_475510,ok
0x004755B0,0x00475641,sub_4755B0,ok
0x00475650,0x00475677,sub_475650,ok
0x00475680,0x004756B4,sub_475680,ok
0x004756C0,0x0047574F,sub_4756C0,ok
0x00475750,0x004757F2,sub_475750,ok
0x00475800,0x00475827,sub_475800,ok
0x00475830,0x00475865,sub_475830,ok
0x00475870,0x004758A4,sub_475870,ok
0x004758B0,0x004759BC,sub_4758B0,ok
0x004759C0,0x00475A3B,sub_4759C0,ok
0x00475A40,0x00475A74,sub_475A40,ok
0x00475A80,0x00475AA7,sub_475A80,ok
0x00475AB0,0x00475B71,sub_475AB0,ok
0x00475B80,0x00475CAB,sub_475B80,ok
0x00475CD0,0x00475E25,sub_475CD0,ok
0x00475E40,0x00475F1D,sub_475E40,ok
0x00475F20,0x00475F7B,sub_475F20,ok
0x00475F80,0x0047603A,sub_475F80,ok
0x00476040,0x0047610A,sub_476040,ok
0x00476110,0x00476233,sub_476110,ok
0x00476240,0x004762FA,sub_476240,ok
0x00476300,0x00476481,sub_476300,ok
0x00476490,0x0047655A,sub_476490,ok
0x00476560,0x00476711,sub_476560,ok
0x00476720,0x004767B1,sub_476720,ok
0x004767C0,0x004767E7,sub_4767C0,ok
0x004767F0,0x00476824,sub_4767F0,ok
0x00476830,0x004768CB,sub_476830,ok
0x004768D0,0x00476904,sub_4768D0,ok
0x00476910,0x004769A2,sub_476910,ok
0x004769B0,0x00476A31,sub_4769B0,ok
0x00476A40,0x00476ABB,sub_476A40,ok
0x00476AC0,0x00476B3B,sub_476AC0,ok
0x00476B40,0x00476B77,sub_476B40,ok
0x00476B80,0x00476BB7,sub_476B80,ok
0x00476BC0,0x00476C3B,sub_476BC0,ok
0x00476C40,0x00476C92,sub_476C40,ok
0x00476CA0,0x00476CF2,sub_476CA0,ok
0x00476D00,0x00476D7B,sub_476D00,ok
0x00476D80,0x00476DEA,sub_476D80,ok
0x00476DF0,0x00476E08,sub_476DF0,ok
0x00476E10,0x00476E35,sub_476E10,ok
0x00476E40,0x00476E89,sub_476E40,ok
0x00476E90,0x00476ECD,sub_476E90,ok
0x00476ED0,0x00476F2F,sub_476ED0,ok
0x00476F30,0x00476F92,sub_476F30,ok
0x00476FA0,0x00476FDD,sub_476FA0,ok
0x00476FE0,0x00477005,sub_476FE0,ok
0x00477010,0x00477058,sub_477010,ok
0x00477060,0x0047709E,sub_477060,ok
0x004770A0,0x004770D2,sub_4770A0,ok
0x004770E0,0x00477112,sub_4770E0,ok
0x00477120,0x00477152,sub_477120,ok
0x00477160,0x004771A6,sub_477160,ok
0x004771B0,0x004771F7,sub_4771B0,ok
0x00477200,0x0047723E,sub_477200,ok
0x00477240,0x0047727E,sub_477240,ok
0x00477280,0x004772BD,sub_477280,ok
0x004772C0,0x00477329,sub_4772C0,ok
0x00477330,0x0047739B,sub_477330,ok
0x004773A0,0x004773DE,sub_4773A0,ok
0x004773E0,0x0047742F,sub_4773E0,ok
0x00477430,0x004774E1,sub_477430,ok
0x004774F0,0x0047754F,sub_4774F0,ok
0x00477550,0x004775BB,sub_477550,ok
0x004775C0,0x004775E7,sub_4775C0,ok
0x004775F0,0x00477615,sub_4775F0,ok
0x00477620,0x00477708,sub_477620,ok
0x00477710,0x00477742,sub_477710,ok
0x00477750,0x004777BC,sub_477750,ok
0x004777C0,0x00477844,sub_4777C0,ok
0x00477850,0x004778BC,sub_477850,ok
0x004778C0,0x00477944,sub_4778C0,ok
0x00477950,0x00477998,sub_477950,ok
0x004779A0,0x004779ED,sub_4779A0,ok
0x004779F0,0x00477A4C,sub_4779F0,ok
0x00477A50,0x00477AD2,sub_477A50,ok
0x00477AE0,0x00477B99,sub_477AE0,ok
0x00477BA0,0x00477BFD,sub_477BA0,ok
0x00477C00,0x00477CA3,sub_477C00,ok
0x00477CB0,0x00477D0D,sub_477CB0,ok
0x00477D10,0x00477D5D,sub_477D10,ok
0x00477D60,0x00477D78,sub_477D60,ok
0x00477D80,0x00477DA5,sub_477D80,ok
0x00477DB0,0x00477DE2,sub_477DB0,ok
0x00477DF0,0x00477E22,sub_477DF0,ok
0x00477E30,0x00477E89,sub_477E30,ok
0x00477E90,0x00477EED,sub_477E90,ok
0x00477EF0,0x00477F1E,sub_477EF0,ok
0x00477F20,0x00477F7A,sub_477F20,ok
0x00477F80,0x00477FBE,sub_477F80,ok
0x00477FC0,0x00478022,sub_477FC0,ok
0x00478030,0x004780B9,sub_478030,ok
0x004780C0,0x004780D8,sub_4780C0,ok
0x004780E0,0x0047816E,sub_4780E0,ok
0x00478170,0x004781B5,sub_478170,ok
0x004781C0,0x004781D8,sub_4781C0,ok
0x004781E0,0x004781F8,sub_4781E0,ok
0x00478200,0x004783BF,sub_478200,ok
0x004783D0,0x00478497,sub_4783D0,ok
0x004784A0,0x004784C9,sub_4784A0,ok
0x004784D0,0x00478504,sub_4784D0,ok
0x00478510,0x00478546,sub_478510,ok
0x00478550,0x00478592,sub_478550,ok
0x004785A0,0x004785E7,sub_4785A0,ok
0x004785F0,0x00478626,sub_4785F0,ok
0x00478630,0x00478770,sub_478630,ok
0x00478780,0x0047891E,sub_478780,ok
0x00478920,0x00478955,sub_478920,ok
0x00478960,0x00478AB2,sub_478960,ok
0x00478AD0,0x00478AE8,sub_478AD0,ok
0x00478AF0,0x00478B15,sub_478AF0,ok
0x00478B20,0x00478B38,sub_478B20,ok
0x00478B40,0x00478B58,sub_478B40,ok
0x00478B60,0x00478B74,sub_478B60,ok
0x00478B80,0x00478B94,sub_478B80,ok
0x00478BA0,0x00478BC7,sub_478BA0,ok
0x00478BD0,0x00478BE4,sub_478BD0,ok
0x00478BF0,0x00478C04,sub_478BF0,ok
0x00478C10,0x00478C32,sub_478C10,ok
0x00478C40,0x00478C94,sub_478C40,ok
0x00478CA0,0x00478D42,sub_478CA0,ok
0x00478D50,0x00478D68,sub_478D50,ok
0x00478D70,0x00478DBF,sub_478D70,ok
0x00478DC0,0x00478E5C,sub_478DC0,ok
0x00478E60,0x00478EBF,sub_478E60,ok
0x00478EC0,0x00478F7B,sub_478EC0,ok
0x00478F80,0x00478FCE,sub_478F80,ok
0x00478FD0,0x0047903C,sub_478FD0,ok
0x00479040,0x00479084,sub_479040,ok
0x00479090,0x004790BC,sub_479090,ok
0x004790C0,0x004790F7,sub_4790C0,ok
0x00479100,0x00479185,sub_479100,ok
0x00479190,0x004791B8,sub_479190,ok
0x004791C0,0x004791F0,sub_4791C0,ok
0x004791F0,0x0047921A,sub_4791F0,ok
0x00479220,0x00479252,sub_479220,ok
0x00479260,0x00479285,sub_479260,ok
0x00479290,0x004792C0,sub_479290,ok
0x004792C0,0x004792E9,sub_4792C0,ok
0x004792F0,0x00479322,sub_4792F0,ok
0x00479330,0x00479392,sub_479330,ok
0x004793A0,0x004793C1,sub_4793A0,ok
0x004793D0,0x004793E4,sub_4793D0,ok
0x004793F0,0x00479452,sub_4793F0,ok
0x00479460,0x004794BE,sub_479460,ok
0x004794C0,0x004794E7,sub_4794C0,ok
0x004794F0,0x00479529,sub_4794F0,ok
0x00479530,0x00479555,sub_479530,ok
0x00479560,0x00479574,sub_479560,ok
0x00479580,0x00479598,sub_479580,ok
0x004795A0,0x004795C7,sub_4795A0,ok
0x004795D0,0x004795F3,sub_4795D0,ok
0x00479600,0x00479616,sub_479600,ok
0x00479620,0x00479653,sub_479620,ok
0x00479660,0x004796C0,sub_479660,ok
0x004796C0,0x004797AB,sub_4796C0,ok
0x004797C0,0x004797D4,sub_4797C0,ok
0x004797E0,0x0047998D,sub_4797E0,ok
0x004799B0,0x00479A4B,sub_4799B0,ok
0x00479A50,0x00479A77,sub_479A50,ok
0x00479A80,0x00479ABE,sub_479A80,ok
0x00479AC0,0x00479B24,sub_479AC0,ok
0x00479B30,0x00479BF0,sub_479B30,ok
0x00479C00,0x00479C38,sub_479C00,ok
0x00479C40,0x00479C70,sub_479C40,ok
0x00479C70,0x00479D9D,sub_479C70,ok
0x00479DA0,0x00479F07,sub_479DA0,ok
0x00479F20,0x0047A097,sub_479F20,ok
0x0047A0C0,0x0047A1BE,sub_47A0C0,ok
0x0047A1E0,0x0047A36A,sub_47A1E0,ok
0x0047A390,0x0047A476,sub_47A390,ok
0x0047A490,0x0047A58E,sub_47A490,ok
0x0047A590,0x0047A69D,sub_47A590,ok
0x0047A6A0,0x0047A789,sub_47A6A0,ok
0x0047A790,0x0047A88B,sub_47A790,ok
0x0047A890,0x0047A9AF,sub_47A890,ok
0x0047A9B0,0x0047AAE1,sub_47A9B0,ok
0x0047AAF0,0x0047AC76,sub_47AAF0,ok
0x0047AC80,0x0047ADE3,sub_47AC80,ok
0x0047ADF0,0x0047AF7B,sub_47ADF0,ok
0x0047AF80,0x0047B0CC,sub_47AF80,ok
0x0047B0E0,0x0047B116,sub_47B0E0,ok
0x0047B120,0x0047B156,sub_47B120,ok
0x0047B160,0x0047B1A2,sub_47B160,ok
0x0047B1B0,0x0047B1F3,sub_47B1B0,ok
0x0047B200,0x0047B242,sub_47B200,ok
0x0047B250,0x0047B292,sub_47B250,ok
0x0047B2A0,0x0047B2E3,sub_47B2A0,ok
0x0047B2F0,0x0047B333,sub_47B2F0,ok
0x0047B340,0x0047B40E,sub_47B340,ok
0x0047B410,0x0047B452,sub_47B410,ok
0x0047B460,0x0047B4A5,sub_47B460,ok
0x0047B4B0,0x0047B537,sub_47B4B0,ok
0x0047B540,0x0047B57D,sub_47B540,ok
0x0047B580,0x0047B5CC,sub_47B580,ok
0x0047B5D0,0x0047B62D,sub_47B5D0,ok
0x0047B630,0x0047B6C0,sub_47B630,ok
0x0047B6C0,0x0047B7B2,sub_47B6C0,ok
0x0047B7C0,0x0047B916,sub_47B7C0,ok
0x0047B930,0x0047BA75,sub_47B930,ok
0x0047BA80,0x0047BBBF,sub_47BA80,ok
0x0047BBE0,0x0047BCB0,sub_47BBE0,ok
0x0047BCC0,0x0047BDF7,sub_47BCC0,ok
0x0047BE20,0x0047BEE5,sub_47BE20,ok
0x0047BEF0,0x0047BF8C,sub_47BEF0,ok
0x0047BF90,0x0047C078,sub_47BF90,ok
0x0047C090,0x0047C0B1,sub_47C090,ok
0x0047C0C0,0x0047C0D8,sub_47C0C0,ok
0x0047C0E0,0x0047C10A,sub_47C0E0,ok
0x0047C110,0x0047C16C,sub_47C110,ok
0x0047C170,0x0047C1E3,sub_47C170,ok
0x0047C1F0,0x0047C224,sub_47C1F0,ok
0x0047C230,0x0047C2CD,sub_47C230,ok
0x0047C2D0,0x0047C3D6,sub_47C2D0,ok
0x0047C3E0,0x0047C466,sub_47C3E0,ok
0x0047C470,0x0047C5CE,sub_47C470,ok
0x0047C5D0,0x0047C76F,sub_47C5D0,ok
0x0047C770,0x0047C8EB,sub_47C770,ok
0x0047C8F0,0x0047CAE1,sub_47C8F0,ok
0x0047CC10,0x0047CE44,sub_47CC10,ok
0x0047CF60,0x0047D1D0,sub_47CF60,ok
0x0047D2F0,0x0047D31A,sub_47D2F0,ok
0x0047D320,0x0047D347,sub_47D320,ok
0x0047D350,0x0047D384,sub_47D350,ok
0x0047D390,0x0047D400,sub_47D390,ok
0x0047D400,0x0047D554,sub_47D400,ok
0x0047D670,0x0047D69A,sub_47D670,ok
0x0047D6A0,0x0047D6C7,sub_47D6A0,ok
0x0047D6D0,0x0047D704,sub_47D6D0,ok
0x0047D710,0x0047D816,sub_47D710,ok
0x0047D820,0x0047D8FE,sub_47D820,ok
0x0047D900,0x0047D995,sub_47D900,ok
0x0047D9A0,0x0047DA6B,sub_47D9A0,ok
0x0047DA70,0x0047DAB7,sub_47DA70,ok
0x0047DAC0,0x0047DB51,sub_47DAC0,ok
0x0047DB60,0x0047DBB5,sub_47DB60,ok
0x0047DBC0,0x0047DC04,sub_47DBC0,ok
0x0047DC10,0x0047DC89,sub_47DC10,ok
0x0047DC90,0x0047DCC4,sub_47DC90,ok
0x0047DCD0,0x0047DD72,sub_47DCD0,ok
0x0047DD80,0x0047DE4D,sub_47DD80,ok
0x0047DE50,0x0047DE84,sub_47DE50,ok
0x0047DE90,0x0047DF4B,sub_47DE90,ok
0x0047DF50,0x0047DF97,sub_47DF50,ok
0x0047DFA0,0x0047E031,sub_47DFA0,ok
0x0047E040,0x0047E0D1,sub_47E040,ok
0x0047E0E0,0x0047E0F4,sub_47E0E0,ok
0x0047E100,0x0047E114,sub_47E100,ok
0x0047E120,0x0047E154,sub_47E120,ok
0x0047E160,0x0047E194,sub_47E160,ok
0x0047E1A0,0x0047E1C3,sub_47E1A0,ok
0x0047E1D0,0x0047E244,sub_47E1D0,ok
0x0047E250,0x0047E264,sub_47E250,ok
0x0047E270,0x0047E2A4,sub_47E270,ok
0x0047E2B0,0x0047E2D3,sub_47E2B0,ok
0x0047E2E0,0x0047E2F4,sub_47E2E0,ok
0x0047E300,0x0047E39D,sub_47E300,ok
0x0047E3A0,0x0047E45F,sub_47E3A0,ok
0x0047E460,0x0047E474,sub_47E460,ok
0x0047E480,0x0047E5D2,sub_47E480,ok
0x0047E5F0,0x0047E6D3,sub_47E5F0,ok
0x0047E6E0,0x0047E8EA,sub_47E6E0,ok
0x0047E910,0x0047E924,sub_47E910,ok
0x0047E930,0x0047E944,sub_47E930,ok
0x0047E950,0x0047E973,sub_47E950,ok
0x0047E980,0x0047E994,sub_47E980,ok
0x0047E9A0,0x0047E9DC,sub_47E9A0,ok
0x0047E9E0,0x0047EA14,sub_47E9E0,ok
0x0047EA20,0x0047EA34,sub_47EA20,ok
0x0047EA40,0x0047EB4F,sub_47EA40,ok
0x0047EB50,0x0047EC5F,sub_47EB50,ok
0x0047EC60,0x0047ECE5,sub_47EC60,ok
0x0047ECF0,0x0047EE14,sub_47ECF0,ok
0x0047EE20,0x0047EE52,sub_47EE20,ok
0x0047EE60,0x0047EE92,sub_47EE60,ok
0x0047EEA0,0x0047EEC9,sub_47EEA0,ok
0x0047EED0,0x0047EEF5,sub_47EED0,ok
0x0047EF00,0x0047EF33,sub_47EF00,ok
0x0047EF40,0x0047EF72,sub_47EF40,ok
0x0047EF80,0x0047EFB2,sub_47EF80,ok
0x0047EFC0,0x0047EFF2,sub_47EFC0,ok
0x0047F000,0x0047F032,sub_47F000,ok
0x0047F040,0x0047F0FC,sub_47F040,ok
0x0047F100,0x0047F1E7,sub_47F100,ok
0x0047F1F0,0x0047F2BC,sub_47F1F0,ok
0x0047F2C0,0x0047F352,sub_47F2C0,ok
0x0047F360,0x0047F420,sub_47F360,ok
0x0047F420,0x0047F476,sub_47F420,ok
0x0047F480,0x0047F4E8,sub_47F480,ok
0x0047F4F0,0x0047F6BF,sub_47F4F0,ok
0x0047F6C0,0x0047F759,sub_47F6C0,ok
0x0047F760,0x0047F7F3,sub_47F760,ok
0x0047F800,0x0047F95F,sub_47F800,ok
0x0047F9A0,0x0047FAF4,sub_47F9A0,ok
0x0047FB20,0x0047FB95,sub_47FB20,ok
0x0047FBA0,0x0047FBDD,sub_47FBA0,ok
0x0047FBE0,0x0047FC14,sub_47FBE0,ok
0x0047FC20,0x0047FC63,sub_47FC20,ok
0x0047FC70,0x0047FCB3,sub_47FC70,ok
0x0047FCC0,0x0047FD05,sub_47FCC0,ok
0x0047FD10,0x0047FD99,sub_47FD10,ok
0x0047FDA0,0x0047FE29,sub_47FDA0,ok
0x0047FE30,0x0047FE6B,sub_47FE30,ok
0x0047FE70,0x0047FE88,sub_47FE70,ok
0x0047FE90,0x0047FEC4,sub_47FE90,ok
0x0047FED0,0x0047FEFA,sub_47FED0,ok
0x0047FF00,0x0047FF2B,sub_47FF00,ok
0x0047FF30,0x0047FF5B,sub_47FF30,ok
0x0047FF60,0x0047FF8A,sub_47FF60,ok
0x0047FF90,0x0047FFB7,sub_47FF90,ok
0x0047FFC0,0x0047FFF4,sub_47FFC0,ok
0x00480000,0x00480064,sub_480000,ok
0x00480070,0x004800F0,sub_480070,ok
0x00480100,0x00480157,sub_480100,ok
0x00480160,0x00480250,sub_480160,ok
0x00480260,0x00480278,sub_480260,ok
0x00480280,0x00480298,sub_480280,ok
0x004802A0,0x004802B4,sub_4802A0,ok
0x004802C0,0x00480367,sub_4802C0,ok
0x00480370,0x004803B8,sub_480370,ok
0x004803C0,0x004804CE,sub_4803C0,ok
0x004804D0,0x0048053D,sub_4804D0,ok
0x00480540,0x00480548,sub_480540,ok
0x00480550,0x0048057B,sub_480550,ok
0x00480580,0x004805A9,sub_480580,ok
0x004805B0,0x004805C8,sub_4805B0,ok
0x004805D0,0x0048060F,sub_4805D0,ok
0x00480610,0x00480672,sub_480610,ok
0x00480680,0x004806D0,sub_480680,ok
0x004806D0,0x004806F7,sub_4806D0,ok
0x00480700,0x00480714,sub_480700,ok
0x00480720,0x00480743,sub_480720,ok
0x00480750,0x00480764,sub_480750,ok
0x00480770,0x00480855,sub_480770,ok
0x00480860,0x00480967,sub_480860,ok
0x00480970,0x00480A70,sub_480970,ok
0x00480A80,0x00480B17,sub_480A80,ok
0x00480B20,0x00480C27,sub_480B20,ok
0x00480C30,0x00480CFB,sub_480C30,ok
0x00480D00,0x00480E00,sub_480D00,ok
0x00480E10,0x00480F10,sub_480E10,ok
0x00480F20,0x00481013,sub_480F20,ok
0x00481020,0x004810FF,sub_481020,ok
0x00481100,0x0048127C,sub_481100,ok
0x00481280,0x004813FC,sub_481280,ok
0x00481400,0x0048149B,sub_481400,ok
0x004814A0,0x004815A9,sub_4814A0,ok
0x004815C0,0x004816D6,sub_4815C0,ok
0x004816F0,0x004817EF,sub_4816F0,ok
0x004817F0,0x004818C4,sub_4817F0,ok
0x004818D0,0x0048195F,sub_4818D0,ok
0x00481960,0x00481996,sub_481960,ok
0x004819A0,0x004819EF,sub_4819A0,ok
0x004819F0,0x00481A3F,sub_4819F0,ok
0x00481A40,0x00481A8F,sub_481A40,ok
0x00481A90,0x00481B4A,sub_481A90,ok
0x00481B50,0x00481B85,sub_481B50,ok
0x00481B90,0x00481C14,sub_481B90,ok
0x00481D30,0x00481D89,sub_481D30,ok
0x00481D90,0x00481EBB,sub_481D90,ok
0x00481EC0,0x00481F28,sub_481EC0,ok
0x00481F30,0x00481FA7,sub_481F30,ok
0x00481FB0,0x00482032,sub_481FB0,ok
0x00482040,0x004820CC,sub_482040,ok
0x004820D0,0x0048215C,sub_4820D0,ok
0x00482160,0x00482229,sub_482160,ok
0x00482230,0x00482304,sub_482230,ok
0x00482310,0x00482396,sub_482310,ok
0x004823A0,0x00482426,sub_4823A0,ok
0x00482430,0x004824C9,sub_482430,ok
0x004824D0,0x00482502,sub_4824D0,ok
0x00482510,0x0048253A,sub_482510,ok
0x00482540,0x00482567,sub_482540,ok
0x00482570,0x004825A6,sub_482570,ok
0x004825B0,0x004826DA,sub_4825B0,ok
0x00482800,0x004828BC,sub_482800,ok
0x004828C0,0x00482A35,sub_4828C0,ok
0x00482B60,0x00482C87,sub_482B60,ok
0x00482C90,0x00482CED,sub_482C90,ok
0x00482CF0,0x00482D69,sub_482CF0,ok
0x00482D70,0x00482D97,sub_482D70,ok
0x00482DA0,0x00482E05,sub_482DA0,ok
0x00482E10,0x00482E44,sub_482E10,ok
0x00482E50,0x00482EE2,sub_482E50,ok
0x00482EF0,0x00483008,sub_482EF0,ok
0x00483120,0x00483276,sub_483120,ok
0x00483390,0x00483447,sub_483390,ok
0x00483560,0x0048363A,sub_483560,ok
0x00483640,0x00483770,sub_483640,ok
0x00483890,0x00483976,sub_483890,ok
0x00483A90,0x00483B8D,sub_483A90,ok
0x00483CA0,0x00483D87,sub_483CA0,ok
0x00483EA0,0x00483F8E,sub_483EA0,ok
0x004840A0,0x004841C3,sub_4840A0,ok
0x004841D0,0x00484249,sub_4841D0,ok
0x00484250,0x004842C9,sub_484250,ok
0x004842D0,0x00484349,sub_4842D0,ok
0x00484350,0x00484393,sub_484350,ok
0x004843A0,0x004843EA,sub_4843A0,ok
0x004843F0,0x0048442A,sub_4843F0,ok
0x00484430,0x004844E8,sub_484430,ok
0x004844F0,0x00484578,sub_4844F0,ok
0x00484580,0x00484644,sub_484580,ok
0x00484650,0x00484706,sub_484650,ok
0x00484710,0x00484737,sub_484710,ok
0x00484740,0x00484770,sub_484740,ok
0x00484770,0x00484795,sub_484770,ok
0x004847A0,0x004847F5,sub_4847A0,ok
0x00484800,0x004848D2,sub_484800,ok
0x004848E0,0x00484905,sub_4848E0,ok
0x00484910,0x004849A3,sub_484910,ok
0x004849B0,0x00484A2A,sub_4849B0,ok
0x00484A30,0x00484C29,sub_484A30,ok
0x00484C40,0x00484E7E,sub_484C40,ok
0x00484E90,0x00484EC0,sub_484E90,ok
0x00484EC0,0x00484EE5,sub_484EC0,ok
0x00484EF0,0x00484F19,sub_484EF0,ok
0x00484F20,0x00484F53,sub_484F20,ok
0x00484F60,0x00484FA8,sub_484F60,ok
0x00484FB0,0x0048501A,sub_484FB0,ok
0x00485020,0x00485038,sub_485020,ok
0x00485040,0x00485100,sub_485040,ok
0x00485100,0x0048516C,sub_485100,ok
0x00485170,0x004851CF,sub_485170,ok
0x004851D0,0x0048523E,sub_4851D0,ok
0x00485240,0x004852FC,sub_485240,ok
0x00485300,0x0048537E,sub_485300,ok
0x00485380,0x004853E3,sub_485380,ok
0x004853F0,0x00485422,sub_4853F0,ok
0x00485430,0x00485492,sub_485430,ok
0x004854A0,0x00485542,sub_4854A0,ok
0x00485550,0x0048561A,sub_485550,ok
0x00485620,0x00485713,sub_485620,ok
0x00485720,0x004857E1,sub_485720,ok
0x004857F0,0x0048582C,sub_4857F0,ok
0x00485830,0x0048586C,sub_485830,ok
0x00485870,0x004858F7,sub_485870,ok
0x00485900,0x00485908,sub_485900,ok
0x00485910,0x00485942,sub_485910,ok
0x00485950,0x0048599E,sub_485950,ok
0x004859A0,0x00485A2F,sub_4859A0,ok
0x00485A30,0x00485A5C,sub_485A30,ok
0x00485A60,0x00485B89,sub_485A60,ok
0x00485BA0,0x00485D3C,sub_485BA0,ok
0x00485D50,0x00485F00,sub_485D50,ok
0x00485F10,0x0048608E,sub_485F10,ok
0x00486090,0x004860C2,sub_486090,ok
0x004860D0,0x00486104,sub_4860D0,ok
0x00486110,0x0048621C,sub_486110,ok
0x00486220,0x00486255,sub_486220,ok
0x00486260,0x00486294,sub_486260,ok
0x004862A0,0x004863AC,sub_4862A0,ok
0x004863B0,0x004863D7,sub_4863B0,ok
0x004863E0,0x004864FA,sub_4863E0,ok
0x00486500,0x004865D6,sub_486500,ok
0x004865E0,0x0048664F,sub_4865E0,ok
0x00486650,0x0048675F,sub_486650,ok
0x00486760,0x004867CB,sub_486760,ok
0x004867D0,0x00486A36,sub_4867D0,ok
0x00486A50,0x00486B24,sub_486A50,ok
0x00486B30,0x00486B55,sub_486B30,ok
0x00486B60,0x00486B74,sub_486B60,ok
0x00486B80,0x00486C31,sub_486B80,ok
0x00486C40,0x00486D26,sub_486C40,ok
0x00486D30,0x00486E0C,sub_486D30,ok
0x00486E10,0x00486E99,sub_486E10,ok
0x00486EA0,0x00486F10,sub_486EA0,ok
0x00486F10,0x00486F99,sub_486F10,ok
0x00486FA0,0x00487002,sub_486FA0,ok
0x00487010,0x00487026,sub_487010,ok
0x00487030,0x0048706A,sub_487030,ok
0x00487070,0x004870AA,sub_487070,ok
0x004870B0,0x00487178,sub_4870B0,ok
0x00487180,0x0048727B,sub_487180,ok
0x00487280,0x004873B1,sub_487280,ok
0x004873C0,0x004873F9,sub_4873C0,ok
0x00487400,0x00487442,sub_487400,ok
0x00487450,0x00487499,sub_487450,ok
0x004874A0,0x004874D8,sub_4874A0,ok
0x004874E0,0x00487512,sub_4874E0,ok
0x00487520,0x00487552,sub_487520,ok
0x00487560,0x00487598,sub_487560,ok
0x004875A0,0x0048764D,sub_4875A0,ok
0x00487650,0x00487736,sub_487650,ok
0x00487740,0x00487767,sub_487740,ok
0x00487770,0x0048785A,sub_487770,ok
0x00487860,0x004878E7,sub_487860,ok
0x004878F0,0x00487917,sub_4878F0,ok
0x00487920,0x00487954,sub_487920,ok
0x00487960,0x00487A61,sub_487960,ok
0x00487A70,0x00487B5F,sub_487A70,ok
0x00487B60,0x00487B98,sub_487B60,ok
0x00487BA0,0x00487BD4,sub_487BA0,ok
0x00487BE0,0x00487BE8,sub_487BE0,ok
0x00487BF0,0x00487BF8,sub_487BF0,ok
0x00487C00,0x00487C31,sub_487C00,ok
0x00487C40,0x00487C48,sub_487C40,ok
0x00487C50,0x00487C75,sub_487C50,ok
0x00487C80,0x00487CA7,sub_487C80,ok
0x00487CB0,0x00487D12,sub_487CB0,ok
0x00487D20,0x00487D38,sub_487D20,ok
0x00487D40,0x00487D58,sub_487D40,ok
0x00487D60,0x00487DA7,sub_487D60,ok
0x00487DB0,0x00487DC8,sub_487DB0,ok
0x00487DD0,0x00487DF7,sub_487DD0,ok
0x00487E00,0x00487E14,sub_487E00,ok
0x00487E20,0x00487E47,sub_487E20,ok
0x00487E50,0x00487E83,sub_487E50,ok
0x00487E90,0x00487EA8,sub_487E90,ok
0x00487EB0,0x00487ED1,sub_487EB0,ok
0x00487EE0,0x00487EF8,sub_487EE0,ok
0x00487F00,0x00487F16,sub_487F00,ok
0x00487F20,0x00487FAF,sub_487F20,ok
0x00487FB0,0x00487FC8,sub_487FB0,ok
0x00487FD0,0x00487FE8,sub_487FD0,ok
0x00487FF0,0x00488009,sub_487FF0,ok
0x00488010,0x0048803C,sub_488010,ok
0x00488040,0x0048807D,sub_488040,ok
0x00488080,0x00488098,sub_488080,ok
0x004880A0,0x004880B4,sub_4880A0,ok
0x004880C0,0x004880D4,sub_4880C0,ok
0x004880E0,0x004880E8,sub_4880E0,ok
0x004880F0,0x00488108,sub_4880F0,ok
0x00488110,0x00488144,sub_488110,ok
0x00488150,0x00488181,sub_488150,ok
0x00488190,0x004881BF,sub_488190,ok
0x004881C0,0x00488254,sub_4881C0,ok
0x00488260,0x00488287,sub_488260,ok
0x00488290,0x004882EB,sub_488290,ok
0x004882F0,0x00488313,sub_4882F0,ok
0x00488320,0x0048837E,sub_488320,ok
0x00488380,0x004883C2,sub_488380,ok
0x004883D0,0x00488443,sub_4883D0,ok
0x00488450,0x0048848E,sub_488450,ok
0x00488490,0x00488501,sub_488490,ok
0x00488510,0x0048855F,sub_488510,ok
0x00488560,0x0048858F,sub_488560,ok
0x00488590,0x004885B7,sub_488590,ok
0x004885C0,0x004885E5,sub_4885C0,ok
0x004885F0,0x00488622,sub_4885F0,ok
0x00488630,0x0048869A,sub_488630,ok
0x004886A0,0x004886C5,sub_4886A0,ok
0x004886D0,0x004886FF,sub_4886D0,ok
0x00488700,0x0048874C,sub_488700,ok
0x00488750,0x0048878F,sub_488750,ok
0x00488790,0x004887EE,sub_488790,ok
0x004887F0,0x00488835,sub_4887F0,ok
0x00488840,0x004888BD,sub_488840,ok
0x004888C0,0x004888F2,sub_4888C0,ok
0x00488900,0x00488932,sub_488900,ok
0x00488940,0x00488954,sub_488940,ok
0x00488960,0x00488978,sub_488960,ok
0x00488980,0x004889FA,sub_488980,ok
0x00488A00,0x00488A25,sub_488A00,ok
0x00488A30,0x00488A62,sub_488A30,ok
0x00488A70,0x00488ADD,sub_488A70,ok
0x00488AE0,0x00488B1C,sub_488AE0,ok
0x00488B20,0x00488B4E,sub_488B20,ok
0x00488B50,0x00488BA8,sub_488B50,ok
0x00488BB0,0x00488C00,sub_488BB0,ok
0x00488C00,0x00488CC3,sub_488C00,ok
0x00488CD0,0x00488CFD,sub_488CD0,ok
0x00488D00,0x00488D61,sub_488D00,ok
0x00488D70,0x00488D76,__RTC_NumErrors,ok
0x00488D80,0x00488D9C,sub_488D80,ok
0x00488DA0,0x00488DD1,sub_488DA0,ok
0x00488DE0,0x00488E22,sub_488DE0,ok
0x00488E30,0x00488E59,sub_488E30,ok
0x00488E60,0x00488F0B,sub_488E60,ok
0x00488F10,0x00488FC0,sub_488F10,ok
0x00488FC0,0x00489027,sub_488FC0,ok
0x00489030,0x00489047,sub_489030,ok
0x00489050,0x00489064,sub_489050,ok
0x00489070,0x0048907D,sub_489070,ok
0x00489080,0x004890F2,sub_489080,ok
0x00489100,0x00489118,sub_489100,ok
0x00489120,0x00489153,sub_489120,ok
0x00489160,0x004891EF,sub_489160,ok
0x004891F0,0x00489286,sub_4891F0,ok
0x00489290,0x004892AC,sub_489290,ok
0x004892B0,0x004892C7,sub_4892B0,ok
0x004892D0,0x004892D6,sub_4892D0,ok
0x004892E0,0x00489332,sub_4892E0,ok
0x00489340,0x00489358,sub_489340,ok
0x00489360,0x00489394,sub_489360,ok
0x004893A0,0x004893BB,sub_4893A0,ok
0x004893C0,0x004893DD,sub_4893C0,ok
0x004893E0,0x004893FE,sub_4893E0,ok
0x00489400,0x0048942B,sub_489400,ok
0x00489430,0x0048948A,sub_489430,ok
0x00489490,0x004894A4,sub_489490,ok
0x004894B0,0x004894C5,sub_4894B0,ok
0x004894D0,0x004894D6,sub_4894D0,ok
0x004894E0,0x0048950C,sub_4894E0,ok
0x00489510,0x00489524,sub_489510,ok
0x00489530,0x00489557,sub_489530,ok
0x00489560,0x00489574,sub_489560,ok
0x00489580,0x00489598,sub_489580,ok
0x004895A0,0x0048960A,sub_4895A0,ok
0x00489610,0x0048962A,sub_489610,ok
0x00489630,0x00489644,sub_489630,ok
0x00489650,0x004896CE,sub_489650,ok
0x004896D0,0x00489725,sub_4896D0,ok
0x00489730,0x00489761,sub_489730,ok
0x00489770,0x00489797,sub_489770,ok
0x004897A0,0x00489802,sub_4897A0,ok
0x00489810,0x00489828,sub_489810,ok
0x00489830,0x004898E7,sub_489830,ok
0x004898F0,0x004899AA,sub_4898F0,ok
0x004899B0,0x004899D3,sub_4899B0,ok
0x004899E0,0x00489A03,sub_4899E0,ok
0x00489A10,0x00489A40,sub_489A10,ok
0x00489A40,0x00489ABB,sub_489A40,ok
0x00489AC0,0x00489B72,sub_489AC0,ok
0x00489B80,0x00489BF9,sub_489B80,ok
0x00489C00,0x00489C18,sub_489C00,ok
0x00489C20,0x00489C38,sub_489C20,ok
0x00489C40,0x00489DD4,sub_489C40,ok
0x00489DF0,0x00489E68,sub_489DF0,ok
0x00489E70,0x00489F40,sub_489E70,ok
0x00489F60,0x00489FD8,sub_489F60,ok
0x00489FE0,0x0048A01B,sub_489FE0,ok
0x0048A020,0x0048A045,sub_48A020,ok
0x0048A050,0x0048A082,sub_48A050,ok
0x0048A090,0x0048A0C2,sub_48A090,ok
0x0048A0D0,0x0048A10D,sub_48A0D0,ok
0x0048A110,0x0048A14B,sub_48A110,ok
0x0048A150,0x0048A177,sub_48A150,ok
0x0048A180,0x0048A1A8,sub_48A180,ok
0x0048A1B0,0x0048A1F2,sub_48A1B0,ok
0x0048A200,0x0048A242,sub_48A200,ok
0x0048A250,0x0048A2A3,sub_48A250,ok
0x0048A2B0,0x0048A2D3,sub_48A2B0,ok
0x0048A2E0,0x0048A30E,sub_48A2E0,ok
0x0048A310,0x0048A333,sub_48A310,ok
0x0048A340,0x0048A3C6,sub_48A340,ok
0x0048A3D0,0x0048A3FF,sub_48A3D0,ok
0x0048A400,0x0048A42D,sub_48A400,ok
0x0048A430,0x0048A4C4,sub_48A430,ok
0x0048A4D0,0x0048A502,sub_48A4D0,ok
0x0048A510,0x0048A5B2,sub_48A510,ok
0x0048A5C0,0x0048A631,sub_48A5C0,ok
0x0048A640,0x0048A6D4,sub_48A640,ok
0x0048A6E0,0x0048A712,sub_48A6E0,ok
0x0048A720,0x0048A745,sub_48A720,ok
0x0048A750,0x0048A78B,sub_48A750,ok
0x0048A790,0x0048A7C0,sub_48A790,ok
0x0048A7C0,0x0048A80E,sub_48A7C0,ok
0x0048A810,0x0048A81F,sub_48A810,ok
0x0048A820,0x0048A845,sub_48A820,ok
0x0048A850,0x0048A88C,sub_48A850,ok
0x0048A890,0x0048A8C2,sub_48A890,ok
0x0048A8D0,0x0048A900,sub_48A8D0,ok
0x0048A900,0x0048A940,sub_48A900,ok
0x0048A940,0x0048A97F,sub_48A940,ok
0x0048A980,0x0048A9DB,sub_48A980,ok
0x0048A9E0,0x0048AADE,sub_48A9E0,ok
0x0048AAE0,0x0048AB2C,sub_48AAE0,ok
0x0048AB30,0x0048AB53,sub_48AB30,ok
0x0048AB60,0x0048AB89,sub_48AB60,ok
0x0048AB90,0x0048AC22,sub_48AB90,ok
0x0048AC30,0x0048AC44,sub_48AC30,ok
0x0048AC50,0x0048ACD7,sub_48AC50,ok
0x0048ACE0,0x0048AD4C,sub_48ACE0,ok
0x0048AD50,0x0048AF26,sub_48AD50,ok
0x0048AF30,0x0048AFB6,sub_48AF30,ok
0x0048AFC0,0x0048B03B,sub_48AFC0,ok
0x0048B040,0x0048B0BB,sub_48B040,ok
0x0048B0C0,0x0048B105,sub_48B0C0,ok
0x0048B110,0x0048B150,sub_48B110,ok
0x0048B150,0x0048B168,sub_48B150,ok
0x0048B170,0x0048B1AF,sub_48B170,ok
0x0048B1B0,0x0048B1E0,sub_48B1B0,ok
0x0048B1E0,0x0048B212,sub_48B1E0,ok
0x0048B220,0x0048B23A,sub_48B220,ok
0x0048B240,0x0048B2A0,sub_48B240,ok
0x0048B2A0,0x0048B2B8,sub_48B2A0,ok
0x0048B2C0,0x0048B322,sub_48B2C0,ok
0x0048B330,0x0048B355,sub_48B330,ok
0x0048B360,0x0048B390,sub_48B360,ok
0x0048B390,0x0048B3B4,sub_48B390,ok
0x0048B3C0,0x0048B3E4,sub_48B3C0,ok
0x0048B3F0,0x0048B415,sub_48B3F0,ok
0x0048B420,0x0048B44A,sub_48B420,ok
0x0048B450,0x0048B4DA,sub_48B450,ok
0x0048B4E0,0x0048B564,sub_48B4E0,ok
0x0048B570,0x0048B58D,sub_48B570,ok
0x0048B590,0x0048B5AF,sub_48B590,ok
0x0048B5B0,0x0048B5E2,sub_48B5B0,ok
0x0048B5F0,0x0048B606,sub_48B5F0,ok
0x0048B610,0x0048B624,sub_48B610,ok
0x0048B630,0x0048B662,sub_48B630,ok
0x0048B670,0x0048B6BF,sub_48B670,ok
0x0048B6C0,0x0048B6E7,sub_48B6C0,ok
0x0048B6F0,0x0048B715,sub_48B6F0,ok
0x0048B720,0x0048B755,sub_48B720,ok
0x0048B760,0x0048B797,sub_48B760,ok
0x0048B7A0,0x0048B7C7,sub_48B7A0,ok
0x0048B7D0,0x0048B7E4,sub_48B7D0,ok
0x0048B7F0,0x0048B88A,sub_48B7F0,ok
0x0048B890,0x0048B8E4,sub_48B890,ok
0x0048B8F0,0x0048B967,sub_48B8F0,ok
0x0048B970,0x0048B9D1,sub_48B970,ok
0x0048B9E0,0x0048BA2E,sub_48B9E0,ok
0x0048BA30,0x0048BA7F,sub_48BA30,ok
0x0048BA80,0x0048BAA5,sub_48BA80,ok
0x0048BAB0,0x0048BB9F,sub_48BAB0,ok
0x0048BBA0,0x0048BBEF,sub_48BBA0,ok
0x0048BBF0,0x0048BC3E,sub_48BBF0,ok
0x0048BC40,0x0048BC72,sub_48BC40,ok
0x0048BC80,0x0048BCA3,sub_48BC80,ok
0x0048BCB0,0x0048BCE4,sub_48BCB0,ok
0x0048BCF0,0x0048BDCF,sub_48BCF0,ok
0x0048BDD0,0x0048BE0F,sub_48BDD0,ok
0x0048BE10,0x0048BE54,sub_48BE10,ok
0x0048BE60,0x0048BEAF,sub_48BE60,ok
0x0048BEB0,0x0048BED7,sub_48BEB0,ok
0x0048BEE0,0x0048BF12,sub_48BEE0,ok
0x0048BF20,0x0048BF51,sub_48BF20,ok
0x0048BF60,0x0048C0C8,sub_48BF60,ok
0x0048C0D0,0x0048C10B,sub_48C0D0,ok
0x0048C110,0x0048C128,sub_48C110,ok
0x0048C130,0x0048C153,sub_48C130,ok
0x0048C160,0x0048C183,sub_48C160,ok
0x0048C190,0x0048C1B3,sub_48C190,ok
0x0048C1C0,0x0048C1D4,sub_48C1C0,ok
0x0048C1E0,0x0048C203,sub_48C1E0,ok
0x0048C210,0x0048C228,sub_48C210,ok
0x0048C230,0x0048C244,sub_48C230,ok
0x0048C250,0x0048C273,sub_48C250,ok
0x0048C280,0x0048C29D,sub_48C280,ok
0x0048C2A0,0x0048C2B8,sub_48C2A0,ok
0x0048C2C0,0x0048C2E3,sub_48C2C0,ok
0x0048C2F0,0x0048C320,sub_48C2F0,ok
0x0048C320,0x0048C350,sub_48C320,ok
0x0048C350,0x0048C381,sub_48C350,ok
0x0048C390,0x0048C3B5,sub_48C390,ok
0x0048C3C0,0x0048C41E,sub_48C3C0,ok
0x0048C420,0x0048C452,sub_48C420,ok
0x0048C460,0x0048C4AE,sub_48C460,ok
0x0048C4B0,0x0048C4EE,sub_48C4B0,ok
0x0048C4F0,0x0048C570,sub_48C4F0,ok
0x0048C570,0x0048C5A2,sub_48C570,ok
0x0048C5B0,0x0048C5E5,sub_48C5B0,ok
0x0048C5F0,0x0048C617,sub_48C5F0,ok
0x0048C620,0x0048C645,sub_48C620,ok
0x0048C650,0x0048C8CC,sub_48C650,ok
0x0048C8D0,0x0048C920,sub_48C8D0,ok
0x0048C920,0x0048C982,sub_48C920,ok
0x0048C990,0x0048CD68,sub_48C990,ok
0x0048CD70,0x0048D056,sub_48CD70,ok
0x0048D080,0x0048D167,sub_48D080,ok
0x0048D170,0x0048D183,sub_48D170,ok
0x0048D190,0x0048D196,sub_48D190,ok
0x0048D1A0,0x0048D1A6,sub_48D1A0,ok
0x0048D1B0,0x0048D1B6,sub_48D1B0,ok
0x0048D1C0,0x0048D1C6,sub_48D1C0,ok
0x0048D1D0,0x0048D1DB,sub_48D1D0,ok
0x0048D1E0,0x0048D206,sub_48D1E0,ok
0x0048D210,0x0048D216,sub_48D210,ok
0x0048D220,0x0048D242,sub_48D220,ok
0x0048D250,0x0048D260,sub_48D250,ok
0x0048D260,0x0048D366,sub_48D260,ok
0x0048D370,0x0048D43B,sub_48D370,ok
0x0048D440,0x0048D63F,_WinMain@16,ok
0x0048D640,0x0048D7BA,sub_48D640,ok
0x0048D7C0,0x0048D7EA,sub_48D7C0,ok
0x0048D7F0,0x0048D84F,sub_48D7F0,ok
0x0048D850,0x0048D8CA,sub_48D850,ok
0x0048D8D0,0x0048D8E3,sub_48D8D0,ok
0x0048D8F0,0x0048D910,sub_48D8F0,ok
0x0048D910,0x0048DA58,sub_48D910,ok
0x0048DA80,0x0048DBA3,sub_48DA80,ok
0x0048DBB0,0x0048DC65,sub_48DBB0,ok
0x0048DC70,0x0048DD02,sub_48DC70,ok
0x0048DD10,0x0048DDCA,sub_48DD10,ok
0x0048DDD0,0x0048DF31,sub_48DDD0,ok
0x0048DF50,0x0048DF61,sub_48DF50,ok
0x0048DF70,0x0048DFA2,sub_48DF70,ok
0x0048DFB0,0x0048DFDF,sub_48DFB0,ok
0x0048DFE0,0x0048E03D,sub_48DFE0,ok
0x0048E040,0x0048E135,sub_48E040,ok
0x0048E140,0x0048E18E,sub_48E140,ok
0x0048E190,0x0048E1DB,sub_48E190,ok
0x0048E1E0,0x0048E222,sub_48E1E0,ok
0x0048E230,0x0048E307,sub_48E230,ok
0x0048E310,0x0048E325,sub_48E310,ok
0x0048E330,0x0048E374,sub_48E330,ok
0x0048E380,0x0048E3B3,sub_48E380,ok
0x0048E3C0,0x0048E3FD,sub_48E3C0,ok
0x0048E400,0x0048E442,sub_48E400,ok
0x0048E450,0x0048E4AF,sub_48E450,ok
0x0048E4B0,0x0048E55D,sub_48E4B0,ok
0x0048E560,0x0048E58A,sub_48E560,ok
0x0048E590,0x0048E5B0,sub_48E590,ok
0x0048E5B0,0x0048E63C,sub_48E5B0,ok
0x0048E640,0x0048E680,sub_48E640,ok
0x0048E680,0x0048E773,sub_48E680,ok
0x0048E780,0x0048E845,sub_48E780,ok
0x0048E850,0x0048E8C2,sub_48E850,ok
0x0048E8D0,0x0048E92B,sub_48E8D0,ok
0x0048E930,0x0048EB99,sub_48E930,ok
0x0048EBA0,0x0048EBB5,sub_48EBA0,ok
0x0048EBC0,0x0048EBC6,sub_48EBC0,ok
0x0048EBD0,0x0048EC7B,sub_48EBD0,ok
0x0048EC80,0x0048ED34,sub_48EC80,ok
0x0048ED40,0x0048ED81,sub_48ED40,ok
0x0048ED90,0x0048EDD5,sub_48ED90,ok
0x0048EDE0,0x0048EE16,sub_48EDE0,ok
0x0048EE20,0x0048EE43,sub_48EE20,ok
0x0048EE50,0x0048EE63,sub_48EE50,ok
0x0048EE70,0x0048EE76,sub_48EE70,ok
0x0048EE80,0x0048EF25,sub_48EE80,ok
0x0048EF30,0x0048EF80,sub_48EF30,ok
0x0048EF80,0x0048F0DA,sub_48EF80,ok
0x0048F0E0,0x0048F25D,sub_48F0E0,ok
0x0048F260,0x0048F266,sub_48F260,ok
0x0048F270,0x0048F67B,sub_48F270,ok
0x0048F680,0x0048F686,sub_48F680,ok
0x0048F690,0x0048F6E1,sub_48F690,ok
0x0048F6F0,0x0048F75C,sub_48F6F0,ok
0x0048F760,0x0048F7A1,sub_48F760,ok
0x0048F7B0,0x0048F8A2,sub_48F7B0,ok
0x0048F8B0,0x0048F8B8,sub_48F8B0,ok
0x0048F8C0,0x0048F8CE,sub_48F8C0,ok
0x0048F8D0,0x0048F8D5,sub_48F8D0,ok
0x0048F8E0,0x0048F8E7,sub_48F8E0,ok
0x0048F8F0,0x0048F8F5,sub_48F8F0,ok
0x0048F900,0x0048F907,sub_48F900,ok
0x0048F910,0x0048F926,sub_48F910,ok
0x0048F930,0x0048F935,sub_48F930,ok
0x0048F940,0x0048F953,sub_48F940,ok
0x0048F960,0x0048F965,sub_48F960,ok
0x0048F970,0x0048F9FC,sub_48F970,ok
0x0048FA00,0x0048FA57,sub_48FA00,ok
0x0048FA60,0x0048FA81,sub_48FA60,ok
0x0048FA90,0x0048FAAF,sub_48FA90,ok
0x0048FAB0,0x0048FAD1,sub_48FAB0,ok
0x0048FAE0,0x0048FAE7,sub_48FAE0,ok
0x0048FAF0,0x0048FB56,sub_48FAF0,ok
0x0048FB60,0x0048FB72,sub_48FB60,ok
0x0048FB80,0x0048FB92,sub_48FB80,ok
0x0048FBA0,0x0048FC0A,sub_48FBA0,ok
0x0048FC10,0x0048FC5D,sub_48FC10,ok
0x0048FC60,0x0048FF4E,sub_48FC60,ok
0x0048FF50,0x00490091,sub_48FF50,ok
0x004900A0,0x00490109,sub_4900A0,ok
0x00490110,0x0049017D,sub_490110,ok
0x00490180,0x00490287,sub_490180,ok
0x00490290,0x004902AB,sub_490290,ok
0x004902B0,0x004902FA,sub_4902B0,ok
0x00490300,0x0049033F,sub_490300,ok
0x00490340,0x00490352,sub_490340,ok
0x00490360,0x0049038E,sub_490360,ok
0x00490390,0x0049039E,sub_490390,ok
0x004903A0,0x004903E7,sub_4903A0,ok
0x004903F0,0x00490422,sub_4903F0,ok
0x00490430,0x00490517,sub_490430,ok
0x00490520,0x004905B9,sub_490520,ok
0x004905C0,0x004906F1,sub_4905C0,ok
0x00490700,0x004907CC,sub_490700,ok
0x004907D0,0x004907DF,sub_4907D0,ok
0x004907E0,0x004907F5,sub_4907E0,ok
0x00490800,0x00490805,sub_490800,ok
0x00490810,0x004908A1,sub_490810,ok
0x004908B0,0x00490915,sub_4908B0,ok
0x00490920,0x0049097E,sub_490920,ok
0x00490980,0x0049098D,sub_490980,ok
0x00490990,0x004909AA,sub_490990,ok
0x004909B0,0x00490A06,sub_4909B0,ok
0x00490A10,0x00490A66,sub_490A10,ok
0x00490A70,0x00490A7E,sub_490A70,ok
0x00490A80,0x00490A87,sub_490A80,ok
0x00490A90,0x00490AAA,sub_490A90,ok
0x00490AB0,0x00490AD1,sub_490AB0,ok
0x00490AE0,0x00490AE4,sub_490AE0,ok
0x00490AF0,0x00490AF5,sub_490AF0,ok
0x00490B00,0x00490B05,sub_490B00,ok
0x00490B10,0x00490B15,sub_490B10,ok
0x00490B20,0x00490B47,sub_490B20,ok
0x00490B50,0x00490C22,sub_490B50,ok
0x00490C30,0x00490CCE,sub_490C30,ok
0x00490CD0,0x00490CE0,sub_490CD0,ok
0x00490CE0,0x00490CE7,sub_490CE0,ok
0x00490CF0,0x00490CF8,sub_490CF0,ok
0x00490D00,0x00490D1B,sub_490D00,ok
0x00490D20,0x00490D33,sub_490D20,ok
0x00490D40,0x00490D47,sub_490D40,ok
0x00490D50,0x00490D58,sub_490D50,ok
0x00490D60,0x00490D8C,sub_490D60,ok
0x00490D90,0x00490D98,sub_490D90,ok
0x00490DA0,0x00490DA8,sub_490DA0,ok
0x00490DB0,0x00490DB7,sub_490DB0,ok
0x00490DC0,0x00490DF7,sub_490DC0,ok
0x00490E00,0x00490F51,sub_490E00,ok
0x00490F60,0x004910B8,sub_490F60,ok
0x004910C0,0x004910D1,sub_4910C0,ok
0x004910E0,0x004910F3,sub_4910E0,ok
0x00491100,0x00491114,sub_491100,ok
0x00491120,0x00491151,sub_491120,ok
0x00491160,0x00491174,sub_491160,ok
0x00491180,0x004911C6,sub_491180,ok
0x004911D0,0x004911D9,sub_4911D0,ok
0x004911E0,0x0049121A,sub_4911E0,ok
0x00491220,0x00491426,sub_491220,ok
0x00491430,0x00491462,sub_491430,ok
0x00491470,0x00491587,sub_491470,ok
0x00491590,0x00491665,sub_491590,ok
0x00491670,0x00491859,sub_491670,ok
0x00491870,0x00491998,sub_491870,ok
0x004919A0,0x00491ACA,sub_4919A0,ok
0x00491AD0,0x00491B3C,sub_491AD0,ok
0x00491B40,0x00491C3F,sub_491B40,ok
0x00491C40,0x00491D5C,sub_491C40,ok
0x00491D60,0x00491E51,sub_491D60,ok
0x00491E60,0x00491F8F,sub_491E60,ok
0x00491F90,0x004920E7,sub_491F90,ok
0x004920F0,0x004920F5,sub_4920F0,ok
0x00492100,0x00492149,sub_492100,ok
0x00492150,0x00492160,sub_492150,ok
0x00492160,0x00492167,sub_492160,ok
0x00492170,0x00492178,sub_492170,ok
0x00492180,0x00492187,sub_492180,ok
0x00492190,0x00492198,sub_492190,ok
0x004921A0,0x004921BB,sub_4921A0,ok
0x004921C0,0x004921E0,sub_4921C0,ok
0x004921E0,0x004921E8,sub_4921E0,ok
0x004921F0,0x004921F8,sub_4921F0,ok
0x00492200,0x00492208,sub_492200,ok
0x00492210,0x00492218,sub_492210,ok
0x00492220,0x00492228,sub_492220,ok
0x00492230,0x00492244,sub_492230,ok
0x00492250,0x00492264,sub_492250,ok
0x00492270,0x00492278,sub_492270,ok
0x00492280,0x004922BC,sub_492280,ok
0x004922C0,0x004922C6,sub_4922C0,ok
0x004922D0,0x00492318,sub_4922D0,ok
0x00492320,0x00492359,sub_492320,ok
0x00492360,0x004923E7,sub_492360,ok
0x004923F0,0x004923FA,sub_4923F0,fail
0x00492400,0x00492413,sub_492400,ok
0x00492420,0x00492445,sub_492420,ok
0x00492450,0x00492560,sub_492450,ok
0x00492560,0x00492755,sub_492560,ok
0x00492760,0x00492781,sub_492760,ok
0x00492790,0x0049280A,sub_492790,ok
0x00492810,0x00492C54,sub_492810,ok
0x00492C70,0x00492CA2,sub_492C70,ok
0x00492CB0,0x00492D87,sub_492CB0,ok
0x00492D90,0x00492DAC,sub_492D90,ok
0x00492DB0,0x00492DEE,sub_492DB0,ok
0x00492DF0,0x00492E6A,sub_492DF0,ok
0x00492E70,0x00492EEE,sub_492E70,ok
0x00492EF0,0x00492F61,sub_492EF0,ok
0x00492F70,0x00493014,sub_492F70,ok
0x00493020,0x00493036,sub_493020,ok
0x00493040,0x00493067,sub_493040,ok
0x00493070,0x0049308A,sub_493070,ok
0x00493090,0x00493097,sub_493090,ok
0x004930A0,0x004930A4,sub_4930A0,ok
0x004930B0,0x00493119,sub_4930B0,ok
0x00493120,0x00493124,sub_493120,ok
0x00493130,0x00493134,sub_493130,ok
0x00493140,0x00493164,sub_493140,ok
0x00493170,0x00493174,sub_493170,ok
0x00493180,0x00493195,sub_493180,ok
0x004931A0,0x004931A4,sub_4931A0,ok
0x004931B0,0x004931B7,sub_4931B0,ok
0x004931C0,0x004931C7,sub_4931C0,ok
0x004931D0,0x004931D7,sub_4931D0,ok
0x004931E0,0x004931E7,sub_4931E0,ok
0x004931F0,0x004931F7,sub_4931F0,ok
0x00493200,0x00493207,sub_493200,ok
0x00493210,0x00493217,sub_493210,ok
0x00493220,0x0049327D,sub_493220,ok
0x00493280,0x00493296,sub_493280,ok
0x004932A0,0x004932AF,sub_4932A0,ok
0x004932B0,0x004932F7,sub_4932B0,ok
0x00493300,0x00493347,sub_493300,ok
0x00493350,0x00493393,sub_493350,ok
0x004933A0,0x0049374E,sub_4933A0,ok
0x00493750,0x004937D5,sub_493750,ok
0x004937E0,0x0049385F,sub_4937E0,ok
0x00493860,0x004938F0,sub_493860,ok
0x004938F0,0x0049393F,sub_4938F0,ok
0x00493940,0x0049397C,sub_493940,ok
0x00493980,0x00493A45,sub_493980,ok
0x00493A50,0x00493AB3,sub_493A50,ok
0x00493AC0,0x00493ADD,sub_493AC0,ok
0x00493AE0,0x00493AEE,sub_493AE0,ok
0x00493AF0,0x00493B58,sub_493AF0,ok
0x00493B60,0x00493B8E,sub_493B60,ok
0x00493B90,0x00493BBE,sub_493B90,ok
0x00493BC0,0x00493BF9,sub_493BC0,ok
0x00493C00,0x00493CAF,sub_493C00,ok
0x00493CB0,0x00493DAF,sub_493CB0,ok
0x00493DB0,0x00493F6B,sub_493DB0,ok
0x00493F70,0x004940D0,sub_493F70,ok
0x004940D0,0x004942A7,sub_4940D0,ok
0x004942B0,0x004942E0,sub_4942B0,ok
0x004942E0,0x004942F5,sub_4942E0,ok
0x00494300,0x00494373,sub_494300,ok
0x00494380,0x0049439E,sub_494380,ok
0x004943A0,0x004943B3,sub_4943A0,ok
0x004943C0,0x004943CA,sub_4943C0,fail
0x004943D0,0x004943DB,sub_4943D0,ok
0x004943E0,0x0049445D,sub_4943E0,ok
0x00494460,0x004944A3,sub_494460,ok
0x004944B0,0x004944C9,sub_4944B0,ok
0x004944D0,0x00494527,sub_4944D0,ok
0x00494530,0x0049455F,sub_494530,ok
0x00494560,0x00494727,sub_494560,ok
0x00494730,0x00494926,sub_494730,ok
0x00494930,0x004949BA,sub_494930,ok
0x004949C0,0x004949DC,sub_4949C0,ok
0x004949E0,0x00494A26,sub_4949E0,ok
0x00494A30,0x00494A51,sub_494A30,ok
0x00494A60,0x00494ADE,sub_494A60,ok
0x00494AE0,0x00494B47,sub_494AE0,ok
0x00494B50,0x00494B83,sub_494B50,ok
0x00494B90,0x00494D81,sub_494B90,ok
0x00494D90,0x00495069,sub_494D90,ok
0x00495070,0x004951A7,sub_495070,ok
0x004951B0,0x0049531E,sub_4951B0,ok
0x00495320,0x0049549C,sub_495320,ok
0x004954A0,0x004954D5,sub_4954A0,ok
0x004954E0,0x00495546,sub_4954E0,ok
0x00495550,0x00495640,sub_495550,ok
0x00495640,0x004956B5,sub_495640,ok
0x004956C0,0x004956E0,sub_4956C0,ok
0x004956E0,0x00495841,sub_4956E0,ok
0x00495850,0x004958BD,sub_495850,ok
0x004958C0,0x00495961,sub_4958C0,ok
0x00495970,0x00495985,sub_495970,ok
0x00495990,0x004959AC,sub_495990,ok
0x004959B0,0x00495A7C,sub_4959B0,ok
0x00495A80,0x00495B23,sub_495A80,ok
0x00495B30,0x00495BDE,sub_495B30,ok
0x00495BE0,0x00495C48,sub_495BE0,ok
0x00495C50,0x00495E58,sub_495C50,ok
0x00495E60,0x00495E8E,sub_495E60,ok
0x00495E90,0x00495ED8,sub_495E90,ok
0x00495EE0,0x00495FE2,sub_495EE0,ok
0x00496000,0x00496066,sub_496000,ok
0x00496070,0x0049609E,sub_496070,ok
0x004960A0,0x00496148,sub_4960A0,ok
0x00496150,0x0049619E,sub_496150,ok
0x004961A0,0x004961BC,sub_4961A0,ok
0x004961C0,0x004961E5,sub_4961C0,ok
0x004961F0,0x00496211,sub_4961F0,ok
0x00496220,0x0049626C,sub_496220,ok
0x00496270,0x0049629C,sub_496270,ok
0x004962A0,0x004962F7,sub_4962A0,ok
0x00496300,0x00496345,sub_496300,ok
0x00496350,0x004963FB,sub_496350,ok
0x00496400,0x0049642C,sub_496400,ok
0x00496430,0x00496464,sub_496430,ok
0x00496470,0x00496486,sub_496470,ok
0x00496490,0x004964BC,sub_496490,ok
0x004964C0,0x004964D5,sub_4964C0,ok
0x004964E0,0x004964F5,sub_4964E0,ok
0x00496500,0x0049653A,sub_496500,ok
0x00496540,0x0049657E,sub_496540,ok
0x00496580,0x004965CF,sub_496580,ok
0x004965D0,0x004965D5,sub_4965D0,ok
0x004965E0,0x004965F4,sub_4965E0,ok
0x00496600,0x0049670E,sub_496600,ok
0x00496740,0x004967E3,sub_496740,ok
0x004967F0,0x00496810,sub_4967F0,ok
0x00496810,0x00496856,sub_496810,ok
0x00496860,0x00496881,sub_496860,ok
0x00496890,0x004968BF,sub_496890,ok
0x004968C0,0x004968EE,sub_4968C0,ok
0x004968F0,0x0049691A,sub_4968F0,ok
0x00496920,0x00496947,sub_496920,ok
0x00496950,0x00496975,sub_496950,ok
0x00496980,0x004969A7,sub_496980,ok
0x004969B0,0x004969D7,sub_4969B0,ok
0x004969E0,0x00496A09,sub_4969E0,ok
0x00496A10,0x00496A39,sub_496A10,ok
0x00496A40,0x00496A6C,sub_496A40,ok
0x00496A70,0x00496AA7,sub_496A70,ok
0x00496AB0,0x00496AE5,sub_496AB0,ok
0x00496AF0,0x00496B19,sub_496AF0,ok
0x00496B20,0x00496B4F,sub_496B20,ok
0x00496B50,0x00496BA0,sub_496B50,ok
0x00496BA0,0x00496BD3,sub_496BA0,ok
0x00496BE0,0x00496C1D,sub_496BE0,ok
0x00496C20,0x00496CB3,sub_496C20,ok
0x00496CC0,0x00496D06,sub_496CC0,ok
0x00496D10,0x00496D31,sub_496D10,ok
0x00496D40,0x00496D60,sub_496D40,ok
0x00496D60,0x00496DD3,sub_496D60,ok
0x00496DE0,0x00496E07,sub_496DE0,ok
0x00496E10,0x00496E4E,sub_496E10,ok
0x00496E50,0x00496E7B,sub_496E50,ok
0x00496E80,0x00496EBE,sub_496E80,ok
0x00496EC0,0x00496EEB,sub_496EC0,ok
0x00496EF0,0x00496F20,sub_496EF0,ok
0x00496F20,0x00496F4E,sub_496F20,ok
0x00496F50,0x00496F7F,sub_496F50,ok
0x00496F80,0x00496FC6,sub_496F80,ok
0x00496FD0,0x0049702F,sub_496FD0,ok
0x00497030,0x00497061,sub_497030,ok
0x00497070,0x004970C2,sub_497070,ok
0x004970D0,0x00497103,sub_4970D0,ok
0x00497110,0x0049713D,sub_497110,ok
0x00497140,0x0049723B,sub_497140,ok
0x00497250,0x0049736C,sub_497250,ok
0x00497370,0x00497484,sub_497370,ok
0x00497490,0x004974B4,sub_497490,ok
0x004974C0,0x004974DC,sub_4974C0,ok
0x004974E0,0x0049753A,sub_4974E0,ok
0x00497540,0x0049759C,sub_497540,ok
0x004975A0,0x00497694,sub_4975A0,ok
0x004976A0,0x00497709,sub_4976A0,ok
0x00497710,0x004977DA,sub_497710,ok
0x004977E0,0x0049783F,sub_4977E0,ok
0x00497840,0x004978BB,sub_497840,ok
0x004978C0,0x004978D6,sub_4978C0,ok
0x004978F0,0x00497945,sub_4978F0,ok
0x00497950,0x0049799A,sub_497950,ok
0x004979A0,0x004979F0,sub_4979A0,ok
0x004979F0,0x00497A40,sub_4979F0,ok
0x00497A40,0x00497A8A,sub_497A40,ok
0x00497A90,0x00497AE1,sub_497A90,ok
0x00497AF0,0x00497B3B,sub_497AF0,ok
0x00497B40,0x00497B58,sub_497B40,ok
0x00497B60,0x00497BB0,sub_497B60,ok
0x00497BB0,0x00497BFC,sub_497BB0,ok
0x00497C00,0x00497C38,sub_497C00,ok
0x00497C40,0x00497CBA,sub_497C40,ok
0x00497D50,0x00497DA1,sub_497D50,ok
0x00497DB0,0x00497DFC,sub_497DB0,ok
0x00497E00,0x00497E4C,sub_497E00,ok
0x00497E50,0x00497E9C,sub_497E50,ok
0x00497EA0,0x00497F72,sub_497EA0,ok
0x00497F80,0x00497FC5,sub_497F80,ok
0x00497FD0,0x004980E4,sub_497FD0,ok
0x004980F0,0x004980FC,?__uncaught_exception@@YA_NXZ_2,ok
0x00498100,0x00498170,sub_498100,ok
0x00498170,0x00498199,sub_498170,ok
0x004981A0,0x004982C8,sub_4981A0,ok
0x004982F0,0x004982FC,?__uncaught_exception@@YA_NXZ_3,ok
0x00498300,0x0049834A,sub_498300,ok
0x00498350,0x004983F7,sub_498350,ok
0x00498400,0x004984AB,sub_498400,ok
0x004984B0,0x00498531,sub_4984B0,ok
0x00498550,0x004985B0,sub_498550,ok
0x004985B0,0x00498651,sub_4985B0,ok
0x00498670,0x004986D0,sub_498670,ok
0x004986D0,0x004986F9,sub_4986D0,ok
0x00498700,0x00498720,sub_498700,ok
0x00498720,0x00498770,sub_498720,ok
0x00498770,0x004987B8,sub_498770,ok
0x004987C0,0x00498800,sub_4987C0,ok
0x00498800,0x0049880C,sub_498800,ok
0x00498810,0x00498816,sub_498810,ok
0x00498820,0x00498839,sub_498820,ok
0x00498840,0x00498855,sub_498840,ok
0x00498860,0x0049887A,sub_498860,ok
0x00498880,0x0049889A,sub_498880,ok
0x004988A0,0x004988BA,sub_4988A0,ok
0x004988C0,0x004988F9,sub_4988C0,ok
0x00498900,0x00498911,sub_498900,ok
0x00498920,0x0049896C,sub_498920,ok
0x00498970,0x00498983,sub_498970,ok
0x00498990,0x00498A57,sub_498990,ok
0x00498A60,0x00498B06,sub_498A60,ok
0x00498B10,0x00498B6B,sub_498B10,ok
0x00498B70,0x00498B8F,sub_498B70,ok
0x00498B90,0x00498D30,sub_498B90,ok
0x00498D30,0x00498DBB,sub_498D30,ok
0x00498DC0,0x00499CCA,sub_498DC0,ok
0x00499F40,0x00499F6F,sub_499F40,ok
0x00499F70,0x00499F9A,sub_499F70,ok
0x00499FA0,0x00499FD1,sub_499FA0,ok
0x00499FE0,0x0049A02B,sub_499FE0,ok
0x0049A030,0x0049A05C,sub_49A030,ok
0x0049A060,0x0049A0CA,sub_49A060,ok
0x0049A0D0,0x0049A102,sub_49A0D0,ok
0x0049A110,0x0049A14B,sub_49A110,ok
0x0049A150,0x0049A168,sub_49A150,ok
0x0049A170,0x0049A215,sub_49A170,ok
0x0049A220,0x0049A226,sub_49A220,ok
0x0049A230,0x0049A236,sub_49A230,ok
0x0049A240,0x0049A246,sub_49A240,ok
0x0049A250,0x0049A256,sub_49A250,ok
0x0049A260,0x0049A2C8,sub_49A260,ok
0x0049A2D0,0x0049A345,sub_49A2D0,ok
0x0049A350,0x0049A360,sub_49A350,ok
0x0049A360,0x0049A3EF,sub_49A360,ok
0x0049A3F0,0x0049A4B1,sub_49A3F0,ok
0x0049A4C0,0x0049A59A,sub_49A4C0,ok
0x0049A5A0,0x0049A7C3,sub_49A5A0,ok
0x0049A7D0,0x0049A855,sub_49A7D0,ok
0x0049A860,0x0049AB08,sub_49A860,ok
0x0049AB10,0x0049ACC0,sub_49AB10,ok
0x0049ACC0,0x0049AD07,sub_49ACC0,ok
0x0049AD10,0x0049AD24,sub_49AD10,ok
0x0049AD30,0x0049ADF1,sub_49AD30,ok
0x0049AE00,0x0049AE4D,sub_49AE00,ok
0x0049AE50,0x0049B013,sub_49AE50,ok
0x0049B020,0x0049B026,sub_49B020,ok
0x0049B030,0x0049B036,sub_49B030,ok
0x0049B040,0x0049B1CA,sub_49B040,ok
0x0049B1D0,0x0049B1F1,sub_49B1D0,ok
0x0049B200,0x0049B207,sub_49B200,ok
0x0049B210,0x0049B269,sub_49B210,ok
0x0049B270,0x0049B276,sub_49B270,ok
0x0049B280,0x0049B286,sub_49B280,ok
0x0049B290,0x0049B465,sub_49B290,ok
0x0049B470,0x0049B534,sub_49B470,ok
0x0049B540,0x0049B544,sub_49B540,ok
0x0049B550,0x0049B614,sub_49B550,ok
0x0049B620,0x0049B624,sub_49B620,ok
0x0049B630,0x0049B63B,sub_49B630,ok
0x0049B640,0x0049B683,sub_49B640,ok
0x0049B690,0x0049C7AF,sub_49B690,ok
0x0049C7B0,0x0049CBBE,sub_49C7B0,ok
0x0049CBC0,0x0049CBCE,sub_49CBC0,ok
0x0049CBD0,0x0049CC0D,sub_49CBD0,ok
0x0049CC10,0x0049CC38,sub_49CC10,ok
0x0049CC40,0x0049D332,sub_49CC40,ok
0x0049D340,0x0049D4B7,sub_49D340,ok
0x0049D4C0,0x0049D4F9,sub_49D4C0,ok
0x0049D500,0x0049DE2A,sub_49D500,ok
0x0049DE30,0x0049E6A6,sub_49DE30,ok
0x0049E6B0,0x0049EEC7,sub_49E6B0,ok
0x0049EED0,0x0049EEDE,sub_49EED0,ok
0x0049EEE0,0x0049EEE4,sub_49EEE0,ok
0x0049EEF0,0x0049EF05,sub_49EEF0,ok
0x0049EF10,0x0049EFCA,sub_49EF10,ok
0x0049EFD0,0x0049F03E,sub_49EFD0,ok
0x0049F040,0x0049F1E7,sub_49F040,ok
0x0049F1F0,0x0049FA0F,sub_49F1F0,ok
0x0049FA10,0x0049FA3F,sub_49FA10,ok
0x0049FA40,0x0049FA74,sub_49FA40,ok
0x0049FA80,0x0049FB3B,sub_49FA80,ok
0x0049FB40,0x0049FC2D,sub_49FB40,ok
0x0049FC30,0x0049FD6B,sub_49FC30,ok
0x0049FD70,0x0049FE54,sub_49FD70,ok
0x0049FE60,0x0049FE82,sub_49FE60,ok
0x0049FE90,0x0049FF48,sub_49FE90,ok
0x0049FF50,0x004A0002,sub_49FF50,ok
0x004A0010,0x004A00AE,sub_4A0010,ok
0x004A00B0,0x004A0109,sub_4A00B0,ok
0x004A0110,0x004A0146,sub_4A0110,ok
0x004A0150,0x004A01D3,sub_4A0150,ok
0x004A01E0,0x004A0201,sub_4A01E0,ok
0x004A0210,0x004A035E,sub_4A0210,ok
0x004A0360,0x004A04BD,sub_4A0360,ok
0x004A04C0,0x004A0647,sub_4A04C0,ok
0x004A0650,0x004A071F,sub_4A0650,ok
0x004A0720,0x004A0924,sub_4A0720,ok
0x004A0930,0x004A0A1B,sub_4A0930,ok
0x004A0A20,0x004A0B8A,sub_4A0A20,ok
0x004A0B90,0x004A0CC0,sub_4A0B90,ok
0x004A0CC0,0x004A0D21,sub_4A0CC0,ok
0x004A0D60,0x004A0DB1,sub_4A0D60,ok
0x004A0DC0,0x004A0F35,sub_4A0DC0,ok
0x004A0F40,0x004A12FB,sub_4A0F40,ok
0x004A1300,0x004A13C2,sub_4A1300,ok
0x004A13D0,0x004A143B,sub_4A13D0,ok
0x004A1440,0x004A150C,sub_4A1440,ok
0x004A1510,0x004A1C8B,sub_4A1510,ok
0x004A1C90,0x004A1CA1,sub_4A1C90,ok
0x004A1CB0,0x004A1CC0,sub_4A1CB0,ok
0x004A1CC0,0x004A1CCB,sub_4A1CC0,ok
0x004A1CD0,0x004A1CDD,sub_4A1CD0,ok
0x004A1CE0,0x004A1D08,sub_4A1CE0,ok
0x004A1D10,0x004A1D34,sub_4A1D10,ok
0x004A1D40,0x004A1D68,sub_4A1D40,ok
0x004A1D70,0x004A1D96,sub_4A1D70,ok
0x004A1DA0,0x004A1DB3,sub_4A1DA0,ok
0x004A1DC0,0x004A1DFC,sub_4A1DC0,ok
0x004A1E00,0x004A1E03,sub_4A1E00,ok
0x004A1E10,0x004A1E2C,??4SThreadParam@@QAEAAU0@ABU0@@Z,ok
0x004A1E30,0x004A1E38,sub_4A1E30,ok
0x004A1E40,0x004A1FA7,sub_4A1E40,ok
0x004A1FB0,0x004A1FDB,sub_4A1FB0,ok
0x004A1FE0,0x004A2046,sub_4A1FE0,ok
0x004A2050,0x004A20B6,sub_4A2050,ok
0x004A20C0,0x004A213D,sub_4A20C0,ok
0x004A2140,0x004A217F,sub_4A2140,ok
0x004A2180,0x004A21BF,sub_4A2180,ok
0x004A21C0,0x004A227F,sub_4A21C0,ok
0x004A2280,0x004A22F3,sub_4A2280,ok
0x004A2300,0x004A237E,sub_4A2300,ok
0x004A2380,0x004A23D4,sub_4A2380,ok
0x004A23E0,0x004A2434,sub_4A23E0,ok
0x004A2440,0x004A2494,sub_4A2440,ok
0x004A24A0,0x004A24C1,sub_4A24A0,ok
0x004A24D0,0x004A24F1,sub_4A24D0,ok
0x004A2500,0x004A2521,sub_4A2500,ok
0x004A2530,0x004A2551,sub_4A2530,ok
0x004A2560,0x004A2591,sub_4A2560,ok
0x004A25A0,0x004A25CF,sub_4A25A0,ok
0x004A25D0,0x004A25F4,sub_4A25D0,ok
0x004A2600,0x004A2685,sub_4A2600,ok
0x004A2690,0x004A270E,sub_4A2690,ok
0x004A2710,0x004A2795,sub_4A2710,ok
0x004A27A0,0x004A2815,sub_4A27A0,ok
0x004A2820,0x004A288D,sub_4A2820,ok
0x004A2890,0x004A28FD,sub_4A2890,ok
0x004A2900,0x004A2953,sub_4A2900,ok
0x004A2960,0x004A298C,sub_4A2960,ok
0x004A2990,0x004A29E9,sub_4A2990,ok
0x004A29F0,0x004A2A49,sub_4A29F0,ok
0x004A2A50,0x004A2AA9,sub_4A2A50,ok
0x004A2AB0,0x004A2AE0,sub_4A2AB0,ok
0x004A2AE0,0x004A2B47,sub_4A2AE0,ok
0x004A2B50,0x004A2BB0,sub_4A2B50,ok
0x004A2BB0,0x004A2C1D,sub_4A2BB0,ok
0x004A2C20,0x004A2C87,sub_4A2C20,ok
0x004A2C90,0x004A2CBC,sub_4A2C90,ok
0x004A2CC0,0x004A2CE8,sub_4A2CC0,ok
0x004A2CF0,0x004A2D51,sub_4A2CF0,ok
0x004A2D60,0x004A2D81,sub_4A2D60,ok
0x004A2D90,0x004A2DED,TimerFunc,ok
0x004A2DF0,0x004A2E79,sub_4A2DF0,ok
0x004A2E80,0x004A2F09,sub_4A2E80,ok
0x004A2F10,0x004A2F95,sub_4A2F10,ok
0x004A2FA0,0x004A3029,sub_4A2FA0,ok
0x004A3030,0x004A30B9,sub_4A3030,ok
0x004A30C0,0x004A3149,sub_4A30C0,ok
0x004A3150,0x004A31D9,sub_4A3150,ok
0x004A31E0,0x004A326D,sub_4A31E0,ok
0x004A3270,0x004A32F9,sub_4A3270,ok
0x004A3300,0x004A3389,sub_4A3300,ok
0x004A3390,0x004A3419,sub_4A3390,ok
0x004A3420,0x004A34A5,sub_4A3420,ok
0x004A34B0,0x004A34DE,sub_4A34B0,ok
0x004A34E0,0x004A3568,sub_4A34E0,ok
0x004A3570,0x004A37F8,sub_4A3570,ok
0x004A3810,0x004A3AFC,sub_4A3810,ok
0x004A3B00,0x004A3D14,sub_4A3B00,ok
0x004A3D30,0x004A3DAE,sub_4A3D30,ok
0x004A3DB0,0x004A3E3D,sub_4A3DB0,ok
0x004A3E40,0x004A3F8C,sub_4A3E40,ok
0x004A3F90,0x004A40C1,sub_4A3F90,ok
0x004A40D0,0x004A4208,sub_4A40D0,ok
0x004A4210,0x004A4475,sub_4A4210,ok
0x004A4480,0x004A46ED,sub_4A4480,ok
0x004A46F0,0x004A478F,sub_4A46F0,ok
0x004A4790,0x004A482E,sub_4A4790,ok
0x004A4830,0x004A48D2,sub_4A4830,ok
0x004A48E0,0x004A4984,sub_4A48E0,ok
0x004A4990,0x004A4A38,sub_4A4990,ok
0x004A4A40,0x004A4A57,sub_4A4A40,ok
0x004A4A60,0x004A4A71,sub_4A4A60,ok
0x004A4A80,0x004A4A8D,sub_4A4A80,ok
0x004A4A90,0x004A4A9D,sub_4A4A90,ok
0x004A4AA0,0x004A4AC1,sub_4A4AA0,ok
0x004A4AD0,0x004A4AF1,sub_4A4AD0,ok
0x004A4B00,0x004A4B50,sub_4A4B00,ok
0x004A4B50,0x004A4B6D,sub_4A4B50,ok
0x004A4B70,0x004A4BA5,sub_4A4B70,ok
0x004A4BB0,0x004A4BE5,sub_4A4BB0,ok
0x004A4BF0,0x004A4C11,sub_4A4BF0,ok
0x004A4C20,0x004A4C30,sub_4A4C20,ok
0x004A4C30,0x004A4C3D,sub_4A4C30,ok
0x004A4C40,0x004A4C45,sub_4A4C40,ok
0x004A4C50,0x004A4C58,sub_4A4C50,ok
0x004A4C60,0x004A4CDF,sub_4A4C60,ok
0x004A4CE0,0x004A4CE8,sub_4A4CE0,ok
0x004A4CF0,0x004A4D50,sub_4A4CF0,ok
0x004A4D50,0x004A4D7B,sub_4A4D50,ok
0x004A4D80,0x004A4DA1,sub_4A4D80,ok
0x004A4DB0,0x004A4E37,sub_4A4DB0,ok
0x004A4E40,0x004A4E8A,sub_4A4E40,ok
0x004A4E90,0x004A4E95,sub_4A4E90,ok
0x004A4EA0,0x004A4EA4,sub_4A4EA0,ok
0x004A4EB0,0x004A4EB5,sub_4A4EB0,ok
0x004A4EC0,0x004A4EC9,sub_4A4EC0,ok
0x004A4ED0,0x004A4F6C,sub_4A4ED0,ok
0x004A4F70,0x004A4F76,sub_4A4F70,ok
0x004A4F80,0x004A4F88,sub_4A4F80,ok
0x004A4F90,0x004A4FF6,sub_4A4F90,ok
0x004A5000,0x004A501F,sub_4A5000,ok
0x004A5020,0x004A5041,sub_4A5020,ok
0x004A5050,0x004A5099,sub_4A5050,ok
0x004A50A0,0x004A50F6,sub_4A50A0,ok
0x004A5100,0x004A5146,sub_4A5100,ok
0x004A5150,0x004A5196,sub_4A5150,ok
0x004A51A0,0x004A51A7,sub_4A51A0,ok
0x004A51B0,0x004A51B7,sub_4A51B0,ok
0x004A51C0,0x004A51D4,sub_4A51C0,ok
0x004A51E0,0x004A51F9,sub_4A51E0,ok
0x004A5200,0x004A529A,sub_4A5200,ok
0x004A52A0,0x004A52A8,sub_4A52A0,ok
0x004A52B0,0x004A5310,sub_4A52B0,ok
0x004A5310,0x004A5331,sub_4A5310,ok
0x004A5340,0x004A535D,sub_4A5340,ok
0x004A5360,0x004A537E,sub_4A5360,ok
0x004A5380,0x004A541F,sub_4A5380,ok
0x004A5420,0x004A5441,sub_4A5420,ok
0x004A5450,0x004A546D,sub_4A5450,ok
0x004A5470,0x004A548E,sub_4A5470,ok
0x004A5490,0x004A552F,sub_4A5490,ok
0x004A5530,0x004A5551,sub_4A5530,ok
0x004A5560,0x004A5578,sub_4A5560,ok
0x004A5580,0x004A559C,sub_4A5580,ok
0x004A55A0,0x004A55B6,sub_4A55A0,ok
0x004A55C0,0x004A55D6,sub_4A55C0,ok
0x004A55E0,0x004A55ED,unknown_libname_2,ok
0x004A55F0,0x004A55FC,sub_4A55F0,ok
0x004A5600,0x004A567D,sub_4A5600,ok
0x004A5680,0x004A5693,sub_4A5680,ok
0x004A56A0,0x004A5703,sub_4A56A0,ok
0x004A5710,0x004A57B1,sub_4A5710,ok
0x004A57C0,0x004A594D,sub_4A57C0,ok
0x004A5950,0x004A5A20,sub_4A5950,ok
0x004A5A20,0x004A5A46,sub_4A5A20,ok
0x004A5A50,0x004A5A55,sub_4A5A50,ok
0x004A5A60,0x004A5A9C,sub_4A5A60,ok
0x004A5AA0,0x004A5D66,sub_4A5AA0,ok
0x004A5D70,0x004A5E62,sub_4A5D70,ok
0x004A5E70,0x004A5E95,sub_4A5E70,ok
0x004A5EA0,0x004A5ED9,sub_4A5EA0,ok
0x004A5EE0,0x004A5F0D,sub_4A5EE0,ok
0x004A5F10,0x004A5F19,sub_4A5F10,ok
0x004A5F20,0x004A5F58,sub_4A5F20,ok
0x004A5F60,0x004A5F79,sub_4A5F60,ok
0x004A5F80,0x004A5FA9,sub_4A5F80,ok
0x004A5FB0,0x004A5FD2,sub_4A5FB0,ok
0x004A5FE0,0x004A5FE5,sub_4A5FE0,ok
0x004A5FF0,0x004A5FF6,sub_4A5FF0,ok
0x004A6000,0x004A6013,sub_4A6000,ok
0x004A6020,0x004A612E,sub_4A6020,ok
0x004A6130,0x004A6299,sub_4A6130,ok
0x004A62A0,0x004A62B0,sub_4A62A0,ok
0x004A62B0,0x004A6347,sub_4A62B0,ok
0x004A6350,0x004A6365,sub_4A6350,ok
0x004A6370,0x004A637A,sub_4A6370,ok
0x004A6380,0x004A638D,sub_4A6380,ok
0x004A6390,0x004A63AD,sub_4A6390,ok
0x004A63B0,0x004A655B,sub_4A63B0,ok
0x004A6560,0x004A659B,sub_4A6560,ok
0x004A65A0,0x004A6738,sub_4A65A0,ok
0x004A6740,0x004A67BA,sub_4A6740,ok
0x004A67C0,0x004A682C,sub_4A67C0,ok
0x004A6830,0x004A68D7,sub_4A6830,ok
0x004A68E0,0x004A6955,sub_4A68E0,ok
0x004A6960,0x004A6A17,sub_4A6960,ok
0x004A6A20,0x004A6AC8,sub_4A6A20,ok
0x004A6AD0,0x004A6AF1,sub_4A6AD0,ok
0x004A6B00,0x004A6B5A,sub_4A6B00,ok
0x004A6B60,0x004A6BA7,sub_4A6B60,ok
0x004A6BB0,0x004A6CEC,sub_4A6BB0,ok
0x004A6CF0,0x004A6EDF,sub_4A6CF0,ok
0x004A6EE0,0x004A6F06,sub_4A6EE0,ok
0x004A6F10,0x004A7031,sub_4A6F10,ok
0x004A7040,0x004A7195,sub_4A7040,ok
0x004A71A0,0x004A71C1,sub_4A71A0,ok
0x004A71D0,0x004A72DB,sub_4A71D0,ok
0x004A72E0,0x004A739D,sub_4A72E0,ok
0x004A73A0,0x004A7442,sub_4A73A0,ok
0x004A7450,0x004A746E,sub_4A7450,ok
0x004A7470,0x004A7539,sub_4A7470,ok
0x004A7540,0x004A7544,sub_4A7540,ok
0x004A7550,0x004A755D,sub_4A7550,ok
0x004A7560,0x004A764B,sub_4A7560,ok
0x004A7650,0x004A76B0,sub_4A7650,ok
0x004A76B0,0x004A76F2,sub_4A76B0,ok
0x004A7700,0x004A7939,sub_4A7700,ok
0x004A7940,0x004A79B5,sub_4A7940,ok
0x004A79C0,0x004A79E5,sub_4A79C0,ok
0x004A79F0,0x004A7A16,sub_4A79F0,ok
0x004A7A20,0x004A7AC5,sub_4A7A20,ok
0x004A7AD0,0x004A7AF1,sub_4A7AD0,ok
0x004A7B00,0x004A7B58,sub_4A7B00,ok
0x004A7B60,0x004A7BB6,sub_4A7B60,ok
0x004A7BC0,0x004A7BDE,sub_4A7BC0,ok
0x004A7BE0,0x004A7BF2,sub_4A7BE0,ok
0x004A7C00,0x004A7C71,sub_4A7C00,ok
0x004A7C80,0x004A7CD9,sub_4A7C80,ok
0x004A7CE0,0x004A7E72,sub_4A7CE0,ok
0x004A7E80,0x004A7EA1,sub_4A7E80,ok
0x004A7EB0,0x004A7ECD,sub_4A7EB0,ok
0x004A7ED0,0x004A7EF1,sub_4A7ED0,ok
0x004A7F00,0x004A7F3A,sub_4A7F00,ok
0x004A7F40,0x004A7F44,sub_4A7F40,ok
0x004A7F50,0x004A7F62,sub_4A7F50,ok
0x004A7F70,0x004A7F89,sub_4A7F70,ok
0x004A7F90,0x004A7FA2,sub_4A7F90,ok
0x004A7FB0,0x004A7FD4,sub_4A7FB0,ok
0x004A7FE0,0x004A8001,sub_4A7FE0,ok
0x004A8010,0x004A8094,sub_4A8010,ok
0x004A80A0,0x004A81A7,sub_4A80A0,ok
0x004A81B0,0x004A81ED,sub_4A81B0,ok
0x004A81F0,0x004A81F8,sub_4A81F0,ok
0x004A8200,0x004A8277,sub_4A8200,ok
0x004A8280,0x004A82A1,sub_4A8280,ok
0x004A82B0,0x004A8330,sub_4A82B0,ok
0x004A8330,0x004A84A9,sub_4A8330,ok
0x004A84B0,0x004A84B4,sub_4A84B0,ok
0x004A84C0,0x004A84C4,sub_4A84C0,ok
0x004A84D0,0x004A84D7,sub_4A84D0,ok
0x004A84E0,0x004A8500,sub_4A84E0,ok
0x004A8500,0x004A8513,sub_4A8500,ok
0x004A8520,0x004A8533,sub_4A8520,ok
0x004A8540,0x004A8599,sub_4A8540,ok
0x004A85A0,0x004A85C1,sub_4A85A0,ok
0x004A85D0,0x004A8691,sub_4A85D0,ok
0x004A86A0,0x004A86C5,sub_4A86A0,ok
0x004A86D0,0x004A870E,sub_4A86D0,ok
0x004A8710,0x004A8769,sub_4A8710,ok
0x004A8770,0x004A87E7,sub_4A8770,ok
0x004A87F0,0x004A88B3,sub_4A87F0,ok
0x004A88C0,0x004A88F4,sub_4A88C0,ok
0x004A8900,0x004A8913,sub_4A8900,ok
0x004A8920,0x004A897C,sub_4A8920,ok
0x004A8980,0x004A8A7B,sub_4A8980,ok
0x004A8A80,0x004A8AE8,sub_4A8A80,ok
0x004A8AF0,0x004A8BFC,sub_4A8AF0,ok
0x004A8C00,0x004A8C21,sub_4A8C00,ok
0x004A8C30,0x004A8CF3,sub_4A8C30,ok
0x004A8D00,0x004A8D25,sub_4A8D00,ok
0x004A8D30,0x004A8D51,sub_4A8D30,ok
0x004A8D60,0x004A8D9E,sub_4A8D60,ok
0x004A8DA0,0x004A8DF9,sub_4A8DA0,ok
0x004A8E00,0x004A8E58,sub_4A8E00,ok
0x004A8E60,0x004A8F08,sub_4A8E60,ok
0x004A8F10,0x004A8F37,sub_4A8F10,ok
0x004A8F40,0x004A9067,sub_4A8F40,ok
0x004A9070,0x004A9083,sub_4A9070,ok
0x004A9090,0x004A90B1,sub_4A9090,ok
0x004A90C0,0x004A9137,sub_4A90C0,ok
0x004A9140,0x004A9158,sub_4A9140,ok
0x004A9160,0x004A91B9,sub_4A9160,ok
0x004A91C0,0x004A91E1,sub_4A91C0,ok
0x004A91F0,0x004A92B6,sub_4A91F0,ok
0x004A92C0,0x004A92E7,sub_4A92C0,ok
0x004A92F0,0x004A932E,sub_4A92F0,ok
0x004A9330,0x004A9389,sub_4A9330,ok
0x004A9390,0x004A93E9,sub_4A9390,ok
0x004A93F0,0x004A94F7,sub_4A93F0,ok
0x004A9500,0x004A9513,sub_4A9500,ok
0x004A9520,0x004A95D4,sub_4A9520,ok
0x004A95E0,0x004A9608,sub_4A95E0,ok
0x004A9610,0x004A9699,sub_4A9610,ok
0x004A96A0,0x004A96DE,sub_4A96A0,ok
0x004A96E0,0x004A9739,sub_4A96E0,ok
0x004A9740,0x004A97DE,sub_4A9740,ok
0x004A97E0,0x004A9877,sub_4A97E0,ok
0x004A9880,0x004A98BA,sub_4A9880,ok
0x004A98C0,0x004A992C,sub_4A98C0,ok
0x004A9930,0x004A9970,sub_4A9930,ok
0x004A9970,0x004A99D3,sub_4A9970,ok
0x004A99E0,0x004A9A01,sub_4A99E0,ok
0x004A9A10,0x004A9AB2,sub_4A9A10,ok
0x004A9AC0,0x004A9AC7,sub_4A9AC0,ok
0x004A9AD0,0x004A9BC8,sub_4A9AD0,ok
0x004A9BD0,0x004A9C7E,sub_4A9BD0,ok
0x004A9C80,0x004A9CEC,sub_4A9C80,ok
0x004A9CF0,0x004A9D2A,sub_4A9CF0,ok
0x004A9D30,0x004A9D93,sub_4A9D30,ok
0x004A9DA0,0x004A9DC1,sub_4A9DA0,ok
0x004A9DD0,0x004A9E65,sub_4A9DD0,ok
0x004A9E70,0x004A9F07,sub_4A9E70,ok
0x004A9F10,0x004A9F44,sub_4A9F10,ok
0x004A9F50,0x004A9FC9,sub_4A9F50,ok
0x004A9FD0,0x004AA00A,sub_4A9FD0,ok
0x004AA010,0x004AA073,sub_4AA010,ok
0x004AA080,0x004AA0A1,sub_4AA080,ok
0x004AA0B0,0x004AA152,sub_4AA0B0,ok
0x004AA160,0x004AA223,sub_4AA160,ok
0x004AA230,0x004AA2C2,sub_4AA230,ok
0x004AA2D0,0x004AA33C,sub_4AA2D0,ok
0x004AA340,0x004AA37A,sub_4AA340,ok
0x004AA380,0x004AA3E3,sub_4AA380,ok
0x004AA3F0,0x004AA411,sub_4AA3F0,ok
0x004AA420,0x004AA5E5,sub_4AA420,ok
0x004AA5F0,0x004AA5F8,sub_4AA5F0,ok
0x004AA600,0x004AA60D,sub_4AA600,ok
0x004AA610,0x004AA625,sub_4AA610,ok
0x004AA630,0x004AA728,sub_4AA630,ok
0x004AA730,0x004AA73D,sub_4AA730,ok
0x004AA740,0x004AA7B9,sub_4AA740,ok
0x004AA7C0,0x004AA7D0,sub_4AA7C0,ok
0x004AA7D0,0x004AA84E,sub_4AA7D0,ok
0x004AA850,0x004AA912,sub_4AA850,ok
0x004AA920,0x004AA980,sub_4AA920,ok
0x004AA980,0x004AAA0B,sub_4AA980,ok
0x004AAA10,0x004AAA73,sub_4AAA10,ok
0x004AAA80,0x004AAAA1,sub_4AAA80,ok
0x004AAAB0,0x004AAB28,sub_4AAAB0,ok
0x004AAB30,0x004AABFE,sub_4AAB30,ok
0x004AAC00,0x004AAC1F,sub_4AAC00,ok
0x004AAC20,0x004AACE7,sub_4AAC20,ok
0x004AACF0,0x004AAD07,sub_4AACF0,ok
0x004AAD10,0x004AAD29,sub_4AAD10,ok
0x004AAD30,0x004AAD37,sub_4AAD30,ok
0x004AAD40,0x004AADA6,sub_4AAD40,ok
0x004AADB0,0x004AADC5,sub_4AADB0,ok
0x004AADD0,0x004AAE66,sub_4AADD0,ok
0x004AAE70,0x004AAF51,sub_4AAE70,ok
0x004AAF60,0x004AAF85,sub_4AAF60,ok
0x004AAF90,0x004AB129,sub_4AAF90,ok
0x004AB130,0x004AB196,sub_4AB130,ok
0x004AB1A0,0x004AB245,sub_4AB1A0,ok
0x004AB245,0x004AB254,sub_4AB245,ok
0x004AB260,0x004AB37D,_ceil,ok
0x004AB37D,0x004AB388,??3@YAXPAX@Z,ok
0x004AB388,0x004AB393,??_U@YAPAXI@Z,ok
0x004AB393,0x004AB39E,??_V@YAXPAX@Z,ok
0x004AB39E,0x004AB3AE,sub_4AB39E,ok
0x004AB3AE,0x004AB3CF,sub_4AB3AE,ok
0x004AB3CF,0x004AB3EF,??8type_info@@QBE_NABV0@@Z,ok
0x004AB3EF,0x004AB46F,??2@YAPAXI@Z,ok
0x004AB46F,0x004AB525,__onexit_nolock,ok
0x004AB525,0x004AB556,___onexitinit,ok
0x004AB556,0x004AB592,__onexit,ok
0x004AB592,0x004AB5A9,_atexit,ok
0x004AB5A9,0x004AB5BB,_srand,ok
0x004AB5BB,0x004AB5DC,_rand,ok
0x004AB5DC,0x004AB608,__endthread,ok
0x004AB609,0x004AB64A,__callthreadstart,ok
0x004AB64A,0x004AB6A2,__threadstart@4,ok
0x004AB6A3,0x004AB74A,__beginthread,ok
0x004AB74A,0x004AB7CE,_sprintf,ok
0x004AB7D0,0x004AB851,_shortsort,ok
0x004AB860,0x004ABAEB,_qsort,ok
0x004ABAEB,0x004ABCF8,__wsplitpath_helper,ok
0x004ABCF8,0x004ABD44,__wsplitpath,ok
0x004ABD44,0x004ABDCB,??0_LocaleUpdate@@QAE@PAUlocaleinfo_struct@@@Z,ok
0x004ABDCB,0x004ABE04,___ascii_stricmp,ok
0x004ABE04,0x004ABEC4,__stricmp_l,ok
0x004ABEC4,0x004ABF0B,__stricmp,ok
0x004ABF0B,0x004ABFA3,__aligned_offset_malloc,ok
0x004ABFA3,0x004ABFBD,__aligned_free,ok
0x004ABFBD,0x004ABFD4,__aligned_malloc,ok
0x004ABFE0,0x004AC066,_strstr,ok
0x004AC066,0x004AC190,__mbsstr_l,ok
0x004AC190,0x004AC1A7,__mbsstr,ok
0x004AC1C0,0x004AC27E,_strchr,ok
0x004AC27E,0x004AC294,_atol,ok
0x004AC294,0x004AC29F,_atoi,ok
0x004AC29F,0x004AC2C9,__purecall,ok
0x004AC2C9,0x004AC2E6,??0exception@std@@QAE@ABQBDH@Z,ok
0x004AC2E6,0x004AC2F3,?what@exception@@UBEPBDXZ,ok
0x004AC2F3,0x004AC333,?_Copy_str@exception@std@@AAEXPBD@Z,ok
0x004AC333,0x004AC351,?_Tidy@exception@std@@AAEXXZ,ok
0x004AC351,0x004AC378,??0exception@std@@QAE@ABQBD@Z,ok
0x004AC378,0x004AC3AD,??4exception@std@@QAEAAV01@ABV01@@Z,ok
0x004AC3AD,0x004AC3B8,sub_4AC3AD,ok
0x004AC3B8,0x004AC3DF,sub_4AC3B8,ok
0x004AC3DF,0x004AC404,??0exception@std@@QAE@ABV01@@Z,ok
0x004AC410,0x004AC771,_memcpy,ok
0x004AC780,0x004AC7AD,_strrchr,ok
0x004AC7AD,0x004AC7CB,__endthreadex,ok
0x004AC7CC,0x004AC80D,__callthreadstartex,ok
0x004AC80D,0x004AC871,__threadstartex@4,ok
0x004AC872,0x004AC912,__beginthreadex,ok
0x004AC912,0x004ACA18,__mbslwr_s_l,ok
0x004ACA18,0x004ACA3D,__mbslwr,ok
0x004ACA3D,0x004ACAED,__mbschr_l,ok
0x004ACAED,0x004ACB04,__mbschr,ok
0x004ACB04,0x004ACBC4,_strncmp,ok
0x004ACBC4,0x004ACDBC,__splitpath_helper,ok
0x004ACDBC,0x004ACE08,__splitpath,ok
0x004ACE08,0x004ACE2D,_fast_error_exit,ok
0x004ACE31,0x004ACF9E,___tmainCRTStartup,ok
0x004ACF9E,0x004ACFA8,start,ok
0x004ACFA8,0x004ACFD5,?_JumpToContinuation@@YGXPAXPAUEHRegistrationNode@@@Z,ok
0x004ACFDA,0x004ACFE1,sub_4ACFDA,ok
0x004ACFE1,0x004AD035,?_UnwindNestedFrames@@YGXPAUEHRegistrationNode@@PAUEHExceptionRecord@@@Z,ok
0x004AD035,0x004AD06B,___CxxFrameHandler3,ok
0x004AD06B,0x004AD09E,?CatchGuardHandler@@YA?AW4_EXCEPTION_DISPOSITION@@PAUEHExceptionRecord@@PAUCatchGuardRN@@PAX2@Z,ok
0x004AD09E,0x004AD175,?_CallSETranslator@@YAHPAUEHExceptionRecord@@PAUEHRegistrationNode@@PAX2PBU_s_FuncInfo@@H1@Z,ok
0x004AD175,0x004AD214,?TranslatorGuardHandler@@YA?AW4_EXCEPTION_DISPOSITION@@PAUEHExceptionRecord@@PAUTranslatorGuardRN@@PAX2@Z,ok
0x004AD214,0x004AD287,?_GetRangeOfTrysToCheck@@YAPBU_s_TryBlockMapEntry@@PBU_s_FuncInfo@@HHPAI1@Z,ok
0x004AD287,0x004AD2B3,__CreateFrameInfo,ok
0x004AD2B3,0x004AD2DA,__IsExceptionObjectToBeDestroyed,ok
0x004AD2DA,0x004AD32C,__FindAndUnlinkFrame,ok
0x004AD32C,0x004AD38C,?_CallCatchBlock2@@YAPAXPAUEHRegistrationNode@@PBU_s_FuncInfo@@PAXHK@Z,ok
0x004AD38C,0x004AD3D8,__CxxThrowException@8,ok
0x004AD3D8,0x004AD438,__cfltcvt_init,ok
0x004AD438,0x004AD451,__fpmath,ok
0x004AD460,0x004AD47C,__ftol2_sse,ok
0x004AD496,0x004AD50B,__ftol2,ok
0x004AD50B,0x004AD570,??_L@YGXPAXIHP6EX0@Z1@Z,ok
0x004AD570,0x004AD5CE,?__ArrayUnwind@@YGXPAXIHP6EX0@Z@Z,ok
0x004AD5CE,0x004AD631,??_M@YGXPAXIHP6EX0@Z@Z,ok
0x004AD640,0x004AD9A1,_memcpy_0,ok
0x004AD9A1,0x004AD9C1,__freea,ok
0x004AD9C1,0x004ADB3F,?_strlwr_s_l_stat@@YAHPADIPAUlocaleinfo_struct@@@Z,ok
0x004ADB3F,0x004ADB73,__strlwr_s_l,ok
0x004ADB73,0x004ADBD0,__strlwr,ok
0x004ADBD0,0x004ADC4A,_memset,ok
0x004ADC50,0x004ADC8F,_pow,ok
0x004ADC90,0x004ADCE4,__CIpow,ok
0x004ADCED,0x004ADEB2,start_0,fail
0x004ADEB2,0x004ADEDA,_test_whether_TOS_is_int,ok
0x004ADEE0,0x004ADF0B,__alloca_probe,ok
0x004ADF0B,0x004AE011,___report_gsfailure,ok
0x004AE011,0x004AE2A8,___libm_error_support,ok
0x004AE2DD,0x004AE2ED,sub_4AE2DD,ok
0x004AE2ED,0x004AE3C5,__ceil_default,ok
0x004AE3C5,0x004AE3FF,_free,ok
0x004AE3FF,0x004AE46F,?_Type_info_dtor@type_info@@CAXPAV1@@Z,ok
0x004AE470,0x004AE4F8,_strcmp,ok
0x004AE4F8,0x004AE58C,_malloc,ok
0x004AE58C,0x004AE59B,sub_4AE58C,ok
0x004AE59B,0x004AE5C3,__callnewh,ok
0x004AE5C3,0x004AE608,__malloc_crt,ok
0x004AE608,0x004AE654,__calloc_crt,ok
0x004AE654,0x004AE6A2,__realloc_crt,ok
0x004AE6A2,0x004AE6D5,__msize,ok
0x004AE6D5,0x004AE700,___crtCorExitProcess,ok
0x004AE700,0x004AE717,___crtExitProcess,ok
0x004AE718,0x004AE721,__lockexit,ok
0x004AE721,0x004AE72A,__unlockexit,ok
0x004AE72A,0x004AE75D,__init_pointers,ok
0x004AE75D,0x004AE781,__initterm_e,ok
0x004AE781,0x004AE818,__cinit,ok
0x004AE818,0x004AE958,_doexit,ok
0x004AE958,0x004AE96E,_exit,ok
0x004AE96E,0x004AE984,__exit,ok
0x004AE984,0x004AE993,__cexit,ok
0x004AE993,0x004AE9A2,__c_exit,ok
0x004AE9A2,0x004AE9BF,__amsg_exit,ok
0x004AE9C0,0x004AEA05,__SEH_prolog4,ok
0x004AEA05,0x004AEA19,__SEH_epilog4,ok
0x004AEA20,0x004AEBAF,SEH_4B5EB0,ok
0x004AEBAF,0x004AEBB8,__encoded_null,ok
0x004AEBB8,0x004AEBC1,___crtTlsAlloc@4,ok
0x004AEBC1,0x004AEBDB,___fls_getvalue@4,ok
0x004AEBDB,0x004AEBE1,sub_4AEBDB,ok
0x004AEBE1,0x004AEC15,___set_flsgetvalue,ok
0x004AEC15,0x004AEC32,___fls_setvalue@8,ok
0x004AEC32,0x004AEC6F,__mtterm,ok
0x004AEC6F,0x004AED23,__initptd,ok
0x004AED23,0x004AED9C,__getptd_noexit,ok
0x004AED9C,0x004AEDB6,__getptd,ok
0x004AEDB6,0x004AEEE5,__freefls@4,ok
0x004AEEE5,0x004AEF53,__freeptd,ok
0x004AEF53,0x004AF0CE,__mtinit,ok
0x004AF0CE,0x004AF218,__XcptFilter,ok
0x004AF218,0x004AF25A,__get_errno_from_oserr,ok
0x004AF25A,0x004AF26D,__errno,ok
0x004AF26D,0x004AF280,___doserrno,ok
0x004AF280,0x004AF2A3,__dosmaperr,ok
0x004AF2A3,0x004AF2B2,sub_4AF2A3,ok
0x004AF2B2,0x004AF3DB,__call_reportfault,ok
0x004AF3DB,0x004AF400,__invoke_watson,ok
0x004AF400,0x004AF42C,__invalid_parameter,ok
0x004AF42D,0x004AF43D,__invalid_parameter_noinfo,ok
0x004AF43D,0x004AF5A1,__flsbuf,ok
0x004AF5A1,0x004AF5D4,_write_char,ok
0x004AF5D4,0x004AF636,_write_string,ok
0x004AF636,0x004B021D,__output_l,ok
0x004B023E,0x004B02C2,__vsprintf_l,ok
0x004B02C2,0x004B02DC,_vsprintf,ok
0x004B02DC,0x004B03A9,_wcsncpy_s,ok
0x004B03A9,0x004B03D8,_CPtoLCID,ok
0x004B03D8,0x004B043C,?setSBCS@@YAXPAUthreadmbcinfostruct@@@Z,ok
0x004B043C,0x004B05CC,?setSBUpLow@@YAXPAUthreadmbcinfostruct@@@Z,ok
0x004B05CC,0x004B0670,___updatetmbcinfo,ok
0x004B0670,0x004B06EC,?getSystemCP@@YAHH@Z,ok
0x004B06EC,0x004B08D5,__setmbcp_nolock,ok
0x004B08D5,0x004B0A3F,__setmbcp,ok
0x004B0A6F,0x004B0A8D,___initmbctable,ok
0x004B0A8D,0x004B0B1C,___addlocaleref,ok
0x004B0B1C,0x004B0BB5,___removelocaleref,ok
0x004B0BB5,0x004B0D00,___freetlocinfo,ok
0x004B0D00,0x004B0D4D,__updatetlocinfoEx_nolock,ok
0x004B0D4D,0x004B0DC6,___updatetlocinfo,ok
0x004B0DC6,0x004B0EDB,__tolower_l,ok
0x004B0EDB,0x004B0F07,_tolower,ok
0x004B0F10,0x004B0F9B,_strlen,ok
0x004B0F9B,0x004B11C6,?strtoxl@@YAKPAUlocaleinfo_struct@@PBDPAPBDHH@Z,ok
0x004B11C6,0x004B11F1,_strtol,ok
0x004B11F1,0x004B1223,_abort,ok
0x004B1224,0x004B1245,__set_abort_behavior,ok
0x004B1245,0x004B126B,__GET_RTERRMSG,ok
0x004B126B,0x004B141A,__NMSG_WRITE,ok
0x004B141A,0x004B1453,__FF_MSGBANNER,ok
0x004B1453,0x004B1462,sub_4B1453,ok
0x004B1462,0x004B14C1,_strcpy_s,ok
0x004B15C4,0x004B15D4,sub_4B15C4,ok
0x004B15D4,0x004B17BB,?__crtLCMapStringA_stat@@YAHPAUlocaleinfo_struct@@KKPBDHPADHHH@Z,ok
0x004B17BB,0x004B1801,___crtLCMapStringA,ok
0x004B1801,0x004B181E,_strnlen,ok
0x004B181E,0x004B1871,?x_ismbbtype_l@@YAHPAUlocaleinfo_struct@@IHH@Z,ok
0x004B1871,0x004B188A,__ismbblead_l,ok
0x004B188A,0x004B18A2,__ismbblead,ok
0x004B18A2,0x004B18BF,__mbsnbcpy_s,ok
0x004B18BF,0x004B1901,?__CxxUnhandledExceptionFilter@@YGJPAU_EXCEPTION_POINTERS@@@Z,ok
0x004B1901,0x004B190F,sub_4B1901,ok
0x004B190F,0x004B196E,__wincmdln,ok
0x004B196E,0x004B1A49,__setenvp,ok
0x004B1A4A,0x004B1BE4,_parse_cmdline,ok
0x004B1BE4,0x004B1C9F,__setargv,ok
0x004B1C9F,0x004B1D36,___crtGetEnvironmentStringsA,ok
0x004B1D36,0x004B1F7B,__ioinit,ok
0x004B1F7B,0x004B1FA1,sub_4B1F7B,ok
0x004B1FA1,0x004B1FC7,sub_4B1FA1,ok
0x004B1FC7,0x004B1FE5,__heap_init,ok
0x004B1FE5,0x004B2080,___security_init_cookie,ok
0x004B2080,0x004B208B,sub_4B2080,ok
0x004B208B,0x004B20B2,sub_4B208B,ok
0x004B20B2,0x004B2111,___TypeMatch,ok
0x004B2111,0x004B2160,___FrameUnwindFilter,ok
0x004B2160,0x004B223C,___FrameUnwindToState,ok
0x004B223C,0x004B2281,?ExFilterRethrow@@YAHPAU_EXCEPTION_POINTERS@@@Z,ok
0x004B2281,0x004B22D6,___DestructExceptionObject,ok
0x004B22D6,0x004B22FF,___AdjustPointer,ok
0x004B22FF,0x004B2375,?IsInExceptionSpec@@YAEPAUEHExceptionRecord@@PBU_s_ESTypeList@@@Z,ok
0x004B2375,0x004B239D,?CallUnexpected@@YAXPBU_s_ESTypeList@@@Z,ok
0x004B23BE,0x004B255A,?CallCatchBlock@@YAPAXPAUEHExceptionRecord@@PAUEHRegistrationNode@@PAU_CONTEXT@@PBU_s_FuncInfo@@PAXHK@Z,ok
0x004B255A,0x004B26D9,___BuildCatchObjectHelper,ok
0x004B26D9,0x004B276B,___BuildCatchObject,ok
0x004B276B,0x004B27D9,?CatchIt@@YAXPAUEHExceptionRecord@@PAUEHRegistrationNode@@PAU_CONTEXT@@PAXPBU_s_FuncInfo@@PBU_s_HandlerType@@PBU_s_CatchableType@@PBU_s_TryBlockMapEntry@@H1E@Z,ok
0x004B27D9,0x004B28E0,?FindHandlerForForeignException@@YAXPAUEHExceptionRecord@@PAUEHRegistrationNode@@PAU_CONTEXT@@PAXPBU_s_FuncInfo@@HH1@Z,ok
0x004B28E0,0x004B2C55,?FindHandler@@YAXPAUEHExceptionRecord@@PAUEHRegistrationNode@@PAU_CONTEXT@@PAXPBU_s_FuncInfo@@EH1@Z,ok
0x004B2C55,0x004B2C72,sub_4B2C55,ok
0x004B2C72,0x004B2D58,___InternalCxxFrameHandler,ok
0x004B2D58,0x004B2D91,?terminate@@YAXXZ,ok
0x004B2D91,0x004B2DA4,?unexpected@@YAXXZ,ok
0x004B2DA4,0x004B2DDC,?_inconsistency@@YAXXZ,ok
0x004B2DDC,0x004B2DED,__initp_eh_hooks,ok
0x004B2DF0,0x004B2E3C,__CallSettingFrame@12,ok
0x004B2E3C,0x004B2EB0,__forcdecpt_l,ok
0x004B2EB0,0x004B2F32,__cropzeros_l,ok
0x004B2F32,0x004B2F4E,__positive,ok
0x004B2F4E,0x004B2F90,__fassign_l,ok
0x004B2F90,0x004B2FAA,__fassign,ok
0x004B2FAA,0x004B2FC9,__shift,ok
0x004B2FC9,0x004B2FDC,__forcdecpt,ok
0x004B2FDC,0x004B2FEF,__cropzeros,ok
0x004B2FEF,0x004B314F,__cftoe2_l,ok
0x004B3150,0x004B3217,__cftoe_l,ok
0x004B3217,0x004B3237,__cftoe,ok
0x004B3237,0x004B35AD,__cftoa_l,ok
0x004B35AD,0x004B36B0,__cftof2_l,ok
0x004B36B0,0x004B3771,__cftof_l,ok
0x004B3771,0x004B385E,__cftog_l,ok
0x004B385E,0x004B38E6,__cfltcvt_l,ok
0x004B38E6,0x004B3909,__cfltcvt,ok
0x004B3909,0x004B392C,__initp_misc_cfltcvt_tab,ok
0x004B392C,0x004B3954,__setdefaultprecision,ok
0x004B3960,0x004B3976,__alloca_probe_16,ok
0x004B3976,0x004B398C,__alloca_probe_8,ok
0x004B3A50,0x004B3A69,__CIpow_pentium4,ok
0x004B3A69,0x004B45A1,__pow_pentium4,ok
0x004B45C1,0x004B45F6,__fFEXP,ok
0x004B4687,0x004B4688,zerotoxdone,ok
0x004B46D2,0x004B46D3,_expbigret,ok
0x004B46F1,0x004B46FE,_rtforexpinf,ok
0x004B46FE,0x004B4741,__ffexpm1,ok
0x004B4741,0x004B4766,_isintTOS,ok
0x004B4766,0x004B4767,_isintTOSret,ok
0x004B4767,0x004B476E,notanint,ok
0x004B476E,0x004B4775,evenint,ok
0x004B4775,0x004B47A7,_usepowhlp,ok
0x004B47B0,0x004B4817,__trandisp1,ok
0x004B4817,0x004B48A3,__trandisp2,ok
0x004B48BD,0x004B48C2,__rtonenpop,ok
0x004B48C2,0x004B48ED,__tosnan1,ok
0x004B48ED,0x004B48EF,__nosnan2,ok
0x004B48EF,0x004B4917,__tosnan2,ok
0x004B4917,0x004B4956,__nan2,ok
0x004B4956,0x004B4969,__rtindfpop,ok
0x004B4969,0x004B4973,__rttosnpopde,ok
0x004B4979,0x004B497A,chsifnegret,ok
0x004B4980,0x004B4997,__startTwoArgErrorHandling,ok
0x004B4997,0x004B49D3,__startOneArgErrorHandling,ok
0x004B49E0,0x004B49F5,__twoToTOS,ok
0x004B49F5,0x004B4A0C,__load_CW,ok
0x004B4A0C,0x004B4A25,__convertTOStoQNaN,ok
0x004B4A25,0x004B4A68,__fload_withFB,ok
0x004B4A68,0x004B4A7E,__checkTOS_withFB,ok
0x004B4AB5,0x004B4AC9,__check_overflow_exit,ok
0x004B4AC9,0x004B4B6C,__check_range_exit,fail
0x004B4B6C,0x004B4BD6,__d_inttype,ok
0x004B4BD6,0x004B4D01,__powhlp,ok
0x004B4D01,0x004B4D09,sub_4B4D01,ok
0x004B4D09,0x004B4D0C,sub_4B4D09,ok
0x004B4D0C,0x004B4FE8,__raise_exc_ex,ok
0x004B4FE8,0x004B500B,__raise_exc,ok
0x004B500B,0x004B51EF,__handle_exc,ok
0x004B51EF,0x004B521C,__set_errno_from_matherr,ok
0x004B521C,0x004B5250,__errcode,ok
0x004B5250,0x004B52F0,__umatherr,ok
0x004B52F0,0x004B5345,__handle_qnan1,ok
0x004B5345,0x004B53A6,__handle_qnan2,ok
0x004B53A6,0x004B5470,__except1,ok
0x004B5470,0x004B554A,__except2,ok
0x004B554A,0x004B555E,__frnd,ok
0x004B555E,0x004B558B,__set_exp,ok
0x004B558B,0x004B55F1,__sptype,ok
0x004B55F1,0x004B56B4,__decomp,ok
0x004B56B4,0x004B56C4,__statfp,ok
0x004B56C4,0x004B56D5,__clrfp,ok
0x004B56D5,0x004B5700,__ctrlfp,ok
0x004B5700,0x004B5758,__set_statfp,ok
0x004B5758,0x004B57CA,___set_fpsr_sse2,ok
0x004B57CA,0x004B5814,__mtinitlocks,ok
0x004B5814,0x004B586B,__mtdeletelocks,ok
0x004B586B,0x004B5882,__unlock,ok
0x004B5882,0x004B5944,__mtinitlocknum,ok
0x004B5944,0x004B5977,__lock,ok
0x004B5980,0x004B5A56,__local_unwind4,ok
0x004B5A56,0x004B5A72,__seh_longjmp_unwind4@4,ok
0x004B5A72,0x004B5A89,@_EH4_CallFilterFunc@8,ok
0x004B5A89,0x004B5AA2,@_EH4_TransferToHandler@8,ok
0x004B5AA2,0x004B5ABB,@_EH4_GlobalUnwind2@8,ok
0x004B5ABB,0x004B5AD2,@_EH4_LocalUnwind@16,ok
0x004B5AD2,0x004B5B54,__calloc_impl,ok
0x004B5B54,0x004B5C01,_realloc,ok
0x004B5C01,0x004B5C1F,__initp_misc_winsig,ok
0x004B5C1F,0x004B5C56,_siglookup,ok
0x004B5C56,0x004B5C63,sub_4B5C56,ok
0x004B5C63,0x004B5E06,_raise,ok
0x004B5E06,0x004B5E15,sub_4B5E06,ok
0x004B5E20,0x004B5E55,__ValidateImageBase,ok
0x004B5E60,0x004B5EA4,__FindPESection,ok
0x004B5EB0,0x004B5F6C,__IsNonwritableInCurrentImage,ok
0x004B5F6C,0x004B5FF1,__lseeki64_nolock,ok
0x004B5FF1,0x004B60DB,__lseeki64,ok
0x004B60DB,0x004B67D8,__write_nolock,ok
0x004B67D8,0x004B68AC,__write,ok
0x004B68AC,0x004B68F5,__getbuf,ok
0x004B68F5,0x004B694B,__isatty,ok
0x004B694B,0x004B6951,sub_4B694B,ok
0x004B6951,0x004B6A02,___initstdio,ok
0x004B6A02,0x004B6A22,___endstdio,ok
0x004B6A22,0x004B6A63,__lock_file,ok
0x004B6A63,0x004B6A95,__lock_file2,ok
0x004B6A95,0x004B6AD1,__unlock_file,ok
0x004B6AD1,0x004B6B00,__unlock_file2,ok
0x004B6B00,0x004B6B26,__fileno,ok
0x004B6B26,0x004B6B3C,__get_printf_count_output,ok
0x004B6B3C,0x004B6C91,__wctomb_s_l,ok
0x004B6C91,0x004B6CAE,_wctomb_s,ok
0x004B6CAE,0x004B6CE6,__isleadbyte_l,ok
0x004B6CE6,0x004B6CF9,_isleadbyte,ok
0x004B6D00,0x004B6D95,__aulldvrm,ok
0x004B6D95,0x004B6E7C,?__crtGetStringTypeA_stat@@YAHPAUlocaleinfo_struct@@KPBDHPAGHHH@Z,ok
0x004B6E7C,0x004B6EBC,___crtGetStringTypeA,ok
0x004B6EBC,0x004B7233,___free_lc_time,ok
0x004B7233,0x004B729C,___free_lconv_num,ok
0x004B729C,0x004B739A,___free_lconv_mon,ok
0x004B739A,0x004B7452,__isctype_l,ok
0x004B7460,0x004B74A6,_strcspn,ok
0x004B74A6,0x004B755B,_strncpy_s,ok
0x004B7560,0x004B75A0,_strpbrk,ok
0x004B75A0,0x004B75D4,__allmul,ok
0x004B75D4,0x004B7740,sub_4B75D4,ok
0x004B7740,0x004B77B5,_wcscat_s,ok
0x004B77B5,0x004B77D0,_wcslen,ok
0x004B77D0,0x004B7833,_wcscpy_s,ok
0x004B7833,0x004B7872,__set_error_mode,ok
0x004B7872,0x004B7A5A,__mbsnbcpy_s_l,ok
0x004B7A5A,0x004B7A90,__EH_prolog3_catch,ok
0x004B7A90,0x004B7AA2,unknown_libname_3,ok
0x004B7AB0,0x004B7AD0,__global_unwind2,ok
0x004B7AD0,0x004B7B14,__unwind_handler,ok
0x004B7B14,0x004B7B15,_uh_return,ok
0x004B7B15,0x004B7B99,__local_unwind2,ok
0x004B7B99,0x004B7BBC,__abnormal_termination,ok
0x004B7BBC,0x004B7BC5,__NLG_Notify1,ok
0x004B7BC5,0x004B7BE4,__NLG_Notify,ok
0x004B7BE4,0x004B7BE7,__NLG_Call,ok
0x004B7BE7,0x004B7C38,__isdigit_l,ok
0x004B7C38,0x004B7C66,_isdigit,ok
0x004B7C66,0x004B7D0E,sub_4B7C66,ok
0x004B7D0E,0x004B7DB6,sub_4B7D0E,ok
0x004B7DB6,0x004B7E69,__fptostr,ok
0x004B7E69,0x004B7F1C,___dtold,ok
0x004B7F1C,0x004B7FA9,__fltout2,ok
0x004B7FB0,0x004B808F,__alldvrm,ok
0x004B8090,0x004B80AF,__aullshr,ok
0x004B80AF,0x004B80B6,__fptrap,ok
0x004B80B8,0x004B8117,__controlfp_s,ok
0x004B8117,0x004B8256,__87except,ok
0x004B8256,0x004B827E,__copysign,ok
0x004B827E,0x004B831B,__fpclass,ok
0x004B831B,0x004B83A1,__free_osfhnd,ok
0x004B83A1,0x004B840A,__get_osfhandle,ok
0x004B840A,0x004B84A9,___lock_fhandle,ok
0x004B84A9,0x004B84D0,__unlock_fhandle,ok
0x004B84D0,0x004B8512,__putwch_nolock,ok
0x004B8512,0x004B8628,__mbtowc_l,ok
0x004B8628,0x004B8642,_mbtowc,ok
0x004B8642,0x004B86DE,__fcloseall,ok
0x004B86DE,0x004B8746,__flush,ok
0x004B8746,0x004B878E,__fflush_nolock,ok
0x004B878E,0x004B8868,_flsall,ok
0x004B8868,0x004B8871,sub_4B8868,ok
0x004B8871,0x004B8DC2,sub_4B8871,ok
0x004B8DC2,0x004B9313,sub_4B8DC2,ok
0x004B9313,0x004B99BC,___strgtold12_l,ok
0x004B99EF,0x004BA2E7,_$I10_OUTPUT,ok
0x004BA2E7,0x004BA375,__hw_cw,ok
0x004BA375,0x004BA415,___hw_cw_sse2,ok
0x004BA415,0x004BA727,__control87,ok
0x004BA727,0x004BA8D9,_ldexp,ok
0x004BA8D9,0x004BA8F8,___initconout,ok
0x004BA8F8,0x004BA90F,sub_4BA8F8,ok
0x004BA90F,0x004BA97C,__fclose_nolock,ok
0x004BA97C,0x004BA9F0,_fclose,ok
0x004BA9F0,0x004BAAC9,__commit,ok
0x004BAAD0,0x004BAB31,___ascii_strnicmp,ok
0x004BAB31,0x004BAD15,___mtold12,ok
0x004BAD15,0x004BADB1,__close_nolock,ok
0x004BADB1,0x004BAE75,__close,ok
0x004BAE75,0x004BAEA6,__freebuf,ok
0x004BAEB0,0x004BAFA6,sub_4BAEB0,ok
0x004BAFB0,0x004BAFFC,sub_4BAFB0,ok
0x004BB000,0x004BB111,sub_4BB000,ok
0x004BB120,0x004BB261,sub_4BB120,ok
0x004BB270,0x004BB32E,sub_4BB270,ok
0x004BB330,0x004BB394,sub_4BB330,ok
0x004BB3A0,0x004BB3E1,sub_4BB3A0,ok
0x004BB3F0,0x004BB4E9,sub_4BB3F0,ok
0x004BB4F0,0x004BB602,sub_4BB4F0,ok
0x004BB610,0x004BB646,sub_4BB610,ok
0x004BB650,0x004BB86C,sub_4BB650,ok
0x004BB870,0x004BBB4D,sub_4BB870,ok
0x004BBB50,0x004BBBB7,sub_4BBB50,ok
0x004BBBC0,0x004BBE86,sub_4BBBC0,ok
0x004BBE90,0x004BBEC7,sub_4BBE90,ok
0x004BBED0,0x004BC48F,sub_4BBED0,ok
0x004BC490,0x004BC763,sub_4BC490,ok
0x004BC770,0x004BC7BE,sub_4BC770,ok
0x004BC7C0,0x004BCA7A,sub_4BC7C0,ok
0x004BCA80,0x004BCABA,sub_4BCA80,ok
0x004BCAC0,0x004BCE1E,sub_4BCAC0,ok
0x004BCE20,0x004BCE23,sub_4BCE20,ok
0x004BCE30,0x004BCE35,sub_4BCE30,ok
0x004BCE35,0x004BCE52,sub_4BCE35,ok
0x004BCE52,0x004BCE81,?_Xlength_error@std@@YAXPBD@Z,ok
0x004BCE82,0x004BCE9F,sub_4BCE82,ok
0x004BCE9F,0x004BCEC0,sub_4BCE9F,ok
0x004BCEC0,0x004BCED4,sub_4BCEC0,ok
0x004BCEE0,0x004BCF0A,sub_4BCEE0,ok
0x004BCF10,0x004BCF2A,sub_4BCF10,ok
0x004BCF30,0x004BCF56,sub_4BCF30,ok
0x004BCF60,0x004BCF8E,sub_4BCF60,ok
0x004BCF90,0x004BCFDB,sub_4BCF90,ok
0x004BCFE0,0x004BD002,sub_4BCFE0,ok
0x004BD010,0x004BD04F,sub_4BD010,ok
0x004BD060,0x004BD07F,sub_4BD060,ok
0x004BD080,0x004BD14F,sub_4BD080,ok
0x004BD150,0x004BD1C1,sub_4BD150,ok
0x004BD1D0,0x004BD203,sub_4BD1D0,ok
0x004BD210,0x004BD231,sub_4BD210,ok
0x004BD240,0x004BD2BA,sub_4BD240,ok
0x004BD2C0,0x004BD34F,sub_4BD2C0,ok
0x004BD350,0x004BD3FE,sub_4BD350,ok
0x004BD400,0x004BD4C9,sub_4BD400,ok
0x004BD4D0,0x004BD5EC,sub_4BD4D0,ok
0x004BD5F0,0x004BD62D,sub_4BD5F0,ok
0x004BD630,0x004BD721,sub_4BD630,ok
0x004BD730,0x004BD785,sub_4BD730,ok
0x004BD790,0x004BD86B,sub_4BD790,ok
0x004BD870,0x004BD878,sub_4BD870,ok
0x004BD880,0x004BD8B7,sub_4BD880,ok
0x004BD8C0,0x004BD8C4,sub_4BD8C0,ok
0x004BD8D0,0x004BD934,sub_4BD8D0,ok
0x004BD940,0x004BD99A,sub_4BD940,ok
0x004BD9A0,0x004BD9B4,sub_4BD9A0,ok
0x004BD9C0,0x004BD9EF,sub_4BD9C0,ok
0x004BD9F0,0x004BDA35,sub_4BD9F0,ok
0x004BDA40,0x004BDA77,sub_4BDA40,ok
0x004BDA80,0x004BDAAF,sub_4BDA80,ok
0x004BDAB0,0x004BDAC5,sub_4BDAB0,ok
0x004BDAD0,0x004BDB2A,sub_4BDAD0,ok
0x004BDB30,0x004BDB44,sub_4BDB30,ok
0x004BDB50,0x004BDB7F,sub_4BDB50,ok
0x004BDB80,0x004BDCC4,sub_4BDB80,ok
0x004BDCD0,0x004BDD77,sub_4BDCD0,ok
0x004BDD80,0x004BDDA2,sub_4BDD80,ok
0x004BDDB0,0x004BDE17,sub_4BDDB0,ok
0x004BDE20,0x004BDEB2,sub_4BDE20,ok
0x004BDEC0,0x004BDED9,sub_4BDEC0,ok
0x004BDEE0,0x004BDEF9,sub_4BDEE0,ok
0x004BDF00,0x004BDFC9,sub_4BDF00,ok
0x004BDFD0,0x004BE0A1,sub_4BDFD0,ok
0x004BE0B0,0x004BE189,sub_4BE0B0,ok
0x004BE190,0x004BE1AD,sub_4BE190,ok
0x004BE1B0,0x004BE1DB,sub_4BE1B0,ok
0x004BE1E0,0x004BE387,sub_4BE1E0,ok
0x004BE390,0x004BE3CD,sub_4BE390,ok
0x004BE3D0,0x004BE406,sub_4BE3D0,ok
0x004BE410,0x004BE4C0,sub_4BE410,ok
0x004BE4C0,0x004BE536,sub_4BE4C0,ok
0x004BE540,0x004BE561,sub_4BE540,ok
0x004BE570,0x004BE587,sub_4BE570,ok
0x004BE590,0x004BE5BF,sub_4BE590,ok
0x004BE5C0,0x004BE5C8,sub_4BE5C0,ok
0x004BE5D0,0x004BE5D4,sub_4BE5D0,ok
0x004BE5E0,0x004BE5E3,sub_4BE5E0,ok
0x004BE5F0,0x004BE5F7,sub_4BE5F0,ok
0x004BE600,0x004BE627,sub_4BE600,ok
0x004BE630,0x004BE638,sub_4BE630,ok
0x004BE640,0x004BE670,sub_4BE640,ok
0x004BE670,0x004BE6DA,sub_4BE670,ok
0x004BE6E0,0x004BE735,sub_4BE6E0,ok
0x004BE740,0x004BE7FA,sub_4BE740,ok
0x004BE800,0x004BE89C,sub_4BE800,ok
0x004BE8E0,0x004BEA44,sub_4BE8E0,ok
0x004BEA50,0x004BEA99,sub_4BEA50,ok
0x004BEAA0,0x004BEB60,sub_4BEAA0,ok
0x004BEB60,0x004BEB88,sub_4BEB60,ok
0x004BEB90,0x004BEBBC,sub_4BEB90,ok
0x004BEBC0,0x004BEBD8,sub_4BEBC0,ok
0x004BEBE0,0x004BEC0C,sub_4BEBE0,ok
0x004BEC10,0x004BEC24,sub_4BEC10,ok
0x004BEC30,0x004BEC89,sub_4BEC30,ok
0x004BEC90,0x004BECA4,sub_4BEC90,ok
0x004BECB0,0x004BED10,sub_4BECB0,ok
0x004BED10,0x004BED24,sub_4BED10,ok
0x004BED30,0x004BED3D,sub_4BED30,ok
0x004BED40,0x004BEDAC,sub_4BED40,ok
0x004BEDB0,0x004BEE16,sub_4BEDB0,ok
0x004BEE20,0x004BEE5F,sub_4BEE20,ok
0x004BEE60,0x004BEE96,sub_4BEE60,ok
0x004BEEA0,0x004BEEB5,sub_4BEEA0,ok
0x004BEEC0,0x004BEEE0,sub_4BEEC0,ok
0x004BEEE0,0x004BEEF8,sub_4BEEE0,ok
0x004BEF00,0x004BEF20,sub_4BEF00,ok
0x004BEF20,0x004BEF37,sub_4BEF20,ok
0x004BEF40,0x004BEF60,sub_4BEF40,ok
0x004BEF60,0x004BEF6D,sub_4BEF60,ok
0x004BEF70,0x004BEF90,sub_4BEF70,ok
0x004BEF90,0x004BEFCE,sub_4BEF90,ok
0x004BEFD0,0x004BF021,sub_4BEFD0,ok
0x004BF030,0x004BF0D5,sub_4BF030,ok
0x004BF0E0,0x004BF267,sub_4BF0E0,ok
0x004BF270,0x004BF278,sub_4BF270,ok
0x004BF280,0x004BF2F8,sub_4BF280,ok
0x004BF300,0x004BF36F,sub_4BF300,ok
0x004BF370,0x004BF3C6,sub_4BF370,ok
0x004BF3D0,0x004BF465,sub_4BF3D0,ok
0x004BF470,0x004BF4F5,sub_4BF470,ok
0x004BF500,0x004BF53A,sub_4BF500,ok
0x004BF540,0x004BF560,sub_4BF540,ok
0x004BF560,0x004BF615,sub_4BF560,ok
0x004BF620,0x004BF6D9,sub_4BF620,ok
0x004BF6E0,0x004BF701,sub_4BF6E0,ok
0x004BF710,0x004BF82C,sub_4BF710,ok
0x004BF830,0x004BF873,sub_4BF830,ok
0x004BF880,0x004BF8EA,sub_4BF880,ok
0x004BF8F0,0x004BF905,sub_4BF8F0,ok
0x004BF910,0x004BFAFC,sub_4BF910,ok
0x004BFB00,0x004BFB5A,sub_4BFB00,ok
0x004BFB60,0x004BFBCE,sub_4BFB60,ok
0x004BFBD0,0x004BFC4F,sub_4BFBD0,ok
0x004BFC50,0x004BFD11,sub_4BFC50,ok
0x004BFD20,0x004BFD41,sub_4BFD20,ok
0x004BFD50,0x004BFDFB,sub_4BFD50,ok
0x004BFE00,0x004BFF05,sub_4BFE00,ok
0x004BFF10,0x004BFF69,sub_4BFF10,ok
0x004BFF70,0x004BFF91,sub_4BFF70,ok
0x004BFFA0,0x004C004B,sub_4BFFA0,ok
0x004C0050,0x004C0141,sub_4C0050,ok
0x004C0150,0x004C0259,sub_4C0150,ok
0x004C0260,0x004C02EA,sub_4C0260,ok
0x004C02F0,0x004C037F,sub_4C02F0,ok
0x004C0380,0x004C03D0,sub_4C0380,ok
0x004C03D0,0x004C03F1,sub_4C03D0,ok
0x004C0400,0x004C04EB,sub_4C0400,ok
0x004C04F0,0x004C0511,sub_4C04F0,ok
0x004C0520,0x004C057A,sub_4C0520,ok
0x004C0580,0x004C060F,sub_4C0580,ok
0x004C0610,0x004C0645,sub_4C0610,ok
0x004C0650,0x004C06D2,sub_4C0650,ok
0x004C06E0,0x004C0718,sub_4C06E0,ok
0x004C0720,0x004C089E,sub_4C0720,ok
0x004C08A0,0x004C08BD,sub_4C08A0,ok
0x004C08C0,0x004C08F3,sub_4C08C0,ok
0x004C0900,0x004C09E1,sub_4C0900,ok
0x004C09F0,0x004C0A57,sub_4C09F0,ok
0x004C0A60,0x004C0AA0,sub_4C0A60,ok
0x004C0AA0,0x004C0AA7,sub_4C0AA0,ok
0x004C0AB0,0x004C0ABC,sub_4C0AB0,ok
0x004C0AC0,0x004C0AF2,sub_4C0AC0,ok
0x004C0B00,0x004C0B1D,sub_4C0B00,ok
0x004C0B20,0x004C0B55,sub_4C0B20,ok
0x004C0B60,0x004C0B76,sub_4C0B60,ok
0x004C0B80,0x004C0B96,sub_4C0B80,ok
0x004C0BA0,0x004C0BA9,sub_4C0BA0,ok
0x004C0BB0,0x004C0CAB,sub_4C0BB0,ok
0x004C0CB0,0x004C0DE9,sub_4C0CB0,ok
0x004C0DF0,0x004C0E42,sub_4C0DF0,ok
0x004C0E50,0x004C0E79,sub_4C0E50,ok
0x004C0E80,0x004C0EE6,sub_4C0E80,ok
0x004C0EF0,0x004C0F40,sub_4C0EF0,ok
0x004C0F40,0x004C0FB1,sub_4C0F40,ok
0x004C0FC0,0x004C1031,sub_4C0FC0,ok
0x004C1040,0x004C1073,sub_4C1040,ok
0x004C1080,0x004C10BB,sub_4C1080,ok
0x004C10C0,0x004C10DE,sub_4C10C0,ok
0x004C10E0,0x004C10FC,sub_4C10E0,ok
0x004C1100,0x004C1160,sub_4C1100,ok
0x004C1160,0x004C1168,_DllMain@12,ok
0x004C1170,0x004C1178,sub_4C1170,ok
0x004C1180,0x004C11B2,sub_4C1180,ok
0x004C11C0,0x004C123E,sub_4C11C0,ok
0x004C1240,0x004C1286,sub_4C1240,ok
0x004C1290,0x004C12B7,sub_4C1290,ok
0x004C12C0,0x004C132C,sub_4C12C0,ok
0x004C1330,0x004C14B5,sub_4C1330,ok
0x004C14C0,0x004C152E,sub_4C14C0,ok
0x004C1530,0x004C159B,sub_4C1530,ok
0x004C15A0,0x004C1646,sub_4C15A0,ok
0x004C1650,0x004C1670,sub_4C1650,ok
0x004C1670,0x004C1727,sub_4C1670,ok
0x004C1730,0x004C17A3,sub_4C1730,ok
0x004C17B0,0x004C17DA,sub_4C17B0,ok
0x004C17E0,0x004C17E3,nullsub_4,ok
0x004C17F0,0x004C183C,sub_4C17F0,ok
0x004C1840,0x004C185C,sub_4C1840,ok
0x004C1860,0x004C1911,sub_4C1860,ok
0x004C1920,0x004C19C8,sub_4C1920,ok
0x004C19D0,0x004C1A72,sub_4C19D0,ok
0x004C1A80,0x004C1B5C,sub_4C1A80,ok
0x004C1B60,0x004C1B81,sub_4C1B60,ok
0x004C1B90,0x004C1BBD,sub_4C1B90,ok
0x004C1BC0,0x004C1BFF,sub_4C1BC0,ok
0x004C1C00,0x004C1C14,sub_4C1C00,ok
0x004C1C20,0x004C1C2D,sub_4C1C20,ok
0x004C1C30,0x004C1C41,sub_4C1C30,ok
0x004C1C50,0x004C1C7B,sub_4C1C50,ok
0x004C1C80,0x004C1D3F,sub_4C1C80,ok
0x004C1D40,0x004C1D4D,sub_4C1D40,ok
0x004C1D50,0x004C1D69,sub_4C1D50,ok
0x004C1D70,0x004C1D89,sub_4C1D70,ok
0x004C1D90,0x004C1E5C,sub_4C1D90,ok
0x004C1E60,0x004C1E8C,sub_4C1E60,ok
0x004C1E90,0x004C1ECC,sub_4C1E90,ok
0x004C1ED0,0x004C1EFD,sub_4C1ED0,ok
0x004C1F00,0x004C1F55,sub_4C1F00,ok
0x004C1F60,0x004C1F72,sub_4C1F60,ok
0x004C1F80,0x004C1FBC,sub_4C1F80,ok
0x004C1FC0,0x004C2117,sub_4C1FC0,ok
0x004C2120,0x004C252B,sub_4C2120,ok
0x004C2530,0x004C2558,sub_4C2530,ok
0x004C2560,0x004C2599,sub_4C2560,ok
0x004C25A0,0x004C25D9,sub_4C25A0,ok
0x004C25E0,0x004C2654,sub_4C25E0,ok
0x004C2660,0x004C26CE,sub_4C2660,ok
0x004C26D0,0x004C2734,sub_4C26D0,ok
0x004C2740,0x004C280E,sub_4C2740,ok
0x004C2810,0x004C283E,sub_4C2810,ok
0x004C2840,0x004C2870,sub_4C2840,ok
0x004C2870,0x004C2906,sub_4C2870,ok
0x004C2910,0x004C2961,sub_4C2910,ok
0x004C2970,0x004C297D,sub_4C2970,ok
0x004C2980,0x004C298D,sub_4C2980,ok
0x004C2990,0x004C299D,sub_4C2990,ok
0x004C29A0,0x004C2A83,sub_4C29A0,ok
0x004C2A90,0x004C2AF7,sub_4C2A90,ok
0x004C2B00,0x004C2BD4,sub_4C2B00,ok
0x004C2BE0,0x004C2CF9,sub_4C2BE0,ok
0x004C2D00,0x004C2E34,sub_4C2D00,ok
0x004C2E40,0x004C2F13,sub_4C2E40,ok
0x004C2F20,0x004C2F5B,sub_4C2F20,ok
0x004C2F60,0x004C2FDA,sub_4C2F60,ok
0x004C2FE0,0x004C31C0,sub_4C2FE0,ok
0x004C31C0,0x004C31CF,fptc,ok
0x004C31D0,0x004C3260,sub_4C31D0,ok
0x004C3260,0x004C3296,sub_4C3260,ok
0x004C32A0,0x004C32C1,sub_4C32A0,ok
0x004C32D0,0x004C3337,sub_4C32D0,ok
0x004C3340,0x004C336D,sub_4C3340,ok
0x004C3370,0x004C3391,sub_4C3370,ok
0x004C33A0,0x004C33C1,sub_4C33A0,ok
0x004C33D0,0x004C33EF,sub_4C33D0,ok
0x004C33F0,0x004C33FE,??1InitialThreadParam@UMSFreeVirtualProcessorRoot@details@Concurrency@@QAE@XZ,ok
0x004C3400,0x004C3424,sub_4C3400,ok
0x004C3430,0x004C3469,sub_4C3430,ok
0x004C3470,0x004C34B5,sub_4C3470,ok
0x004C34C0,0x004C34DC,sub_4C34C0,ok
0x004C34E0,0x004C3774,sub_4C34E0,ok
0x004C3780,0x004C37D1,sub_4C3780,ok
0x004C37E0,0x004C39C7,sub_4C37E0,ok
0x004C39D0,0x004C3A34,sub_4C39D0,ok
0x004C3A40,0x004C3A89,sub_4C3A40,ok
0x004C3AC0,0x004C3ADC,sub_4C3AC0,ok
0x004C3AE0,0x004C3B17,sub_4C3AE0,ok
0x004C3B20,0x004C3B23,sub_4C3B20,ok
0x004C3B30,0x004C3B4C,sub_4C3B30,ok
0x004C3B50,0x004C3B65,sub_4C3B50,ok
0x004C3B70,0x004C3BA9,sub_4C3B70,ok
0x004C3BB0,0x004C3C1E,sub_4C3BB0,ok
0x004C3C20,0x004C3C81,sub_4C3C20,ok
0x004C3C90,0x004C3CD8,sub_4C3C90,ok
0x004C3CE0,0x004C3D43,sub_4C3CE0,ok
0x004C3D50,0x004C3D59,sub_4C3D50,ok
0x004C3D60,0x004C3D6F,sub_4C3D60,ok
0x004C3D70,0x004C3D8F,sub_4C3D70,ok
0x004C3D90,0x004C3E6C,sub_4C3D90,ok
0x004C3E70,0x004C3EB9,sub_4C3E70,ok
0x004C3EC0,0x004C3F01,sub_4C3EC0,ok
0x004C3F10,0x004C3F27,sub_4C3F10,ok
0x004C3F30,0x004C3F54,sub_4C3F30,ok
0x004C3F60,0x004C3F88,sub_4C3F60,ok
0x004C3F90,0x004C4003,sub_4C3F90,ok
0x004C4010,0x004C4064,sub_4C4010,ok
0x004C4070,0x004C40D1,sub_4C4070,ok
0x004C40E0,0x004C4141,sub_4C40E0,ok
0x004C4150,0x004C4186,sub_4C4150,ok
0x004C4190,0x004C41C6,sub_4C4190,ok
0x004C41D0,0x004C4206,sub_4C41D0,ok
0x004C4210,0x004C4246,sub_4C4210,ok
0x004C4250,0x004C4286,sub_4C4250,ok
0x004C4290,0x004C42C6,sub_4C4290,ok
0x004C42D0,0x004C4306,sub_4C42D0,ok
0x004C4310,0x004C4356,sub_4C4310,ok
0x004C4360,0x004C43A2,sub_4C4360,ok
0x004C43B0,0x004C43EA,sub_4C43B0,ok
0x004C43F0,0x004C4422,sub_4C43F0,ok
0x004C4430,0x004C446A,sub_4C4430,ok
0x004C4470,0x004C44A6,sub_4C4470,ok
0x004C44B0,0x004C4502,sub_4C44B0,ok
0x004C4510,0x004C4549,sub_4C4510,ok
0x004C4550,0x004C4589,sub_4C4550,ok
0x004C4590,0x004C45CE,sub_4C4590,ok
0x004C45D0,0x004C4609,sub_4C45D0,ok
0x004C4610,0x004C464E,sub_4C4610,ok
0x004C4650,0x004C4689,sub_4C4650,ok
0x004C4690,0x004C46CE,sub_4C4690,ok
0x004C46D0,0x004C4709,sub_4C46D0,ok
0x004C4710,0x004C4765,sub_4C4710,ok
0x004C4770,0x004C47A9,sub_4C4770,ok
0x004C47B0,0x004C47E9,sub_4C47B0,ok
0x004C47F0,0x004C489F,sub_4C47F0,ok
0x004C48A0,0x004C4961,sub_4C48A0,ok
0x004C4970,0x004C499F,sub_4C4970,ok
0x004C49A0,0x004C49F9,sub_4C49A0,ok
0x004C4A00,0x004C4A09,sub_4C4A00,ok
0x004C4A10,0x004C4A19,sub_4C4A10,ok
0x004C4A20,0x004C4A29,sub_4C4A20,ok
0x004C4A30,0x004C4A39,sub_4C4A30,ok
0x004C4A40,0x004C4A64,sub_4C4A40,ok
0x004C4A70,0x004C4AB6,sub_4C4A70,ok
0x004C4AC0,0x004C4AC8,sub_4C4AC0,ok
0x004C4AD0,0x004C4ADA,sub_4C4AD0,ok
0x004C4AE0,0x004C4B7F,sub_4C4AE0,ok
0x004C4B80,0x004C4BB6,sub_4C4B80,ok
0x004C4BC0,0x004C4BD8,sub_4C4BC0,ok
0x004C4BE0,0x004C4BF8,sub_4C4BE0,ok
0x004C4C00,0x004C4C18,sub_4C4C00,ok
0x004C4C20,0x004C4C77,sub_4C4C20,ok
0x004C4C80,0x004C4D09,sub_4C4C80,ok
0x004C4D10,0x004C4D84,sub_4C4D10,ok
0x004C4D90,0x004C4DB4,sub_4C4D90,ok
0x004C4DC0,0x004C4DDC,sub_4C4DC0,ok
0x004C4DE0,0x004C4DF5,sub_4C4DE0,ok
0x004C4E00,0x004C4E15,sub_4C4E00,ok
0x004C4E20,0x004C4E33,sub_4C4E20,ok
0x004C4E40,0x004C4E5B,sub_4C4E40,ok
0x004C4E60,0x004C4E6F,sub_4C4E60,ok
0x004C4E70,0x004C4EC2,sub_4C4E70,ok
0x004C4ED0,0x004C4F08,sub_4C4ED0,ok
0x004C4F10,0x004C4F82,sub_4C4F10,ok
0x004C4F90,0x004C508C,sub_4C4F90,ok
0x004C5090,0x004C51BD,sub_4C5090,ok
0x004C51C0,0x004C52F4,sub_4C51C0,ok
0x004C5300,0x004C5442,sub_4C5300,ok
0x004C5450,0x004C54A2,sub_4C5450,ok
0x004C54B0,0x004C54D5,sub_4C54B0,ok
0x004C54E0,0x004C54FD,sub_4C54E0,ok
0x004C5500,0x004C5515,sub_4C5500,ok
0x004C5520,0x004C5535,sub_4C5520,ok
0x004C5540,0x004C555F,sub_4C5540,ok
0x004C5560,0x004C55F2,sub_4C5560,ok
0x004C5600,0x004C5633,sub_4C5600,ok
0x004C5640,0x004C564A,sub_4C5640,ok
0x004C5650,0x004C565A,sub_4C5650,ok
0x004C5660,0x004C566A,sub_4C5660,ok
0x004C5670,0x004C567A,sub_4C5670,ok
0x004C5680,0x004C568A,sub_4C5680,ok
0x004C5690,0x004C5698,sub_4C5690,ok
0x004C56A0,0x004C56AA,sub_4C56A0,ok
0x004C56B0,0x004C56BA,sub_4C56B0,ok
0x004C56C0,0x004C56CA,sub_4C56C0,ok
0x004C56D0,0x004C5728,sub_4C56D0,ok
0x004C5730,0x004C5751,sub_4C5730,ok
0x004C5760,0x004C5814,sub_4C5760,ok
0x004C5820,0x004C5841,sub_4C5820,ok
0x004C5850,0x004C5857,sub_4C5850,ok
0x004C5860,0x004C5882,sub_4C5860,ok
0x004C5890,0x004C5919,sub_4C5890,ok
0x004C5920,0x004C5954,sub_4C5920,ok
0x004C5960,0x004C596B,sub_4C5960,ok
0x004C5970,0x004C597B,sub_4C5970,ok
0x004C5980,0x004C5A6D,sub_4C5980,ok
0x004C5A70,0x004C5BD9,sub_4C5A70,ok
0x004C5BE0,0x004C5C05,sub_4C5BE0,ok
0x004C5C10,0x004C5C59,sub_4C5C10,ok
0x004C5C60,0x004C5C81,sub_4C5C60,ok
0x004C5C90,0x004C5CD5,sub_4C5C90,ok
0x004C5CE0,0x004C5D89,sub_4C5CE0,ok
0x004C5D90,0x004C5D95,sub_4C5D90,ok
0x004C5DA0,0x004C5E27,sub_4C5DA0,ok
0x004C5E30,0x004C5E4F,sub_4C5E30,ok
0x004C5E50,0x004C5E8B,sub_4C5E50,ok
0x004C5E90,0x004C5F1E,sub_4C5E90,ok
0x004C5F20,0x004C5F38,sub_4C5F20,ok
0x004C5F40,0x004C5FFB,sub_4C5F40,ok
0x004C6000,0x004C6047,sub_4C6000,ok
0x004C6050,0x004C60C1,sub_4C6050,ok
0x004C60D0,0x004C614D,sub_4C60D0,ok
0x004C6150,0x004C6181,sub_4C6150,ok
0x004C6190,0x004C6267,sub_4C6190,ok
0x004C6270,0x004C62C0,sub_4C6270,ok
0x004C62C0,0x004C62CF,sub_4C62C0,ok
0x004C62D0,0x004C63C3,sub_4C62D0,ok
0x004C63D0,0x004C64B1,sub_4C63D0,ok
0x004C64C0,0x004C651A,sub_4C64C0,ok
0x004C6520,0x004C65AE,sub_4C6520,ok
0x004C65B0,0x004C668B,sub_4C65B0,ok
0x004C6690,0x004C6731,sub_4C6690,ok
0x004C6732,0x004C6738,DirectSoundCreate8,ok
0x004C6740,0x004C67B5,sub_4C6740,ok
0x004C67C0,0x004C681E,sub_4C67C0,ok
0x004C6820,0x004C6871,sub_4C6820,ok
0x004C6880,0x004C68BF,sub_4C6880,ok
0x004C68C0,0x004C68E2,sub_4C68C0,ok
0x004C68F0,0x004C6922,sub_4C68F0,ok
0x004C6930,0x004C6934,sub_4C6930,ok
0x004C6940,0x004C6961,sub_4C6940,ok
0x004C6970,0x004C6987,sub_4C6970,ok
0x004C6990,0x004C69BB,sub_4C6990,ok
0x004C69C0,0x004C69FB,sub_4C69C0,ok
0x004C6A00,0x004C6A33,sub_4C6A00,ok
0x004C6A40,0x004C6A50,sub_4C6A40,ok
0x004C6A50,0x004C6AAC,sub_4C6A50,ok
0x004C6AB0,0x004C6AD1,sub_4C6AB0,ok
0x004C6AE0,0x004C6B49,sub_4C6AE0,ok
0x004C6B50,0x004C6B81,sub_4C6B50,ok
0x004C6B90,0x004C6BC1,sub_4C6B90,ok
0x004C6BD0,0x004C6BED,sub_4C6BD0,ok
0x004C6BF0,0x004C6C0D,sub_4C6BF0,ok
0x004C6C10,0x004C6C31,sub_4C6C10,ok
0x004C6C40,0x004C6C61,sub_4C6C40,ok
0x004C6C70,0x004C6C78,sub_4C6C70,ok
0x004C6C80,0x004C6CE9,sub_4C6C80,ok
0x004C6CF0,0x004C6D69,sub_4C6CF0,ok
0x004C6D70,0x004C6D92,sub_4C6D70,ok
0x004C6DA0,0x004C6DC2,sub_4C6DA0,ok
0x004C6DD0,0x004C6E35,sub_4C6DD0,ok
0x004C6E40,0x004C6E44,sub_4C6E40,ok
0x004C6E50,0x004C6E57,sub_4C6E50,ok
0x004C6E60,0x004C6E6C,sub_4C6E60,ok
0x004C6E70,0x004C6E78,sub_4C6E70,ok
0x004C6E80,0x004C6F04,sub_4C6E80,ok
0x004C6F10,0x004C6F31,sub_4C6F10,ok
0x004C6F40,0x004C6FBD,sub_4C6F40,ok
0x004C6FC0,0x004C7035,sub_4C6FC0,ok
0x004C7036,0x004C703C,RtlUnwind,ok
0x004C703C,0x004C707C,_calloc,ok
0x004C7080,0x004C712A,__alldiv,ok
0x004C7130,0x004C7251,_floor,ok
0x004C7260,0x004C7287,__ftol,ok
0x004C7290,0x004C72F8,__aulldiv,ok
0x004C72F8,0x004C73D0,__floor_default,ok
0x004C73D0,0x004C73E2,sub_4C73D0,ok
0x004C73F0,0x004C745C,sub_4C73F0,ok
0x004C7460,0x004C7477,sub_4C7460,ok
0x004C7480,0x004C74A6,sub_4C7480,ok
0x004C74B0,0x004C7613,sub_4C74B0,ok
0x004C7620,0x004C7720,sub_4C7620,ok
0x004C7720,0x004C774E,sub_4C7720,ok
0x004C7750,0x004C7827,sub_4C7750,ok
0x004C7830,0x004C7908,sub_4C7830,ok
0x004C7910,0x004C7B87,sub_4C7910,ok
0x004C7B90,0x004C7BDC,sub_4C7B90,ok
0x004C7BE0,0x004C7C4C,sub_4C7BE0,ok
0x004C7C50,0x004C7CB9,sub_4C7C50,ok
0x004C7CC0,0x004C7D11,sub_4C7CC0,ok
0x004C7D20,0x004C80A0,sub_4C7D20,ok
0x004C80A0,0x004C82E5,sub_4C80A0,ok
0x004C82F0,0x004C831B,sub_4C82F0,ok
0x004C8320,0x004C872F,sub_4C8320,ok
0x004C8730,0x004C8788,sub_4C8730,ok
0x004C8790,0x004C87BB,sub_4C8790,ok
0x004C87C0,0x004C8916,sub_4C87C0,ok
0x004C8920,0x004C89FA,sub_4C8920,ok
0x004C8A00,0x004C8A7A,sub_4C8A00,ok
0x004C8A80,0x004C8A9F,sub_4C8A80,ok
0x004C8AA0,0x004C8ABF,sub_4C8AA0,ok
0x004C8AC0,0x004C9004,sub_4C8AC0,ok
0x004C9010,0x004C978D,sub_4C9010,ok
0x004C9790,0x004C97B9,sub_4C9790,ok
0x004C97C0,0x004C97E9,sub_4C97C0,ok
0x004C97F0,0x004C9809,sub_4C97F0,ok
0x004C9810,0x004C98D0,sub_4C9810,ok
0x004C98D0,0x004C9930,sub_4C98D0,ok
0x004C9930,0x004C9A15,sub_4C9930,ok
0x004C9A20,0x004CA018,sub_4C9A20,ok
0x004CA020,0x004CA0BF,sub_4CA020,ok
0x004CA0C0,0x004CA1A0,sub_4CA0C0,ok
0x004CA1A0,0x004CA262,sub_4CA1A0,ok
0x004CA270,0x004CA3A2,sub_4CA270,ok
0x004CA3B0,0x004CA502,sub_4CA3B0,ok
0x004CA510,0x004CA59A,sub_4CA510,ok
0x004CA5A0,0x004CA6EA,sub_4CA5A0,ok
0x004CA6F0,0x004CA7B9,sub_4CA6F0,ok
0x004CA7C0,0x004CA84C,sub_4CA7C0,ok
0x004CA850,0x004CA9AF,sub_4CA850,ok
0x004CA9B0,0x004CA9D7,sub_4CA9B0,ok
0x004CA9E0,0x004CAAA3,sub_4CA9E0,ok
0x004CAAB0,0x004CACFF,sub_4CAAB0,ok
0x004CAD00,0x004CAD17,sub_4CAD00,ok
0x004CAD20,0x004CB103,sub_4CAD20,ok
0x004CB110,0x004CB1DE,sub_4CB110,ok
0x004CB1E0,0x004CB245,sub_4CB1E0,ok
0x004CB250,0x004CB29F,sub_4CB250,ok
0x004CB2A0,0x004CB41F,sub_4CB2A0,ok
0x004CB420,0x004CB486,sub_4CB420,ok
0x004CB490,0x004CB67B,sub_4CB490,ok
0x004CB680,0x004CB741,sub_4CB680,ok
0x004CB750,0x004CB76D,sub_4CB750,ok
0x004CB770,0x004CB7D0,sub_4CB770,ok
0x004CB7D0,0x004CB823,sub_4CB7D0,ok
0x004CB830,0x004CBBF8,sub_4CB830,ok
0x004CBC00,0x004CBC60,sub_4CBC00,ok
0x004CBC60,0x004CBC7B,sub_4CBC60,ok
0x004CBC80,0x004CBEBE,sub_4CBC80,ok
0x004CBEC0,0x004CBEF4,sub_4CBEC0,ok
0x004CBF00,0x004CC027,sub_4CBF00,ok
0x004CC030,0x004CC22B,sub_4CC030,ok
0x004CC230,0x004CC5A0,sub_4CC230,ok
0x004CC5C0,0x004CC735,sub_4CC5C0,ok
0x004CC740,0x004CC8FB,sub_4CC740,ok
0x004CC900,0x004CC9D3,sub_4CC900,ok
0x004CC9E0,0x004CC9F5,sub_4CC9E0,ok
0x004CCA00,0x004CCA5D,sub_4CCA00,ok
0x004CCA60,0x004CCA86,sub_4CCA60,ok
0x004CCA90,0x004CCC37,sub_4CCA90,ok
0x004CCC40,0x004CCE00,sub_4CCC40,ok
0x004CCE00,0x004CD262,sub_4CCE00,ok
0x004CD270,0x004CDE20,sub_4CD270,ok
0x004CDE20,0x004CDE57,sub_4CDE20,ok
0x004CDE60,0x004CDE80,sub_4CDE60,ok
0x004CDE80,0x004CE00B,sub_4CDE80,ok
0x004CE010,0x004CE045,sub_4CE010,ok
0x004CE050,0x004CE0BE,sub_4CE050,ok
0x004CE0C0,0x004CE200,sub_4CE0C0,ok
0x004CE200,0x004CE3D5,sub_4CE200,ok
0x004CE3E0,0x004CE41B,sub_4CE3E0,ok
0x004CE420,0x004CE921,sub_4CE420,ok
0x004CE930,0x004CEE25,sub_4CE930,ok
0x004CEE30,0x004CEEBC,sub_4CEE30,ok
0x004CEEC0,0x004CEFD7,sub_4CEEC0,ok
0x004CEFE0,0x004CF460,sub_4CEFE0,ok
0x004CF460,0x004CF491,sub_4CF460,ok
0x004CF4A0,0x004CF4B0,sub_4CF4A0,ok
0x004CF4B0,0x004CF4CF,sub_4CF4B0,ok
0x004CF4D0,0x004CF615,sub_4CF4D0,ok
0x004CF620,0x004CF7E8,sub_4CF620,ok
0x004CF7F0,0x004D0165,sub_4CF7F0,ok
0x004D0170,0x004D0191,sub_4D0170,ok
0x004D01A0,0x004D0558,sub_4D01A0,ok
0x004D0560,0x004D057F,sub_4D0560,ok
0x004D0580,0x004D05FA,sub_4D0580,ok
0x004D0600,0x004D06EB,sub_4D0600,ok
0x004D06F0,0x004D0700,sub_4D06F0,ok
0x004D0700,0x004D0716,sub_4D0700,ok
0x004D0720,0x004D0857,sub_4D0720,ok
0x004D0860,0x004D0A34,sub_4D0860,ok
0x004D0A40,0x004D0A98,sub_4D0A40,ok
0x004D0AA0,0x004D0CB6,sub_4D0AA0,ok
0x004D0CC0,0x004D0DDE,sub_4D0CC0,ok
0x004D0DE0,0x004D0E31,sub_4D0DE0,ok
0x004D0E40,0x004D0FEC,sub_4D0E40,ok
0x004D0FF0,0x004D125A,sub_4D0FF0,ok
0x004D1260,0x004D12B3,sub_4D1260,ok
0x004D12C0,0x004D14EA,sub_4D12C0,ok
0x004D14F0,0x004D1548,sub_4D14F0,ok
0x004D1550,0x004D158F,sub_4D1550,ok
0x004D1590,0x004D172F,sub_4D1590,ok
0x004D1730,0x004D1889,sub_4D1730,ok
0x004D1890,0x004D1A25,sub_4D1890,ok
0x004D1A30,0x004D1A4F,sub_4D1A30,ok
0x004D1A50,0x004D1A6F,sub_4D1A50,ok
0x004D1A70,0x004D1C2E,sub_4D1A70,ok
0x004D1C30,0x004D1C43,sub_4D1C30,ok
0x004D1C50,0x004D1E7A,sub_4D1C50,ok
0x004D1E80,0x004D2082,sub_4D1E80,ok
0x004D20A0,0x004D20B5,sub_4D20A0,ok
0x004D20C0,0x004D254F,sub_4D20C0,ok
0x004D2550,0x004D2598,sub_4D2550,ok
0x004D25A0,0x004D2793,sub_4D25A0,ok
0x004D27A0,0x004D27CF,sub_4D27A0,ok
0x004D27D0,0x004D29C9,sub_4D27D0,ok
0x004D29D0,0x004D2BFC,sub_4D29D0,ok
0x004D2C00,0x004D2C23,sub_4D2C00,ok
0x004D2C30,0x004D2CD5,sub_4D2C30,ok
0x004D2CE0,0x004D32B9,sub_4D2CE0,ok
0x004D32D0,0x004D335C,sub_4D32D0,ok
0x004D3360,0x004D3647,sub_4D3360,ok
0x004D3650,0x004D3755,sub_4D3650,ok
0x004D3760,0x004D381C,sub_4D3760,ok
0x004D3820,0x004D383F,sub_4D3820,ok
0x004D3840,0x004D38AF,sub_4D3840,ok
0x004D38B0,0x004D396F,sub_4D38B0,ok
0x004D3970,0x004D3A03,sub_4D3970,ok
0x004D3A10,0x004D3B4C,sub_4D3A10,ok
0x004D3B50,0x004D3BD0,sub_4D3B50,ok
0x004D3BD0,0x004D3D2C,sub_4D3BD0,ok
0x004D3D30,0x004D3EA1,sub_4D3D30,ok
0x004D3EB0,0x004D3EF7,sub_4D3EB0,ok
0x004D3F00,0x004D3F4D,sub_4D3F00,ok
0x004D3F50,0x004D3F5C,sub_4D3F50,ok
0x004D3F60,0x004D3FBA,sub_4D3F60,ok
0x004D3FC0,0x004D3FCC,sub_4D3FC0,ok
0x004D3FD0,0x004D3FDD,sub_4D3FD0,ok
0x004D3FE0,0x004D3FED,sub_4D3FE0,ok
0x004D3FF0,0x004D3FFD,sub_4D3FF0,ok
0x004D4000,0x004D40D7,sub_4D4000,ok
0x004D40E0,0x004D4105,sub_4D40E0,ok
0x004D4110,0x004D4135,sub_4D4110,ok
0x004D4140,0x004D41A2,sub_4D4140,ok
0x004D41B0,0x004D41F5,sub_4D41B0,ok
0x004D4200,0x004D42A1,sub_4D4200,ok
0x004D42B0,0x004D42DF,sub_4D42B0,ok
0x004D42E0,0x004D4324,sub_4D42E0,ok
0x004D4330,0x004D4346,sub_4D4330,ok
0x004D4350,0x004D4375,sub_4D4350,ok
0x004D4380,0x004D43FA,sub_4D4380,ok
0x004D4400,0x004D441E,sub_4D4400,ok
0x004D4420,0x004D4567,sub_4D4420,ok
0x004D4570,0x004D4853,sub_4D4570,ok
0x004D4860,0x004D4878,sub_4D4860,ok
0x004D4880,0x004D48CC,sub_4D4880,ok
0x004D48D0,0x004D48EC,sub_4D48D0,ok
0x004D48F0,0x004D4905,sub_4D48F0,ok
0x004D4910,0x004D4A3E,sub_4D4910,ok
0x004D4A40,0x004D4A55,sub_4D4A40,ok
0x004D4A60,0x004D4A96,sub_4D4A60,ok
0x004D4AA0,0x004D4ABE,sub_4D4AA0,ok
0x004D4AC0,0x004D4AE3,sub_4D4AC0,ok
0x004D4AF0,0x004D4B18,sub_4D4AF0,ok
0x004D4B20,0x004D4C14,sub_4D4B20,ok
0x004D4C20,0x004D4CC7,sub_4D4C20,ok
0x004D4CD0,0x004D4CFD,sub_4D4CD0,ok
0x004D4D00,0x004D4DCD,sub_4D4D00,ok
0x004D4DD0,0x004D4DE8,sub_4D4DD0,ok
0x004D4DF0,0x004D4EBE,_frexp,ok
0x004D4EC0,0x004D4EFF,_acos,ok
0x004D4F3B,0x004D4F4F,__CIacos_default,ok
0x004D4F58,0x004D5006,start_1,fail
0x004D5010,0x004D502F,__allshl,ok
0x004D5060,0x004D510D,_memchr,ok
0x004D5110,0x004D5128,__CIacos_pentium4,ok
0x004D512E,0x004D5664,start_2,ok
0x004D5670,0x004D56AF,_cos,ok
0x004D56B0,0x004D56FF,__CIcos,ok
0x004D5708,0x004D5799,start_3,fail
0x004D57A0,0x004D57DF,_sin,ok
0x004D57E0,0x004D582F,__CIsin,ok
0x004D5838,0x004D58C9,start_4,fail
0x004D58D0,0x004D58DA,sub_4D58D0,ok
0x004D58DA,0x004D58E4,sub_4D58DA,ok
0x004D58F0,0x004D5904,__CIsqrt,ok
0x004D5904,0x004D590D,_sqrt,ok
0x004D590D,0x004D59AA,start_5,fail
0x004D59B0,0x004D59EF,_atan,ok
0x004D59F0,0x004D5A3F,__CIatan,ok
0x004D5A48,0x004D5ACA,start_6,fail
0x004D5AD0,0x004D5B0F,_log,ok
0x004D5B10,0x004D5B5F,__CIlog,ok
0x004D5B68,0x004D5C20,start_7,fail
0x004D5C20,0x004D5CD2,__allrem,ok
0x004D5CE0,0x004D5CF8,__CIcos_pentium4,ok
0x004D5CFE,0x004D5E89,start_8,ok
0x004D5E90,0x004D5EA8,__CIsin_pentium4,ok
0x004D5EAE,0x004D6057,start_9,ok
0x004D6060,0x004D609C,fFASN,ok
0x004D609C,0x004D60CC,AugmentSinCos,ok
0x004D60CC,0x004D60D5,__rtpiby2,ok
0x004D60D5,0x004D60E5,_rtforatn20,ok
0x004D60E5,0x004D60E6,postv,ok
0x004D60F8,0x004D6108,_rtforatnby0,ok
0x004D6110,0x004D614E,__cintrindisp2,ok
0x004D614E,0x004D618B,__cintrindisp1,ok
0x004D618B,0x004D61CC,__ctrandisp2,ok
0x004D61CC,0x004D61D3,ctranexit,ok
0x004D61D3,0x004D631A,cintrinexit,ok
0x004D631A,0x004D634D,__ctrandisp1,ok
0x004D634D,0x004D6389,__fload,ok
0x004D6390,0x004D63A8,__CIatan_pentium4,ok
0x004D63AE,0x004D667B,start_10,ok
0x004D6680,0x004D6698,__CIlog_pentium4,ok
0x004D669E,0x004D68EC,start_11,ok
0x004D9F80,0x004D9F91,sub_4D9F80,ok
0x004D9FA0,0x004D9FB6,sub_4D9FA0,ok
0x004D9FC0,0x004D9FE4,sub_4D9FC0,ok
0x004DA000,0x004DA024,sub_4DA000,ok
0x004DA030,0x004DA03A,sub_4DA030,ok
0x004DA040,0x004DA04A,sub_4DA040,ok
0x004DA050,0x004DA064,sub_4DA050,ok
0x004DA070,0x004DA084,sub_4DA070,ok
0x004DA084,0x004DA098,sub_4DA084,ok
